spotify_track_uri,track,artist,album,ms_played,mbid,release_year,artist_mbid,artist_name,error
spotify:track:0blkVa3NPwan2C2OueZWz1,The Wallflower Equation,Vylet Pony,Monarch of Monsters,51301149,56e1d18c-8b2b-4b2a-ab77-44d7a945d3c3,2024,6a84105c-af0a-4367-8d54-e7dd6ceb19af,Vylet Pony,
spotify:track:4TZo49HN2MkbWmHMTf4NcH,Octavarium,Dream Theater,Octavarium,164376088,e0c8ccf5-7e56-412a-95c4-3d99d7b38153,,28503ab7-8bf2-4666-a7bd-2644bfc7cb1d,Dream Theater,
spotify:track:6Em6BtxvTsQrXFsFVzAEym,I'm Gone,Oliver Tree,Ugly is Beautiful,51237518,92009b37-184e-470d-8f9b-68e6e857b787,2021,1fa3bded-908f-47be-9784-3c9ef850682b,Oliver Tree,
spotify:track:1DWZUa5Mzf2BwzpHtgbHPY,Good News,Mac Miller,Circles,122801494,4e792d3f-a2c1-43b6-ad25-6a1febb86f2d,2020,a0e8a1b1-5f8f-475a-a253-17415c17d0ff,Mac Miller,
spotify:track:7tFiyTwD0nx5a1eklYtX2J,Bohemian Rhapsody - Remastered 2011,Queen,A Night At The Opera,120153092,46fe768c-7b38-4147-9f02-815b9f0759e2,,0383dadf-2a4e-4d10-a46a-e9e041da8eb3,Queen,
spotify:track:0tkBOcK7oRVXQJY97zzSvr,Telescope,Cage The Elephant,Melophobia,50534435,f6cfcf2c-0b87-408b-be0f-6bf060e7b7fa,2013,b41b38d4-ef3e-4f37-8c75-cfe9af999696,Cage the Elephant,
spotify:track:5bJ1DrEM4hNCafcDd1oxHx,Self Care,Mac Miller,Swimming,114973717,eaa56493-9460-46bc-8094-1cd3fa03e6c2,,a0e8a1b1-5f8f-475a-a253-17415c17d0ff,Mac Miller,
spotify:track:0q6LuUqGLUiCPP1cbdwFs3,On Melancholy Hill,Gorillaz,Plastic Beach,49859466,f79f99ee-927f-402a-96ba-9c90eb639737,2010,e21857d5-3256-4547-afb3-4b6ded592596,Gorillaz,
spotify:track:3Ev7BBcXJ1ZhTMkmdkj5q7,Lovedrug (Off That),Rav,New Moon,108883428,,,,,wrong_artist
spotify:track:2LNV0347QKt4AHxRSfCBij,Talk Tonight - Remastered,Oasis,(What's The Story) Morning Glory? (Deluxe Remastered Edition),49748735,bd3d2af4-0157-4446-9726-ef5ac1e511a4,1996,39ab1aed-75e0-4140-bd47-540276886b60,Oasis,
spotify:track:76tGvMdmFKuiMew33ZNNA9,Lover Is a Day,Cuco,wannabewithu,106559267,4a5cc20b-dbfa-4dc0-9147-d41ceb57332d,2016,ff1cafa3-7ed4-4ed2-afbb-d1f263d607a8,Cuco,
spotify:track:2YlZnw2ikdb837oKMKjBkW,Like I'm Gonna Lose You (feat. John Legend),Meghan Trainor,Title,49503686,,,,,no_match
spotify:track:46D2CQhzlhxCtSma0XM2S7,Sludge,Vylet Pony,Monarch of Monsters,84294947,25c19073-8289-4ae8-be7a-06cf1c1251e4,2024,6a84105c-af0a-4367-8d54-e7dd6ceb19af,Vylet Pony,
spotify:track:40riOy7x9W7GXjyGp4pjAv,Hotel California - 2013 Remaster,Eagles,Hotel California,49477763,,,,,no_match
spotify:track:6mFkJmJqdDVQ1REhVfGgd1,Wish You Were Here,Pink Floyd,Wish You Were Here,81931383,aa526188-8d9e-4691-a6a0-5fc891b2ae4b,1994,83d91898-7763-47d7-b03b-b92132375c47,Pink Floyd,
spotify:track:69gBAQdpxvCsw34Bbf8MnD,The Stage,Avenged Sevenfold,The Stage,49103183,6354e6ad-f6fb-4e6f-8d95-42cde8bc29c8,2016,24e1b53c-3085-4581-8472-0b0088d2508c,Avenged Sevenfold,
spotify:track:0Zh3tKIphLOvQux4dA6PFZ,Mama,My Chemical Romance,The Black Parade,80957946,718fac86-d056-4555-9dec-7d9a16ae522d,2011,c07f0676-9143-4217-8a9f-4c26bd636f13,My Chemical Romance,
spotify:track:1pyljdnXoCMK6KBchy8WCk,Fallin (Temptation),grandson,a modern tragedy vol. 2,49075438,172482c1-5d55-4a4a-ae4c-f92c3e139244,2019,cc699fe3-db51-4837-928f-8f712c61a01a,grandson,
spotify:track:0s58fNrvimb1xMwPF0T35r,Higher,Avenged Sevenfold,The Stage,80920402,14823303-6eec-43de-981d-9745a4886e1c,2016,24e1b53c-3085-4581-8472-0b0088d2508c,Avenged Sevenfold,
spotify:track:2PmdqEOn4UhdPO8uCuMHww,This Dying Soul,Dream Theater,Train of Thought,49055484,46111947-117f-40b9-80f9-db96b5ef486d,,28503ab7-8bf2-4666-a7bd-2644bfc7cb1d,Dream Theater,
spotify:track:7d6qX28ITEgBUhCJ86SeYq,Right Before My Eyes - Unpeeled,Cage The Elephant,Unpeeled,78281968,,,,,no_match
spotify:track:3UmaczJpikHgJFyBTAJVoz,Stan,Eminem,The Marshall Mathers LP,48969770,b65e82b5-e28c-4aea-a445-d97d3ccadab3,2025,b95ce3ff-3d05-4e87-9e01-c97b66af13d4,Eminem,
spotify:track:5kYhvoTzP1xwiEQBzKAbyh,Angels,Avenged Sevenfold,The Stage,75906256,fc6fc98f-a0ac-4dab-8aac-c931d8722716,2016,24e1b53c-3085-4581-8472-0b0088d2508c,Avenged Sevenfold,
spotify:track:0xtIp0lgccN85GfGOekS5L,Yes I'm Changing,Tame Impala,Currents,48727858,f6685670-fd58-4ea1-84f0-31485aee8eaf,,63aa26c3-d59b-4da4-84ac-716b54f1ef4d,Tame Impala,
spotify:track:5hheGdf1cb4rK0FNiedCfK,The Devil in I,Slipknot,.5: The Gray Chapter,74297305,5339c08f-9ab7-424e-b0b2-4746c22184c3,2017,a466c2a2-6517-42fb-a160-1087c3bafd9f,Slipknot,
spotify:track:7wvwXi9Z66dcH5t202vVkN,Will He,Joji,In Tongues (Deluxe),48420675,9303eed7-cda3-44af-9fb2-5d783cbee210,2017,8264722b-df00-467a-858e-5c97cda169c9,Joji,
spotify:track:1BLfQ6dPXmuDrFmbdfW7Jl,A Little Piece of Heaven,Avenged Sevenfold,Avenged Sevenfold,71140678,c927d63e-f2fd-4b08-80b9-0ae0998ecfe6,2020,24e1b53c-3085-4581-8472-0b0088d2508c,Avenged Sevenfold,
spotify:track:3dd1Mjg1YpAaQPEaG26yUA,BLUEBIRD,Ben Beal,BLUEBIRD,48129436,90d8309d-df10-4cba-83ab-736aadbe0eba,2020,921ab387-f3b5-4392-8583-adfff42aff23,Ben Beal,
spotify:track:2DFjsxMqGUFpN4e9Xetqwx,Worth,Rav,SKIN,71036930,c10c7a1f-c00d-4973-a4cc-9c6d11578315,2020,dd2ae026-4144-4ee3-a7b4-09434a465c34,Rav,
spotify:track:09pKnVI4uEh31Vvz7lVggD,The Root of All Evil,Dream Theater,Octavarium,47801496,76a80b20-ac55-4cd4-853d-b43038866fb8,,28503ab7-8bf2-4666-a7bd-2644bfc7cb1d,Dream Theater,
spotify:track:53jogSv23P6DFcOHcZrDs9,Save Me,Avenged Sevenfold,Nightmare,70838658,9756b39d-2504-4625-bcce-41bf1c297590,2010,24e1b53c-3085-4581-8472-0b0088d2508c,Avenged Sevenfold,
spotify:track:3sHH7lklbfpcraDDvYnjo7,Bat Country,Avenged Sevenfold,City of Evil,46463054,3d26d2f0-7a20-4f20-ae93-ef5ed4ed48fe,2005,24e1b53c-3085-4581-8472-0b0088d2508c,Avenged Sevenfold,
spotify:track:2q7lLGG4xhUlluVKDHas2D,Never Enough,Dream Theater,Octavarium,70809036,504a9e4f-d30f-4c83-96db-1d57ee6c63fb,,28503ab7-8bf2-4666-a7bd-2644bfc7cb1d,Dream Theater,
spotify:track:3sm9P6PgKzatTgyiyj0IzQ,Bury Me Alive,Oliver Tree,Ugly is Beautiful,46462519,e96330a4-bf5e-4b4d-90d8-3aad09a08329,2020,1fa3bded-908f-47be-9784-3c9ef850682b,Oliver Tree,
spotify:track:6LkimGaq63NPvSokpdOoPU,Over Again,Mike Shinoda,Post Traumatic,69807641,0b2978ac-ddca-44fa-80aa-7a10beb476b2,2018,c262b6bf-be56-4b26-bceb-42d7a27342f3,Mike Shinoda,
spotify:track:7x8dCjCr0x6x2lXKujYD34,The Pretender,Foo Fighters,"Echoes, Silence, Patience & Grace",46340523,c5066aaa-4f3a-479e-9985-5b168b5f5ba4,2015,67f66c07-6e61-4026-ade5-7e782fad3a5d,Foo Fighters,
spotify:track:5OuJTtNve7FxUX82eEBupN,Tommy's Party,Peach Pit,Being So Normal,68896558,ac45134e-3878-497c-a175-dcaafc0de350,2017,1888892a-06b7-4bbd-b0a1-3ffde01e4094,Peach Pit,
spotify:track:6hz6lrQtLcxOOjflnYjF9o,As I Am,Dream Theater,Train of Thought,46173555,14d586b1-4a31-4e93-a4b9-3c3eb363dfb6,,28503ab7-8bf2-4666-a7bd-2644bfc7cb1d,Dream Theater,
spotify:track:3N9oroC8EQ1qUVWPCzIsLE,PLOT TWIST,RealLiveAnimals,PLOT TWIST,68075683,,,,,no_match
spotify:track:3qbqWUDl9j09PeBaQ6CZgr,Introvert (feat. Joji),Rich Brian,Amen,45910044,,,,,no_match
spotify:track:0kwbhAzmXoEfv1XAccsLGh,Dying In A Hot Tub,Palaye Royale,Boom Boom Room,65855199,fb1c8f9b-f5dd-43ae-bb58-bea1ff3ce104,2018,669b08a0-2144-4800-a446-1522cfef228c,Palaye Royale,
spotify:track:5axwj3ekvw85989jjO8Ov8,Panic Attack,Dream Theater,Octavarium,45909191,8b495dc7-7955-4ae7-a67f-91a6d63f7951,2006,28503ab7-8bf2-4666-a7bd-2644bfc7cb1d,Dream Theater,
spotify:track:1HYqyWvgu8b534DFnqS5SZ,Conversations with Gravity,Kill Bill: The Rapper,Ramona,65276124,f5f95ef6-2cc1-463a-89f1-a5cbf31ec424,2016,7ff25558-3e85-4ffd-9da9-88c9e4af6a2d,Kill Bill: The Rapper,
spotify:track:2HhIDpOzEhyngnQSBvstX0,Addlerall,Rav,Beneath the Toxic Jungle,45885116,5df5a8b3-8407-41e7-be02-96e5ae9f8d5b,2015,dd2ae026-4144-4ee3-a7b4-09434a465c34,Rav,
spotify:track:04zxGiXcmNQ0m9oDXtwo18,Busted and Blue,Gorillaz,Humanz,65209551,745e1cf7-1295-4d78-9845-7fba0e36375a,2017,e21857d5-3256-4547-afb3-4b6ded592596,Gorillaz,
spotify:track:1LwxKVSBicGOKRXeNY00kR,Hunter,Ken Ashcorp,Hunter,45790095,2aac71fe-e6b8-43e7-b98f-ead93ee03bbf,2015,4135b794-b15e-492f-bf0b-6fccfc1c0b8a,Ken Ashcorp,
spotify:track:1fQaoh3imrMunWVZh5kf90,Shepherd of Fire,Avenged Sevenfold,Hail to the King,45387309,0a4ff66c-231f-422e-bf44-8346ed1fba10,2014,24e1b53c-3085-4581-8472-0b0088d2508c,Avenged Sevenfold,
spotify:track:2TjdnqlpwOjhijHCwHCP2d,The Great Gig in the Sky,Pink Floyd,The Dark Side of the Moon,63594276,252637b7-5e0d-4a98-a194-e189416270b8,1993,83d91898-7763-47d7-b03b-b92132375c47,Pink Floyd,
spotify:track:1TKTiKp3zbNgrBH2IwSwIx,Us and Them,Pink Floyd,The Dark Side of the Moon,44859757,58302f59-70fa-49a1-9485-273239c03f18,1999,83d91898-7763-47d7-b03b-b92132375c47,Pink Floyd,
spotify:track:0VgKHBRCxOKf1YAlo4Zrqd,Mighty & High,Can't Stop Won't Stop,Mighty & High,62270526,fc0a074f-05e2-4f8c-9685-4f78ec9a0976,2015,2ae9b1a5-1c8d-4ad5-85a7-65b6ea03320b,Can’t Stop Won’t Stop,
spotify:track:1boXOL0ua7N2iCOUVI1p9F,Japanese Denim,Daniel Caesar,Get You - Single,44759481,ae7dab5c-8429-4d00-8dce-afeff37185d8,2016,b46e298d-d3a5-4695-a03e-63e8c523b23e,Daniel Caesar,
spotify:track:3WpYEw9dDXHyfLJIKIos97,Anthem of the World - Remastered 2016,Stratovarius,Destiny (Reissue 2016),62046547,cde61c2d-b881-4b0e-9952-8c928a5aa1dd,1998,c3d6fdd5-67c5-453e-87e3-d17a00a52879,Stratovarius,
spotify:track:7Ks4VCY1wFebnOdJrM13t6,Wesley's Theory,Kendrick Lamar,To Pimp A Butterfly,44359539,c47d12de-2982-4875-8200-ad47b6e3c68d,2015,381086ea-f511-4aba-bdf9-71c753dc5077,Kendrick Lamar,
spotify:track:6haHIyPMUnVCZn6pHpyzM8,"Not Ready to Die - From ""Call of the Dead""",Avenged Sevenfold,Not Ready to Die,61990540,,,,,no_match
spotify:track:4JwxJm8zCPbc1DMcfVdbBl,Wish You Were Here,Avenged Sevenfold,The Stage,61378930,1b504abf-38fc-499e-991f-328c528f22ab,2017,24e1b53c-3085-4581-8472-0b0088d2508c,Avenged Sevenfold,
spotify:track:0foUqfFNnzCnlSroyvsONr,Remenissions,Avenged Sevenfold,Waking The Fallen,44333458,07881606-774b-4620-94dd-34ab764427b9,2003,24e1b53c-3085-4581-8472-0b0088d2508c,Avenged Sevenfold,
spotify:track:3RLRQeOb49sPaosxpfWsAk,Dirge,Rav,New Moon,59812270,,,,,wrong_artist
spotify:track:3ofHxyM8U5B2o8JHffaOLa,Evolution (The Grand Design),Symphony X,V: The New Mythology Suite,43715903,db06949c-3338-4bad-88e8-6b13d9227b42,,b669c53e-5a1f-4adc-80be-755e64e8115e,Symphony X,
spotify:track:7a1D98IVXyVBKsq40imjyg,Overdose,grandson,a modern tragedy vol. 1,59666756,f5d7bd34-8e0d-4317-837b-798062dc5aa8,2019,cc699fe3-db51-4837-928f-8f712c61a01a,grandson,
spotify:track:1Ed9ajrWCXoibfLvCHya8c,Backwoods,Kill Bill: The Rapper,Ramona,43643494,19f4d67b-9d4a-41f2-8aff-c0ac572afd3f,2016,7ff25558-3e85-4ffd-9da9-88c9e4af6a2d,Kill Bill: The Rapper,
spotify:track:4H2x38N2IZAkZZM69WD1SH,Victim,Avenged Sevenfold,Nightmare,59130305,970b7969-a747-4164-9e47-25afaefa18cc,2010,24e1b53c-3085-4581-8472-0b0088d2508c,Avenged Sevenfold,
spotify:track:5mFZdkeQqQiXDceXuqxlwE,Baby Blue,Deafheaven,New Bermuda,43580979,8d8662aa-f1b0-4210-a873-12afc35c1a5d,2015,f4ccf6c5-ad41-4f8f-bb9e-6e2c6ad23302,Deafheaven,
spotify:track:1kwnxJNVl7cwcU98RvMBaR,Surf,Mac Miller,Circles,57661431,07780adb-b905-442c-8ecb-e7439a87e0d3,2020,a0e8a1b1-5f8f-475a-a253-17415c17d0ff,Mac Miller,
spotify:track:0rKtyWc8bvkriBthvHKY8d,SLOW DANCING IN THE DARK,Joji,BALLADS 1,43492236,c06d697f-0199-4af2-8e8b-6c84f7e21660,2018,8264722b-df00-467a-858e-5c97cda169c9,Joji,
spotify:track:4veeNpXDK1YRHMTJ1Cppsg,Buried Alive,Avenged Sevenfold,Nightmare,56451701,f6ed093c-baba-4370-89d8-0e03e7490870,2010,24e1b53c-3085-4581-8472-0b0088d2508c,Avenged Sevenfold,
spotify:track:6FVYwnVrnAEIRnY3bHJb46,Beast and the Harlot,Avenged Sevenfold,City of Evil,43402899,501c82dd-9883-446d-9edb-eab3bea5c535,2006,24e1b53c-3085-4581-8472-0b0088d2508c,Avenged Sevenfold,
spotify:track:0haXiRi57j2xQo5a3WkzqV,Lonely,Palaye Royale,The Bastards,55841339,3e086f21-cdff-4280-b97a-c763c2a186d7,2020,669b08a0-2144-4800-a446-1522cfef228c,Palaye Royale,
spotify:track:4XxHeXJejBkjbCljjSHOck,Time-Tested,Rav,Time-Tested,55499967,6e0fd97e-9996-4385-9d4b-c94637a6ea79,2021,dd2ae026-4144-4ee3-a7b4-09434a465c34,Rav,
spotify:track:4QhWbupniDd44EDtnh2bFJ,Pyramids,Frank Ocean,channel ORANGE,43324331,6663470e-57d7-450a-bbf5-be672640d14e,2012,e520459c-dff4-491d-a6e4-c97be35e0044,Frank Ocean,
spotify:track:5HaYRuf3zAfCb8RSO9LLea,Child,MARK,Child - SM STATION : NCT LAB,43084457,078d259e-fd05-4394-91df-1b645f9b4385,2022,1d673024-a339-4b97-9f41-52cdc47498c6,MARK,
spotify:track:5wQnmLuC1W7ATsArWACrgW,Welcome to the Black Parade,My Chemical Romance,The Black Parade,55290759,69bae5e5-86fb-4eeb-9cf6-897cda881b75,2007,c07f0676-9143-4217-8a9f-4c26bd636f13,My Chemical Romance,
spotify:track:56sdcbPR74RxqmKVbQzJ8s,Daydream (백일몽),j-hope,Hope World,42818834,,,,,no_match
spotify:track:1PpLfxFkX0gNBR2qhAOxiS,About Last Night...,Kill Bill: The Rapper,Ramona,54489083,,,,,no_match
spotify:track:4p9ip3oAU1pB5b5PahVmd1,You Fuckers Were Asking for This One - Boin Edit,Rav,You Fuckers Were Asking for This One,42651218,cea035f2-7b32-4aea-93ee-676e1897779a,2019,dd2ae026-4144-4ee3-a7b4-09434a465c34,Rav,
spotify:track:54bm2e3tk8cliUz3VSdCPZ,Master of Puppets (Remastered),Metallica,Master of Puppets (Remastered Deluxe Box Set),54131412,,,,,no_match
spotify:track:05998HIBmGYv6qgqJgRCCJ,A Better Place,Rav,Beneath the Toxic Jungle,42222871,03b10fde-fd4f-4f3f-8144-1446bc909241,2015,dd2ae026-4144-4ee3-a7b4-09434a465c34,Rav,
spotify:track:7zAt4tdL44D3VuzsvM0N8n,Afterlife,Avenged Sevenfold,Avenged Sevenfold,54069207,aab4d4a0-151d-4688-b390-b0ee51fc6923,2008,24e1b53c-3085-4581-8472-0b0088d2508c,Avenged Sevenfold,
spotify:track:13KbVZat4zUlwWDrdM4F1R,Dream Eater,Kill Bill: The Rapper,Ramona,42215455,,,,,no_match
spotify:track:4hNAvUCdwOdsnuiHayERXQ,Canary Yellow,Deafheaven,Ordinary Corrupt Human Love,53310323,0ddcd54c-97a7-41f0-9fb3-aecb2fd8decc,2018,f4ccf6c5-ad41-4f8f-bb9e-6e2c6ad23302,Deafheaven,
spotify:track:5o8OdhjVZSF2wCj7M8UpMN,Natural Born Killer,Avenged Sevenfold,Nightmare,42084413,cc143e19-fdb3-4db1-8fc1-670f60d1039a,2010,24e1b53c-3085-4581-8472-0b0088d2508c,Avenged Sevenfold,
spotify:track:3muNQv1Ctk9NwzksJA1z5c,Strength of the World,Avenged Sevenfold,City of Evil,52363027,f292b33f-258c-4dd0-983d-2dd5a0e7de38,2005,24e1b53c-3085-4581-8472-0b0088d2508c,Avenged Sevenfold,
spotify:track:3Y4rUyw7XBCK6hGHCOt6rp,"Call It Fate, Call It Karma",The Strokes,Comedown Machine,41830979,f77547b6-b113-485b-a327-1ecb3325c47a,2013,f181961b-20f7-459e-89de-920ef03c7ed0,The Strokes,
spotify:track:4IHVtUTV8CZD1KPV6bPJWK,Get Mine II,Rav,Beneath the Toxic Jungle,51572238,8082340e-bbfa-4274-9d4c-9bf938ccad05,2015,dd2ae026-4144-4ee3-a7b4-09434a465c34,Rav,
spotify:track:1IQA94xRaglDugVwKKL4vI,Philautia,samlrc,A Lonely Sinner,41804494,8bafd954-b398-4c98-bd0b-67d38c746c25,2024,c9b8053b-e81d-486c-b117-dc15bd3bb604,samlrc,
spotify:track:0blkVa3NPwan2C2OueZWz1,The Wallflower Equation,Vylet Pony,Monarch of Monsters,51301149,56e1d18c-8b2b-4b2a-ab77-44d7a945d3c3,2024,6a84105c-af0a-4367-8d54-e7dd6ceb19af,Vylet Pony,
spotify:track:4UEo1b0wWrtHMC8bVqPiH8,Nightmare,Avenged Sevenfold,Nightmare,40910480,402d3408-2680-4605-a4c7-a177ce1c0fd8,2010,24e1b53c-3085-4581-8472-0b0088d2508c,Avenged Sevenfold,
spotify:track:6Em6BtxvTsQrXFsFVzAEym,I'm Gone,Oliver Tree,Ugly is Beautiful,51237518,92009b37-184e-470d-8f9b-68e6e857b787,2021,1fa3bded-908f-47be-9784-3c9ef850682b,Oliver Tree,
spotify:track:0DkmhHO4yyqCJFjosmmWPU,Almost Easy,Avenged Sevenfold,Avenged Sevenfold,40650159,603f4eb5-f98d-43fc-abb2-c80e1cc86572,2008,24e1b53c-3085-4581-8472-0b0088d2508c,Avenged Sevenfold,
spotify:track:0tkBOcK7oRVXQJY97zzSvr,Telescope,Cage The Elephant,Melophobia,50534435,f6cfcf2c-0b87-408b-be0f-6bf060e7b7fa,2013,b41b38d4-ef3e-4f37-8c75-cfe9af999696,Cage the Elephant,
spotify:track:75n7mraeMycQOl2sDGYaTe,Mad Sounds,Arctic Monkeys,AM,40203145,76bb3941-f665-4e71-865b-92ec9c13003b,2014,ada7a83c-e3e1-40f1-93f9-3e73dbc9298a,Arctic Monkeys,
spotify:track:0N3W5peJUQtI4eyR6GJT5O,King Kunta,Kendrick Lamar,To Pimp A Butterfly,39797691,631dc1d0-e0bd-46ad-8c01-13ae6a3296b7,2020,381086ea-f511-4aba-bdf9-71c753dc5077,Kendrick Lamar,
spotify:track:0q6LuUqGLUiCPP1cbdwFs3,On Melancholy Hill,Gorillaz,Plastic Beach,49859466,f79f99ee-927f-402a-96ba-9c90eb639737,2010,e21857d5-3256-4547-afb3-4b6ded592596,Gorillaz,
spotify:track:3Jai674s9zQJJxsgsyRBHz,You Without End,Deafheaven,Ordinary Corrupt Human Love,39666318,3329d747-81d9-4ef8-9687-1101d89fed28,2018,f4ccf6c5-ad41-4f8f-bb9e-6e2c6ad23302,Deafheaven,
spotify:track:2LNV0347QKt4AHxRSfCBij,Talk Tonight - Remastered,Oasis,(What's The Story) Morning Glory? (Deluxe Remastered Edition),49748735,bd3d2af4-0157-4446-9726-ef5ac1e511a4,1996,39ab1aed-75e0-4140-bd47-540276886b60,Oasis,
spotify:track:5gUQFMygSLElrIgjLhaBq6,Running From My Shadow (feat. grandson),Mike Shinoda,Post Traumatic,39649898,,,,,no_match
spotify:track:2YlZnw2ikdb837oKMKjBkW,Like I'm Gonna Lose You (feat. John Legend),Meghan Trainor,Title,49503686,,,,,no_match
spotify:track:5LyRtsQLhcXmy50VXhQXXS,Holy Wars...The Punishment Due - 2004 Remix,Megadeth,Rust In Peace,39562410,,,,,no_match
spotify:track:40riOy7x9W7GXjyGp4pjAv,Hotel California - 2013 Remaster,Eagles,Hotel California,49477763,,,,,no_match
spotify:track:73RdXBA5oTmOr6furSPoti,Identity,grandson,Death Of An Optimist,39481774,0c046aa2-1169-4b17-bfaa-1cdeb798d801,2020,cc699fe3-db51-4837-928f-8f712c61a01a,grandson,
spotify:track:0ZK8TGOsngrstVPsnrHbK1,Peach Pit,Peach Pit,Sweet FA,39420870,16e44e53-4fd8-4be5-b5fc-2369e105f9ba,2016,1888892a-06b7-4bbd-b0a1-3ffde01e4094,Peach Pit,
spotify:track:69gBAQdpxvCsw34Bbf8MnD,The Stage,Avenged Sevenfold,The Stage,49103183,6354e6ad-f6fb-4e6f-8d95-42cde8bc29c8,2016,24e1b53c-3085-4581-8472-0b0088d2508c,Avenged Sevenfold,
spotify:track:1pyljdnXoCMK6KBchy8WCk,Fallin (Temptation),grandson,a modern tragedy vol. 2,49075438,172482c1-5d55-4a4a-ae4c-f92c3e139244,2019,cc699fe3-db51-4837-928f-8f712c61a01a,grandson,
spotify:track:4wOgNWU6Y6mixNZcimJqDv,A Liar's Funeral,Slipknot,We Are Not Your Kind,39256841,7f1f50e4-3c94-4885-b4de-45704505c656,2019,a466c2a2-6517-42fb-a160-1087c3bafd9f,Slipknot,
spotify:track:2PmdqEOn4UhdPO8uCuMHww,This Dying Soul,Dream Theater,Train of Thought,49055484,46111947-117f-40b9-80f9-db96b5ef486d,,28503ab7-8bf2-4666-a7bd-2644bfc7cb1d,Dream Theater,
spotify:track:7C9kXo2THfHdGPlaN78kg6,Wii Tennis,Splash Daddy,Wii Tennis,39244812,eaa7e5d2-ef97-4c4a-8730-880e038d81c8,2017,ab4cda60-2c0c-44db-a91c-72aa50c461aa,Splash Daddy,
spotify:track:3UmaczJpikHgJFyBTAJVoz,Stan,Eminem,The Marshall Mathers LP,48969770,b65e82b5-e28c-4aea-a445-d97d3ccadab3,2025,b95ce3ff-3d05-4e87-9e01-c97b66af13d4,Eminem,
spotify:track:1GfwrTKOzOxK2cfPcrMyuP,Show No Regret,Daniel Caesar,Pilgrim's Paradise,39208708,96658ffe-85b7-43eb-9bc0-90210b893111,2015,b46e298d-d3a5-4695-a03e-63e8c523b23e,Daniel Caesar,
spotify:track:0xtIp0lgccN85GfGOekS5L,Yes I'm Changing,Tame Impala,Currents,48727858,f6685670-fd58-4ea1-84f0-31485aee8eaf,,63aa26c3-d59b-4da4-84ac-716b54f1ef4d,Tame Impala,
spotify:track:1AAMj0EJJdOkErtr4HtEhS,Black Coffee,Kill Bill: The Rapper,Ramona,39144115,,,,,no_match
spotify:track:7wvwXi9Z66dcH5t202vVkN,Will He,Joji,In Tongues (Deluxe),48420675,9303eed7-cda3-44af-9fb2-5d783cbee210,2017,8264722b-df00-467a-858e-5c97cda169c9,Joji,
spotify:track:1mt1nZJe0fYnwbui17oxFX,Birdbath,Gezebelle Gaburgably,Gaburger,38905465,8b404622-af69-4500-823d-76b52067a2f8,2023,8d7739bb-ed4f-4015-91a5-11f93b1c94ab,Gezebelle Gaburgably,
spotify:track:5mpUKTdskZea0gStWzeHUZ,Unsainted,Slipknot,We Are Not Your Kind,38757818,f8d222b7-1478-4d8d-ab6b-48bee1a7da45,,a466c2a2-6517-42fb-a160-1087c3bafd9f,Slipknot,
spotify:track:7yMiX7n9SBvadzox8T5jzT,Clint Eastwood,Gorillaz,Gorillaz,38662714,e5a53175-0f5d-4eaf-a54e-c69c0b4a96e8,2005,e21857d5-3256-4547-afb3-4b6ded592596,Gorillaz,
spotify:track:73jLhrKOby9QOBdAdpnsOl,La Casa,Caramelos De Cianuro,Caramelos de Cianuro,38534726,3406d030-af62-4143-b218-c240535ed159,2012,3ee62edc-3521-4c39-89ce-081aafa79c00,Caramelos de Cianuro,
spotify:track:02YXYTdPKzfYhAhMjiOEK9,Fall into the Light,Dream Theater,Distance Over Time,38387624,e18f2878-cd74-41b2-9711-45f2479d342f,2020,28503ab7-8bf2-4666-a7bd-2644bfc7cb1d,Dream Theater,
spotify:track:5anCkDvJ17aznvK5TED5uo,Hail to the King,Avenged Sevenfold,Hail to the King,38373173,616d5df1-cef3-4dd3-b796-5065e0e4d5ba,2013,24e1b53c-3085-4581-8472-0b0088d2508c,Avenged Sevenfold,
spotify:track:7Hr1Ignop7cymbE3FbOtXa,So Far Away,Avenged Sevenfold,Nightmare,38008977,04dc28b7-ea28-48a0-a912-9bb4f5cd3131,2010,24e1b53c-3085-4581-8472-0b0088d2508c,Avenged Sevenfold,
spotify:track:4PdbqXOVsdKC0dOz6QeDbI,Chinatown,Kill Bill: The Rapper,Ramona,37944021,,,,,no_match
spotify:track:39ZiU2QVBvDQzeepJjg8tp,Blinded in Chains,Avenged Sevenfold,City of Evil,37889684,225825b9-19d6-4180-b6c0-a4000caa3ddf,2005,24e1b53c-3085-4581-8472-0b0088d2508c,Avenged Sevenfold,
spotify:track:5cbpoIu3YjoOwbBDGUEp3P,Car Radio,Twenty One Pilots,Vessel,37650691,eab6b93d-5775-4f96-9274-ed4ef78d2058,2011,a6c6897a-7415-4f8d-b5a5-3a5e05f3be67,twenty one pilots,
spotify:track:07ivDiCg2mWDiwV4nG8zyC,Loved,FEiN,Loved,37319936,b5620b56-2fba-4bee-af30-779168520365,,386b5a6a-86f0-4a29-83e4-447056fa6196,FEiN,
spotify:track:5eDwoZdv3Qftzs8ijKviYg,Too Much Love Will Kill You - Remastered 2011,Queen,Made in Heaven,37171902,3737bb80-b01d-46ad-89b0-464aebbe0735,1996,0383dadf-2a4e-4d10-a46a-e9e041da8eb3,Queen,
spotify:track:6y4ySPeb68KGoAi1dk130F,Oblivius,The Strokes,Future Present Past,37107693,009c35c4-8a10-4e82-8c1f-e12414f94962,2016,f181961b-20f7-459e-89de-920ef03c7ed0,The Strokes,
spotify:track:5eo7AEu5JX2cXsaPW98AE2,Flatironlake,Rav,Flatironlake,36981406,,,,,wrong_artist
spotify:track:0725YWm6Z0TpZ6wrNk64Eb,Super Rich Kids,Frank Ocean,channel ORANGE,36971982,173c6ba9-afe5-4957-b58a-e1d054fbe3c7,2013,e520459c-dff4-491d-a6e4-c97be35e0044,Frank Ocean,
spotify:track:3dd1Mjg1YpAaQPEaG26yUA,BLUEBIRD,Ben Beal,BLUEBIRD,48129436,,,,,<urlopen error timed out>
spotify:track:2pONuBYwWrNm9jcJH6hmPc,Sleep,My Chemical Romance,The Black Parade,36922296,bedfcd16-9f46-44ca-9759-7ebf535b5d34,2007,c07f0676-9143-4217-8a9f-4c26bd636f13,My Chemical Romance,
spotify:track:09pKnVI4uEh31Vvz7lVggD,The Root of All Evil,Dream Theater,Octavarium,47801496,76a80b20-ac55-4cd4-853d-b43038866fb8,,28503ab7-8bf2-4666-a7bd-2644bfc7cb1d,Dream Theater,
spotify:track:6gDXbcILAyBa2skSdbUYq7,Hurt,Christina Aguilera,Back To Basics,36540794,ca9f5172-b85b-46c8-8de8-20c4f0909ce3,,b202beb7-99bd-47e7-8b72-195c8d72ebdd,Christina Aguilera,
spotify:track:3sHH7lklbfpcraDDvYnjo7,Bat Country,Avenged Sevenfold,City of Evil,46463054,3d26d2f0-7a20-4f20-ae93-ef5ed4ed48fe,2005,24e1b53c-3085-4581-8472-0b0088d2508c,Avenged Sevenfold,
spotify:track:5sEcwMeC3QDnSOWlyQyQ3E,Moth Into Flame,Metallica,Hardwired…To Self-Destruct,36508689,d748e04d-4b62-49ee-83e8-144d74c693b2,2019,65f4f0c5-ef9e-490c-aee3-909e7ae6b2ab,Metallica,
spotify:track:3sm9P6PgKzatTgyiyj0IzQ,Bury Me Alive,Oliver Tree,Ugly is Beautiful,46462519,e96330a4-bf5e-4b4d-90d8-3aad09a08329,2020,1fa3bded-908f-47be-9784-3c9ef850682b,Oliver Tree,
spotify:track:7x8dCjCr0x6x2lXKujYD34,The Pretender,Foo Fighters,"Echoes, Silence, Patience & Grace",46340523,c5066aaa-4f3a-479e-9985-5b168b5f5ba4,2015,67f66c07-6e61-4026-ade5-7e782fad3a5d,Foo Fighters,
spotify:track:1ZPeaPDjQOOC8hw1mNjyjF,Pied Piper,BTS,Love Yourself 承 'Her',36435508,096c01bf-921b-4ca5-897b-ce51cd118e8a,2017,0d79fe8e-ba27-4859-bb8c-2f255f346853,BTS,
spotify:track:6hz6lrQtLcxOOjflnYjF9o,As I Am,Dream Theater,Train of Thought,46173555,14d586b1-4a31-4e93-a4b9-3c3eb363dfb6,,28503ab7-8bf2-4666-a7bd-2644bfc7cb1d,Dream Theater,
spotify:track:5Tf5D6YCSLpCqjSUVnA22t,You Tore Out My Heart,Tiny Little Houses,You Tore Out My Heart,36402122,06e91f60-ba52-453e-ba84-0f17aecc170d,2015,d047ca22-c66d-4a86-a1b8-89d00c675d85,Tiny Little Houses,
spotify:track:3qbqWUDl9j09PeBaQ6CZgr,Introvert (feat. Joji),Rich Brian,Amen,45910044,,,,,no_match
spotify:track:42UuBal9QbXTc7E4cJTzEA,Demons,Avenged Sevenfold,Diamonds in the Rough,36380262,499cf1f5-fc0b-49ae-b87b-e27d3206b61d,2008,24e1b53c-3085-4581-8472-0b0088d2508c,Avenged Sevenfold,
spotify:track:5axwj3ekvw85989jjO8Ov8,Panic Attack,Dream Theater,Octavarium,45909191,8b495dc7-7955-4ae7-a67f-91a6d63f7951,2006,28503ab7-8bf2-4666-a7bd-2644bfc7cb1d,Dream Theater,
spotify:track:1EzrEOXmMH3G43AXT1y7pA,I'm Yours,Jason Mraz,We Sing. We Dance. We Steal Things.,36250737,45537914-3422-4893-ac1f-683269d57578,2007,82eb8936-7bf6-4577-8320-a2639465206d,Jason Mraz,
spotify:track:5CQ30WqJwcep0pYcV4AMNc,Stairway to Heaven - Remaster,Led Zeppelin,Led Zeppelin IV,36137711,c5489941-46b2-48d5-a13b-f052df50113f,2022,678d88b2-87b0-403b-b63d-5da7465aecc3,Led Zeppelin,
spotify:track:2HhIDpOzEhyngnQSBvstX0,Addlerall,Rav,Beneath the Toxic Jungle,45885116,5df5a8b3-8407-41e7-be02-96e5ae9f8d5b,2015,dd2ae026-4144-4ee3-a7b4-09434a465c34,Rav,
spotify:track:41WcmdweTbIJAc8tiOR6xw,Oh Comely,Neutral Milk Hotel,In the Aeroplane Over the Sea,36098592,de1d6c03-9f77-486f-947f-96dc66b1d28d,,a506f761-2c22-4b2f-8a94-bd748c2c8f75,Neutral Milk Hotel,
spotify:track:1LwxKVSBicGOKRXeNY00kR,Hunter,Ken Ashcorp,Hunter,45790095,2aac71fe-e6b8-43e7-b98f-ead93ee03bbf,2015,4135b794-b15e-492f-bf0b-6fccfc1c0b8a,Ken Ashcorp,
spotify:track:1jvaq9OAx9RmQj9AN0AGpZ,Vagabond (feat. Czarface),MISSIO,Can You Feel The Sun,35887487,,,,,no_match
spotify:track:1fQaoh3imrMunWVZh5kf90,Shepherd of Fire,Avenged Sevenfold,Hail to the King,45387309,0a4ff66c-231f-422e-bf44-8346ed1fba10,2014,24e1b53c-3085-4581-8472-0b0088d2508c,Avenged Sevenfold,
spotify:track:0vFOzaXqZHahrZp6enQwQb,Money,Pink Floyd,The Dark Side of the Moon,35692314,55125998-91f2-4c97-8677-3d370588a715,1994,83d91898-7763-47d7-b03b-b92132375c47,Pink Floyd,
spotify:track:1TKTiKp3zbNgrBH2IwSwIx,Us and Them,Pink Floyd,The Dark Side of the Moon,44859757,58302f59-70fa-49a1-9485-273239c03f18,1999,83d91898-7763-47d7-b03b-b92132375c47,Pink Floyd,
spotify:track:7ouMYWpwJ422jRcDASZB7P,Knights of Cydonia,Muse,Black Holes and Revelations,35398851,3ba1adbb-1a6b-46f8-96bb-f1f9adb25232,,9c9f1380-2516-4fc9-a3e6-f9f61941d090,Muse,
spotify:track:1boXOL0ua7N2iCOUVI1p9F,Japanese Denim,Daniel Caesar,Get You - Single,44759481,ae7dab5c-8429-4d00-8dce-afeff37185d8,2016,b46e298d-d3a5-4695-a03e-63e8c523b23e,Daniel Caesar,
spotify:track:2CtemffYhT0DJWcT1XW047,Nothing Else Matters (Remastered),Metallica,Metallica (Remastered),35184482,,,,,no_match
spotify:track:7Ks4VCY1wFebnOdJrM13t6,Wesley's Theory,Kendrick Lamar,To Pimp A Butterfly,44359539,c47d12de-2982-4875-8200-ad47b6e3c68d,2015,381086ea-f511-4aba-bdf9-71c753dc5077,Kendrick Lamar,
spotify:track:4BfvLwWWzENjV4lMV51nH0,Devil Fruit Smoothies,Rav,Beneath the Toxic Jungle,35165925,df58c532-2ff8-4341-b3eb-0f9d3bff34a0,2015,dd2ae026-4144-4ee3-a7b4-09434a465c34,Rav,
spotify:track:2INUkDPCO1eQlOFmIN5VAC,Shampoo Bottles,Peach Pit,You and Your Friends,35159817,4fa7f80e-22ab-4555-b381-6f2853773b58,2020,1888892a-06b7-4bbd-b0a1-3ffde01e4094,Peach Pit,
spotify:track:0foUqfFNnzCnlSroyvsONr,Remenissions,Avenged Sevenfold,Waking The Fallen,44333458,07881606-774b-4620-94dd-34ab764427b9,2003,24e1b53c-3085-4581-8472-0b0088d2508c,Avenged Sevenfold,
spotify:track:1Os2VQpm9aPGEY7yJXlMIP,WWIII,grandson,Death Of An Optimist,35113824,098ae7f0-acc2-46aa-afd4-8f5a0378ba42,2020,cc699fe3-db51-4837-928f-8f712c61a01a,grandson,
spotify:track:3ofHxyM8U5B2o8JHffaOLa,Evolution (The Grand Design),Symphony X,V: The New Mythology Suite,43715903,db06949c-3338-4bad-88e8-6b13d9227b42,,b669c53e-5a1f-4adc-80be-755e64e8115e,Symphony X,
spotify:track:0uBNqy6taLbUqTy605rCXV,Destroy Me,grandson,a modern tragedy vol. 3,35077641,558bb01d-0be7-4c6a-aadb-0aa954b7d6d8,2019,cc699fe3-db51-4837-928f-8f712c61a01a,grandson,
spotify:track:1Ed9ajrWCXoibfLvCHya8c,Backwoods,Kill Bill: The Rapper,Ramona,43643494,19f4d67b-9d4a-41f2-8aff-c0ac572afd3f,2016,7ff25558-3e85-4ffd-9da9-88c9e4af6a2d,Kill Bill: The Rapper,
spotify:track:5mFZdkeQqQiXDceXuqxlwE,Baby Blue,Deafheaven,New Bermuda,43580979,8d8662aa-f1b0-4210-a873-12afc35c1a5d,2015,f4ccf6c5-ad41-4f8f-bb9e-6e2c6ad23302,Deafheaven,
spotify:track:4RAOI1etsgbh5NP3T5R8rN,I Don't Love You,My Chemical Romance,The Black Parade,34774608,fe680909-cbfa-42f0-ab8d-e5d67274b1be,2007,c07f0676-9143-4217-8a9f-4c26bd636f13,My Chemical Romance,
spotify:track:0rKtyWc8bvkriBthvHKY8d,SLOW DANCING IN THE DARK,Joji,BALLADS 1,43492236,c06d697f-0199-4af2-8e8b-6c84f7e21660,2018,8264722b-df00-467a-858e-5c97cda169c9,Joji,
spotify:track:5VlNOYN5NBdd67quEPeTsW,Save Face As...,Rav,Beneath the Toxic Jungle,34464413,c5dd7425-4447-489b-92aa-4cb20a9821ae,2015,dd2ae026-4144-4ee3-a7b4-09434a465c34,Rav,
spotify:track:0d28khcov6AiegSCpG5TuT,Feel Good Inc.,Gorillaz,Demon Days,34364212,e155ab72-ddc3-497a-994b-552cf191e0dd,2025,e21857d5-3256-4547-afb3-4b6ded592596,Gorillaz,
spotify:track:6FVYwnVrnAEIRnY3bHJb46,Beast and the Harlot,Avenged Sevenfold,City of Evil,43402899,501c82dd-9883-446d-9edb-eab3bea5c535,2006,24e1b53c-3085-4581-8472-0b0088d2508c,Avenged Sevenfold,
spotify:track:3YRCqOhFifThpSRFJ1VWFM,November Rain,Guns N' Roses,Use Your Illusion I,34330783,45062f76-28e9-426d-92ce-889a73e3d0e4,,eeb1195b-f213-4ce1-b28c-8565211f8e43,Guns N’ Roses,
spotify:track:4QhWbupniDd44EDtnh2bFJ,Pyramids,Frank Ocean,channel ORANGE,43324331,6663470e-57d7-450a-bbf5-be672640d14e,2012,e520459c-dff4-491d-a6e4-c97be35e0044,Frank Ocean,
spotify:track:7lwvxYumAEo10lzAplRGXM,The Unforgiven (Remastered),Metallica,Metallica (Remastered),34320155,,,,,no_match
spotify:track:5HaYRuf3zAfCb8RSO9LLea,Child,MARK,Child - SM STATION : NCT LAB,43084457,078d259e-fd05-4394-91df-1b645f9b4385,2022,1d673024-a339-4b97-9f41-52cdc47498c6,MARK,
spotify:track:56sdcbPR74RxqmKVbQzJ8s,Daydream (백일몽),j-hope,Hope World,42818834,,,,,no_match
spotify:track:6i4Qi1mJxXjqNIL9HfJhRs,Civil War,Guns N' Roses,Use Your Illusion II,34305371,940fb245-fcc0-48b8-89ae-08eb2dde1c8c,2011,eeb1195b-f213-4ce1-b28c-8565211f8e43,Guns N’ Roses,
spotify:track:4p9ip3oAU1pB5b5PahVmd1,You Fuckers Were Asking for This One - Boin Edit,Rav,You Fuckers Were Asking for This One,42651218,cea035f2-7b32-4aea-93ee-676e1897779a,2019,dd2ae026-4144-4ee3-a7b4-09434a465c34,Rav,
spotify:track:30aKW6aMkaaJvNLfD2Sua9,Art Of War,Anberlin,"Dark Is The Way, Light Is A Place",34215230,84ed1c2f-a6f8-4e8e-b1cc-ed8da4c1f3eb,2011,c648509e-9916-4c56-ab63-652a03da16dd,Anberlin,
spotify:track:05998HIBmGYv6qgqJgRCCJ,A Better Place,Rav,Beneath the Toxic Jungle,42222871,03b10fde-fd4f-4f3f-8144-1446bc909241,2015,dd2ae026-4144-4ee3-a7b4-09434a465c34,Rav,
spotify:track:0gsPInjPU6qsGGdLnpgTHD,Melting (feat. EASAE),Danny Olson,Melting (feat. EASAE),34202956,,,,,no_match
spotify:track:13KbVZat4zUlwWDrdM4F1R,Dream Eater,Kill Bill: The Rapper,Ramona,42215455,,,,,no_match
spotify:track:01z2fBGB8Hl3Jd3zXe4IXR,Come Back to Earth,Mac Miller,Swimming,34176303,74b43e55-c328-4034-a959-149b9cbc2072,,a0e8a1b1-5f8f-475a-a253-17415c17d0ff,Mac Miller,
spotify:track:5o8OdhjVZSF2wCj7M8UpMN,Natural Born Killer,Avenged Sevenfold,Nightmare,42084413,cc143e19-fdb3-4db1-8fc1-670f60d1039a,2010,24e1b53c-3085-4581-8472-0b0088d2508c,Avenged Sevenfold,
spotify:track:6SMHgPgNkhe9lneNTbgtel,Love and Happiness,Al Green,I'm Still in Love with You,34067166,15d6f898-932a-4c4f-81f1-3beb92b252ca,,fb7272ba-f130-4f0a-934d-6eeea4c18c9a,Al Green,
spotify:track:3Y4rUyw7XBCK6hGHCOt6rp,"Call It Fate, Call It Karma",The Strokes,Comedown Machine,41830979,f77547b6-b113-485b-a327-1ecb3325c47a,2013,f181961b-20f7-459e-89de-920ef03c7ed0,The Strokes,
spotify:track:710I1qNFgsZBCco12BvsXg,Simulation,Avenged Sevenfold,The Stage,33620610,2069f53e-3a3d-4343-8162-a793dc4dd7ec,2016,24e1b53c-3085-4581-8472-0b0088d2508c,Avenged Sevenfold,
spotify:track:1IQA94xRaglDugVwKKL4vI,Philautia,samlrc,A Lonely Sinner,41804494,8bafd954-b398-4c98-bd0b-67d38c746c25,2024,c9b8053b-e81d-486c-b117-dc15bd3bb604,samlrc,
spotify:track:5iMXCDWA4FxPNcOnq0HrpJ,A Different Age,Current Joys,A Different Age,33567702,c7f7e5ae-9330-4a85-beab-bbbfbe677860,2018,680a0350-cee3-49d4-a85d-7c9f4657fb97,Current Joys,
spotify:track:4UEo1b0wWrtHMC8bVqPiH8,Nightmare,Avenged Sevenfold,Nightmare,40910480,402d3408-2680-4605-a4c7-a177ce1c0fd8,2010,24e1b53c-3085-4581-8472-0b0088d2508c,Avenged Sevenfold,
spotify:track:77UXyXy6qie0sOtLdEIH4A,Demons,Joji,In Tongues (Deluxe),33522069,0cfcba80-944d-4ab2-abb1-3ce8acb58fbc,2017,8264722b-df00-467a-858e-5c97cda169c9,Joji,
spotify:track:0DkmhHO4yyqCJFjosmmWPU,Almost Easy,Avenged Sevenfold,Avenged Sevenfold,40650159,603f4eb5-f98d-43fc-abb2-c80e1cc86572,2008,24e1b53c-3085-4581-8472-0b0088d2508c,Avenged Sevenfold,
spotify:track:3JyvSSU0VnlMUsQckyEVfX,Darkside,grandson,a modern tragedy vol. 2,33502097,98f1a53a-6038-4fee-b9d5-e220a4b2c2e0,2019,cc699fe3-db51-4837-928f-8f712c61a01a,grandson,
spotify:track:75n7mraeMycQOl2sDGYaTe,Mad Sounds,Arctic Monkeys,AM,40203145,76bb3941-f665-4e71-865b-92ec9c13003b,2014,ada7a83c-e3e1-40f1-93f9-3e73dbc9298a,Arctic Monkeys,
spotify:track:05uGBKRCuePsf43Hfm0JwX,Brain Damage,Pink Floyd,The Dark Side of the Moon,33363022,8cdace79-2047-44c1-9eb2-749047a8f721,,83d91898-7763-47d7-b03b-b92132375c47,Pink Floyd,
spotify:track:0N3W5peJUQtI4eyR6GJT5O,King Kunta,Kendrick Lamar,To Pimp A Butterfly,39797691,631dc1d0-e0bd-46ad-8c01-13ae6a3296b7,2020,381086ea-f511-4aba-bdf9-71c753dc5077,Kendrick Lamar,
spotify:track:5XyexvRMUOz487XgvE5pnM,Summertime (The Overflow),Kill Bill: The Rapper,Ramona,33293985,,,,,no_match
spotify:track:3Jai674s9zQJJxsgsyRBHz,You Without End,Deafheaven,Ordinary Corrupt Human Love,39666318,3329d747-81d9-4ef8-9687-1101d89fed28,2018,f4ccf6c5-ad41-4f8f-bb9e-6e2c6ad23302,Deafheaven,
spotify:track:4YMc3A256xFBS0xcT77Qce,help herself,bbno$,help herself,33224907,a1b00853-8b81-4a5d-85b3-f0f9d0cac2bc,2022,27638856-79a1-4495-b7da-1912899560c7,bbno$,
spotify:track:3XFaGEb6daqdj39ThpJ2XI,Critical Darling,Slipknot,We Are Not Your Kind,33093245,469a2d13-324d-495b-b29b-357b3dc76af9,2019,a466c2a2-6517-42fb-a160-1087c3bafd9f,Slipknot,
spotify:track:5gUQFMygSLElrIgjLhaBq6,Running From My Shadow (feat. grandson),Mike Shinoda,Post Traumatic,39649898,,,,,no_match
spotify:track:3IolN0Ae207i0Fr9IHuNbu,Harvester of Sorrow (Remastered),Metallica,...And Justice for All (Remastered),33042238,,,,,no_match
spotify:track:5LyRtsQLhcXmy50VXhQXXS,Holy Wars...The Punishment Due - 2004 Remix,Megadeth,Rust In Peace,39562410,,,,,no_match
spotify:track:73RdXBA5oTmOr6furSPoti,Identity,grandson,Death Of An Optimist,39481774,0c046aa2-1169-4b17-bfaa-1cdeb798d801,2020,cc699fe3-db51-4837-928f-8f712c61a01a,grandson,
spotify:track:0nJW01T7XtvILxQgC5J7Wh,When I Was Your Man,Bruno Mars,Unorthodox Jukebox,32993340,efe74b8a-d985-4a4d-b3e5-053479cb6d1f,2013,afb680f2-b6eb-4cd7-a70b-a63b25c763d5,Bruno Mars,
spotify:track:6Ph8QwsRfZunN5e1GGBIqa,Hurt,Oliver Tree,Ugly is Beautiful,32810832,501f3301-fd23-44d6-84dc-2bac1f31cc56,2021,1fa3bded-908f-47be-9784-3c9ef850682b,Oliver Tree,
spotify:track:0ZK8TGOsngrstVPsnrHbK1,Peach Pit,Peach Pit,Sweet FA,39420870,16e44e53-4fd8-4be5-b5fc-2369e105f9ba,2016,1888892a-06b7-4bbd-b0a1-3ffde01e4094,Peach Pit,
spotify:track:0ipTpoDQ06S5iI4RRQFQjx,Orphan,Slipknot,We Are Not Your Kind,32711411,344dce02-e850-4e7b-97ef-78967b8d0a10,2019,a466c2a2-6517-42fb-a160-1087c3bafd9f,Slipknot,
spotify:track:4wOgNWU6Y6mixNZcimJqDv,A Liar's Funeral,Slipknot,We Are Not Your Kind,39256841,7f1f50e4-3c94-4885-b4de-45704505c656,2019,a466c2a2-6517-42fb-a160-1087c3bafd9f,Slipknot,
spotify:track:4g9MfXRZ1xK9fl6wmKDg1E,Tachyon,Rav,Beneath the Toxic Jungle,32642410,c7fb55f6-5eae-42f2-94dd-106a7411edf9,2015,dd2ae026-4144-4ee3-a7b4-09434a465c34,Rav,
spotify:track:7C9kXo2THfHdGPlaN78kg6,Wii Tennis,Splash Daddy,Wii Tennis,39244812,eaa7e5d2-ef97-4c4a-8730-880e038d81c8,2017,ab4cda60-2c0c-44db-a91c-72aa50c461aa,Splash Daddy,
spotify:track:1GfwrTKOzOxK2cfPcrMyuP,Show No Regret,Daniel Caesar,Pilgrim's Paradise,39208708,96658ffe-85b7-43eb-9bc0-90210b893111,2015,b46e298d-d3a5-4695-a03e-63e8c523b23e,Daniel Caesar,
spotify:track:1hz7SRTGUNAtIQ46qiNv2p,"GONE, GONE / THANK YOU","Tyler, The Creator",IGOR,32411217,82f7c746-924f-47fb-b4ab-1410b6e68a69,2019,f6beac20-5dfe-4d1f-ae02-0b0a740aafd6,"Tyler, The Creator",
spotify:track:1AAMj0EJJdOkErtr4HtEhS,Black Coffee,Kill Bill: The Rapper,Ramona,39144115,,,,,no_match
spotify:track:1QEEqeFIZktqIpPI4jSVSF,More Than a Feeling,Boston,Boston,32260421,30db25d0-a86c-4ad0-983c-b65d49d75c6c,,0d8b0d50-e4cf-4da4-965d-f24c58ec3268,Boston,
spotify:track:7hcxJR8tbt1it6G4xZkjCL,RPG,Kill Bill: The Rapper,Resin,32201955,ac005207-5f73-4019-9a56-9b3ffdb0723d,2016,7ff25558-3e85-4ffd-9da9-88c9e4af6a2d,Kill Bill: The Rapper,
spotify:track:1mt1nZJe0fYnwbui17oxFX,Birdbath,Gezebelle Gaburgably,Gaburger,38905465,8b404622-af69-4500-823d-76b52067a2f8,2023,8d7739bb-ed4f-4015-91a5-11f93b1c94ab,Gezebelle Gaburgably,
spotify:track:5FZxsHWIvUsmSK1IAvm2pp,Best of You,Foo Fighters,In Your Honor,32097584,305e7983-938a-49ac-a0d2-b231f6b4680f,2006,67f66c07-6e61-4026-ade5-7e782fad3a5d,Foo Fighters,
spotify:track:5mpUKTdskZea0gStWzeHUZ,Unsainted,Slipknot,We Are Not Your Kind,38757818,f8d222b7-1478-4d8d-ab6b-48bee1a7da45,,a466c2a2-6517-42fb-a160-1087c3bafd9f,Slipknot,
spotify:track:0IktbUcnAGrvD03AWnz3Q8,Lucky,Jason Mraz,We Sing. We Dance. We Steal Things.,32048653,cafa2bad-a7ea-44f7-956e-91b3af2e78c2,,82eb8936-7bf6-4577-8320-a2639465206d,Jason Mraz,
spotify:track:7yMiX7n9SBvadzox8T5jzT,Clint Eastwood,Gorillaz,Gorillaz,38662714,e5a53175-0f5d-4eaf-a54e-c69c0b4a96e8,2005,e21857d5-3256-4547-afb3-4b6ded592596,Gorillaz,
spotify:track:6IlI1VmXpLxIe2InFhCm4N,4000 Rainy Nights - Remastered 2016,Stratovarius,Destiny (Reissue 2016),31909905,04d0ad20-c684-4d7c-bf8b-b121c1d21671,,c3d6fdd5-67c5-453e-87e3-d17a00a52879,Stratovarius,
spotify:track:73jLhrKOby9QOBdAdpnsOl,La Casa,Caramelos De Cianuro,Caramelos de Cianuro,38534726,3406d030-af62-4143-b218-c240535ed159,2012,3ee62edc-3521-4c39-89ce-081aafa79c00,Caramelos de Cianuro,
spotify:track:6LgJvl0Xdtc73RJ1mmpotq,Paranoid Android,Radiohead,OK Computer,31699703,2321576e-141e-4a00-b403-bfd8da62b17c,,a74b1b7f-71a5-4011-9441-d0b5e4122711,Radiohead,
spotify:track:02YXYTdPKzfYhAhMjiOEK9,Fall into the Light,Dream Theater,Distance Over Time,38387624,e18f2878-cd74-41b2-9711-45f2479d342f,2020,28503ab7-8bf2-4666-a7bd-2644bfc7cb1d,Dream Theater,
spotify:track:5HtNvKihacAXt34DDYYxBC,Man of War,Radiohead,OK Computer OKNOTOK 1997 2017,31617006,6a1e1510-c131-485e-abd0-fb4074ebc1c8,,a74b1b7f-71a5-4011-9441-d0b5e4122711,Radiohead,
spotify:track:5anCkDvJ17aznvK5TED5uo,Hail to the King,Avenged Sevenfold,Hail to the King,38373173,616d5df1-cef3-4dd3-b796-5065e0e4d5ba,2013,24e1b53c-3085-4581-8472-0b0088d2508c,Avenged Sevenfold,
spotify:track:3q2v8QaTnHLveAQzR6gvYm,"Sing About Me, I'm Dying Of Thirst",Kendrick Lamar,"good kid, m.A.A.d city",31581374,4f129f6c-9a90-415b-9513-d683f112863a,,381086ea-f511-4aba-bdf9-71c753dc5077,Kendrick Lamar,
spotify:track:7Hr1Ignop7cymbE3FbOtXa,So Far Away,Avenged Sevenfold,Nightmare,38008977,04dc28b7-ea28-48a0-a912-9bb4f5cd3131,2010,24e1b53c-3085-4581-8472-0b0088d2508c,Avenged Sevenfold,
spotify:track:34MFr4OSNKrWyZR6rjSCDZ,Get Enough,CatDany,follow catdany on *******,31564819,57a03aef-8a39-4a3f-982d-a216d0c74ed1,2019,a3e6b986-9ba2-4089-8157-bc92e9c471af,CatDany,
spotify:track:4PdbqXOVsdKC0dOz6QeDbI,Chinatown,Kill Bill: The Rapper,Ramona,37944021,,,,,no_match
spotify:track:2RMnywCJYkUZ8hSSjQlHmO,Storge,samlrc,A Lonely Sinner,31540546,f79139de-e65b-458d-a71a-60e72e34a7d5,2024,c9b8053b-e81d-486c-b117-dc15bd3bb604,samlrc,
spotify:track:39ZiU2QVBvDQzeepJjg8tp,Blinded in Chains,Avenged Sevenfold,City of Evil,37889684,225825b9-19d6-4180-b6c0-a4000caa3ddf,2005,24e1b53c-3085-4581-8472-0b0088d2508c,Avenged Sevenfold,
spotify:track:5cbpoIu3YjoOwbBDGUEp3P,Car Radio,Twenty One Pilots,Vessel,37650691,eab6b93d-5775-4f96-9274-ed4ef78d2058,2011,a6c6897a-7415-4f8d-b5a5-3a5e05f3be67,twenty one pilots,
spotify:track:3pShTDa5E1bPBkrc1mxxGY,Dirty,grandson,Death Of An Optimist,31510684,114fb91a-0d4b-4c76-8314-041c4353be74,2020,cc699fe3-db51-4837-928f-8f712c61a01a,grandson,
spotify:track:07ivDiCg2mWDiwV4nG8zyC,Loved,FEiN,Loved,37319936,b5620b56-2fba-4bee-af30-779168520365,,386b5a6a-86f0-4a29-83e4-447056fa6196,FEiN,
spotify:track:61Q9oJNd9hJQFhSDh6Qlap,House Of The Rising Sun,The Animals,The Best Of The Animals,31340019,54809c47-1fde-4056-af82-5800fc1faeb7,,4d8afa16-4018-4ca8-8b5e-ede8f9314562,The Animals,
spotify:track:5eDwoZdv3Qftzs8ijKviYg,Too Much Love Will Kill You - Remastered 2011,Queen,Made in Heaven,37171902,3737bb80-b01d-46ad-89b0-464aebbe0735,1996,0383dadf-2a4e-4d10-a46a-e9e041da8eb3,Queen,
spotify:track:7lRlq939cDG4SzWOF4VAnd,I'm Not Okay (I Promise),My Chemical Romance,Three Cheers for Sweet Revenge,31183194,15f123a3-a74a-4b60-89eb-e115eb0fbc0e,2006,c07f0676-9143-4217-8a9f-4c26bd636f13,My Chemical Romance,
spotify:track:6y4ySPeb68KGoAi1dk130F,Oblivius,The Strokes,Future Present Past,37107693,009c35c4-8a10-4e82-8c1f-e12414f94962,2016,f181961b-20f7-459e-89de-920ef03c7ed0,The Strokes,
spotify:track:7hQJA50XrCWABAu5v6QZ4i,Don't Stop Me Now - Remastered 2011,Queen,Jazz,31151246,77ca9573-afdd-48b4-af27-9c92b95eaafe,1992,0383dadf-2a4e-4d10-a46a-e9e041da8eb3,Queen,
spotify:track:5eo7AEu5JX2cXsaPW98AE2,Flatironlake,Rav,Flatironlake,36981406,,,,,wrong_artist
spotify:track:0725YWm6Z0TpZ6wrNk64Eb,Super Rich Kids,Frank Ocean,channel ORANGE,36971982,173c6ba9-afe5-4957-b58a-e1d054fbe3c7,2013,e520459c-dff4-491d-a6e4-c97be35e0044,Frank Ocean,
spotify:track:6UnGBNWVuwYfdDo9NfKkpP,Who Wants To Live Forever - Remastered 2011,Queen,A Kind of Magic,31115676,253a2272-2c3e-451f-8887-d48cf20b32cf,1996,0383dadf-2a4e-4d10-a46a-e9e041da8eb3,Queen,
spotify:track:2pONuBYwWrNm9jcJH6hmPc,Sleep,My Chemical Romance,The Black Parade,36922296,bedfcd16-9f46-44ca-9759-7ebf535b5d34,2007,c07f0676-9143-4217-8a9f-4c26bd636f13,My Chemical Romance,
spotify:track:3TO7bbrUKrOSPGRTB5MeCz,Time,Pink Floyd,The Dark Side of the Moon,30906820,6dea3adf-c404-455a-bb87-9eeeb037a80c,1990,83d91898-7763-47d7-b03b-b92132375c47,Pink Floyd,
spotify:track:6gDXbcILAyBa2skSdbUYq7,Hurt,Christina Aguilera,Back To Basics,36540794,ca9f5172-b85b-46c8-8de8-20c4f0909ce3,,b202beb7-99bd-47e7-8b72-195c8d72ebdd,Christina Aguilera,
spotify:track:4ddFyyFEf4dapnWJLXDzg3,my time (an optimistic rebuttal),Rav,my time (an optimistic rebuttal),30826308,31a7b7d5-d676-4b51-b6e5-dd67c3fa88bd,2021,dd2ae026-4144-4ee3-a7b4-09434a465c34,Rav,
spotify:track:4XETJI7t8169KgdWezgKPL,Black Diamond - Remastered 2016,Stratovarius,Best Of,30642184,74f70381-b28a-40f8-8c72-6694f1f9e38c,2012,c3d6fdd5-67c5-453e-87e3-d17a00a52879,Stratovarius,
spotify:track:5sEcwMeC3QDnSOWlyQyQ3E,Moth Into Flame,Metallica,Hardwired…To Self-Destruct,36508689,d748e04d-4b62-49ee-83e8-144d74c693b2,2019,65f4f0c5-ef9e-490c-aee3-909e7ae6b2ab,Metallica,
spotify:track:0fZRNhPJ4AGmwY7rkpdbqK,ON,BTS,MAP OF THE SOUL : 7,30572954,daee9b09-d34a-4594-82ed-b11808275ace,,0d79fe8e-ba27-4859-bb8c-2f255f346853,BTS,
spotify:track:1ZPeaPDjQOOC8hw1mNjyjF,Pied Piper,BTS,Love Yourself 承 'Her',36435508,096c01bf-921b-4ca5-897b-ce51cd118e8a,2017,0d79fe8e-ba27-4859-bb8c-2f255f346853,BTS,
spotify:track:3siV97CGxI5gEnNkTAJCWD,The House Always Wins,The Stupendium,The House Always Wins,30444643,46f93991-cb36-4002-9ba5-7602499aae36,2018,1c26c1d5-ec2d-427c-874c-c647c1f67276,The Stupendium,
spotify:track:5Tf5D6YCSLpCqjSUVnA22t,You Tore Out My Heart,Tiny Little Houses,You Tore Out My Heart,36402122,06e91f60-ba52-453e-ba84-0f17aecc170d,2015,d047ca22-c66d-4a86-a1b8-89d00c675d85,Tiny Little Houses,
spotify:track:1CoEh6Za0mJkJrtJKgEuPD,BROKEN BEARINGS,atlas,BROKEN BEARINGS,30432540,3663de7f-c046-48f8-acdb-3da12b5120d5,2018,d604a2f1-6397-458a-be95-ab47403a3e9f,Atlas,
spotify:track:42UuBal9QbXTc7E4cJTzEA,Demons,Avenged Sevenfold,Diamonds in the Rough,36380262,499cf1f5-fc0b-49ae-b87b-e27d3206b61d,2008,24e1b53c-3085-4581-8472-0b0088d2508c,Avenged Sevenfold,
spotify:track:1EzrEOXmMH3G43AXT1y7pA,I'm Yours,Jason Mraz,We Sing. We Dance. We Steal Things.,36250737,45537914-3422-4893-ac1f-683269d57578,2007,82eb8936-7bf6-4577-8320-a2639465206d,Jason Mraz,
spotify:track:1WT11QmhZutciEv1NsHt1R,Mortal Man,Kendrick Lamar,To Pimp A Butterfly,30091347,f2465c6c-670e-44dd-a4bb-ea39288404fd,,381086ea-f511-4aba-bdf9-71c753dc5077,Kendrick Lamar,
spotify:track:5CQ30WqJwcep0pYcV4AMNc,Stairway to Heaven - Remaster,Led Zeppelin,Led Zeppelin IV,36137711,c5489941-46b2-48d5-a13b-f052df50113f,2022,678d88b2-87b0-403b-b63d-5da7465aecc3,Led Zeppelin,
spotify:track:7rdGrVIoqwPWOULauvglio,Lost Stars,Adam Levine,Lost Stars,30067843,a6574fce-c8ca-4c72-a929-04d530ebd162,2014,a1421d73-1a21-484b-97ad-77c9a5676daf,Adam Levine,
spotify:track:41WcmdweTbIJAc8tiOR6xw,Oh Comely,Neutral Milk Hotel,In the Aeroplane Over the Sea,36098592,de1d6c03-9f77-486f-947f-96dc66b1d28d,,a506f761-2c22-4b2f-8a94-bd748c2c8f75,Neutral Milk Hotel,
spotify:track:56sk7jBpZV0CD31G9hEU3b,Animal I Have Become,Three Days Grace,One-X,29792370,a858ff21-b5e3-4883-9e6e-8d98c180d193,2006,fabb37f8-eb2a-4cc1-a72a-b56935bbb72d,Three Days Grace,
spotify:track:1jvaq9OAx9RmQj9AN0AGpZ,Vagabond (feat. Czarface),MISSIO,Can You Feel The Sun,35887487,,,,,no_match
spotify:track:2tznHmp70DxMyr2XhWLOW0,Cigarette Daydreams,Cage The Elephant,Melophobia,29644757,34c6765e-a256-4cff-95c7-3150a288f447,2013,b41b38d4-ef3e-4f37-8c75-cfe9af999696,Cage the Elephant,
spotify:track:0vFOzaXqZHahrZp6enQwQb,Money,Pink Floyd,The Dark Side of the Moon,35692314,55125998-91f2-4c97-8677-3d370588a715,1994,83d91898-7763-47d7-b03b-b92132375c47,Pink Floyd,
spotify:track:0GZTJXJGQwRqKz5sO5WsAz,Pest,Vylet Pony,Monarch of Monsters,29626212,50ee3add-f1a9-467b-a21a-855071da3442,2024,6a84105c-af0a-4367-8d54-e7dd6ceb19af,Vylet Pony,
spotify:track:7ouMYWpwJ422jRcDASZB7P,Knights of Cydonia,Muse,Black Holes and Revelations,35398851,3ba1adbb-1a6b-46f8-96bb-f1f9adb25232,,9c9f1380-2516-4fc9-a3e6-f9f61941d090,Muse,
spotify:track:4e9eGQYsOiBcftrWXwsVco,Aerials,System Of A Down,Toxicity,29510636,e701d988-a34b-4bbd-9093-7c2a0d4f3d98,,cc0b7089-c08d-4c10-b6b0-873582c17fd6,System of a Down,
spotify:track:2CtemffYhT0DJWcT1XW047,Nothing Else Matters (Remastered),Metallica,Metallica (Remastered),35184482,,,,,no_match
spotify:track:2DlHlPMa4M17kufBvI2lEN,Chop Suey!,System Of A Down,Toxicity,29395402,e5ff92b7-cb82-4ca8-91a9-e595ff6517c5,,cc0b7089-c08d-4c10-b6b0-873582c17fd6,System of a Down,
spotify:track:4BfvLwWWzENjV4lMV51nH0,Devil Fruit Smoothies,Rav,Beneath the Toxic Jungle,35165925,df58c532-2ff8-4341-b3eb-0f9d3bff34a0,2015,dd2ae026-4144-4ee3-a7b4-09434a465c34,Rav,
spotify:track:6WCkyaVmut83CtBFEUhDo4,Solway Firth,Slipknot,We Are Not Your Kind,29341839,27a72eed-a637-4824-814b-b532ba15b2cf,2019,a466c2a2-6517-42fb-a160-1087c3bafd9f,Slipknot,
spotify:track:2INUkDPCO1eQlOFmIN5VAC,Shampoo Bottles,Peach Pit,You and Your Friends,35159817,4fa7f80e-22ab-4555-b381-6f2853773b58,2020,1888892a-06b7-4bbd-b0a1-3ffde01e4094,Peach Pit,
spotify:track:2dDcTno6URFTktC7AifShN,SRT,Atwood,SRT,29339925,a5bd99c8-edeb-46e8-83a1-a82b4ce6a81d,2020,9911c480-1b8f-4797-ae9c-a29f191a0853,Atwood,
spotify:track:1Os2VQpm9aPGEY7yJXlMIP,WWIII,grandson,Death Of An Optimist,35113824,098ae7f0-acc2-46aa-afd4-8f5a0378ba42,2020,cc699fe3-db51-4837-928f-8f712c61a01a,grandson,
spotify:track:56fiFTRrSiHHH3gBeaTg2P,Nero Forte,Slipknot,We Are Not Your Kind,29323054,27753d82-a4fd-4194-8a00-a97fdc786c60,2019,a466c2a2-6517-42fb-a160-1087c3bafd9f,Slipknot,
spotify:track:0jqblvsI9LBY4irmLVqqEO,Welcome to the Family,Avenged Sevenfold,Nightmare,29254500,15440767-ce5b-4c25-b168-ebad0e86f435,2010,24e1b53c-3085-4581-8472-0b0088d2508c,Avenged Sevenfold,
spotify:track:0uBNqy6taLbUqTy605rCXV,Destroy Me,grandson,a modern tragedy vol. 3,35077641,558bb01d-0be7-4c6a-aadb-0aa954b7d6d8,2019,cc699fe3-db51-4837-928f-8f712c61a01a,grandson,
spotify:track:4RAOI1etsgbh5NP3T5R8rN,I Don't Love You,My Chemical Romance,The Black Parade,34774608,fe680909-cbfa-42f0-ab8d-e5d67274b1be,2007,c07f0676-9143-4217-8a9f-4c26bd636f13,My Chemical Romance,
spotify:track:51jG0OlS5GWuunFH05NyC6,Hot Knifer,Peach Pit,Being So Normal,29229800,c9057b66-b1de-44a5-af42-52ff38f412b3,2017,1888892a-06b7-4bbd-b0a1-3ffde01e4094,Peach Pit,
spotify:track:5VlNOYN5NBdd67quEPeTsW,Save Face As...,Rav,Beneath the Toxic Jungle,34464413,c5dd7425-4447-489b-92aa-4cb20a9821ae,2015,dd2ae026-4144-4ee3-a7b4-09434a465c34,Rav,
spotify:track:225xvV8r1yKMHErSWivnow,"I Don't Want to Miss a Thing - From ""Armageddon"" Soundtrack",Aerosmith,Armageddon - The Album,29085957,,,,,no_match
spotify:track:0d28khcov6AiegSCpG5TuT,Feel Good Inc.,Gorillaz,Demon Days,34364212,e155ab72-ddc3-497a-994b-552cf191e0dd,2025,e21857d5-3256-4547-afb3-4b6ded592596,Gorillaz,
spotify:track:3vFZheR74pxUkzxqhXTZ2X,Ruler of Everything,Tally Hall,Marvin's Marvelous Mechanical Museum,29076094,1b0bc8e6-90c1-41c0-89c3-c465db671a3b,,407d7ae0-c297-491c-bd19-4185e2b12ef2,Tally Hall,
spotify:track:3XEnD6waKU6E67IJXGURga,Sunny Disposition,Avenged Sevenfold,The Stage,29025957,1505919d-1526-4ec6-b361-01c7b8a292e5,2016,24e1b53c-3085-4581-8472-0b0088d2508c,Avenged Sevenfold,
spotify:track:3YRCqOhFifThpSRFJ1VWFM,November Rain,Guns N' Roses,Use Your Illusion I,34330783,45062f76-28e9-426d-92ce-889a73e3d0e4,,eeb1195b-f213-4ce1-b28c-8565211f8e43,Guns N’ Roses,
spotify:track:3PTBfw2zgvY9HjpBU8VoFz,6:00,grandson,a modern tragedy vol. 1,28988052,2263828e-40c5-478d-967b-a68c2838a217,2019,cc699fe3-db51-4837-928f-8f712c61a01a,grandson,
spotify:track:5gNID1xaU7CxVhFwUjzcVx,Solanine,Rav,Beneath the Toxic Jungle,28923831,4320669b-de32-4870-b78b-7908838d5b63,2015,dd2ae026-4144-4ee3-a7b4-09434a465c34,Rav,
spotify:track:7lwvxYumAEo10lzAplRGXM,The Unforgiven (Remastered),Metallica,Metallica (Remastered),34320155,,,,,no_match
spotify:track:0snQkGI5qnAmohLE7jTsTn,Toxicity,System Of A Down,Toxicity,28898352,b4c66cc1-de1f-4016-8085-cba57b20cc90,2002,cc0b7089-c08d-4c10-b6b0-873582c17fd6,System of a Down,
spotify:track:6i4Qi1mJxXjqNIL9HfJhRs,Civil War,Guns N' Roses,Use Your Illusion II,34305371,940fb245-fcc0-48b8-89ae-08eb2dde1c8c,2011,eeb1195b-f213-4ce1-b28c-8565211f8e43,Guns N’ Roses,
spotify:track:30aKW6aMkaaJvNLfD2Sua9,Art Of War,Anberlin,"Dark Is The Way, Light Is A Place",34215230,84ed1c2f-a6f8-4e8e-b1cc-ed8da4c1f3eb,2011,c648509e-9916-4c56-ab63-652a03da16dd,Anberlin,
spotify:track:2VgQLPaAPaJRIXeL0FIW2q,The Fall,half•alive,3,28812950,95ac61f7-c45a-4448-b6df-b3910d8b349c,,00d0f0fa-a48c-416d-b4ff-25a290ce82d8,half•alive,
spotify:track:0gsPInjPU6qsGGdLnpgTHD,Melting (feat. EASAE),Danny Olson,Melting (feat. EASAE),34202956,,,,,no_match
spotify:track:7HKRWMTErKh56EIBeFcmdf,Seize the Day,Avenged Sevenfold,City of Evil,28755216,a133a7ee-3c2b-4dbf-9009-a2de8f6883c8,,24e1b53c-3085-4581-8472-0b0088d2508c,Avenged Sevenfold,
spotify:track:01z2fBGB8Hl3Jd3zXe4IXR,Come Back to Earth,Mac Miller,Swimming,34176303,74b43e55-c328-4034-a959-149b9cbc2072,,a0e8a1b1-5f8f-475a-a253-17415c17d0ff,Mac Miller,
spotify:track:79gHIflQQwd6o8hYd7J7aQ,The Heretic (Woe is Me),Vylet Pony,Monarch of Monsters,28615990,6e3aff19-cc6e-49c2-8208-0bb6a39a48ce,2024,6a84105c-af0a-4367-8d54-e7dd6ceb19af,Vylet Pony,
spotify:track:6SMHgPgNkhe9lneNTbgtel,Love and Happiness,Al Green,I'm Still in Love with You,34067166,15d6f898-932a-4c4f-81f1-3beb92b252ca,,fb7272ba-f130-4f0a-934d-6eeea4c18c9a,Al Green,
spotify:track:2fAYTT9kcUm8tnUrhD80sC,What It Takes,Aerosmith,Big Ones,28565630,9f8e8f8a-e27b-4397-93a3-8919e07cd976,,3d2b98e5-556f-4451-a3ff-c50ea18d57cb,Aerosmith,
spotify:track:710I1qNFgsZBCco12BvsXg,Simulation,Avenged Sevenfold,The Stage,33620610,2069f53e-3a3d-4343-8162-a793dc4dd7ec,2016,24e1b53c-3085-4581-8472-0b0088d2508c,Avenged Sevenfold,
spotify:track:64yrDBpcdwEdNY9loyEGbX,21 Guns,Green Day,21st Century Breakdown,28413658,467544b8-5f41-424f-a772-551c31b18eea,2009,084308bd-1654-436f-ba03-df6697104e19,Green Day,
spotify:track:4ofi9goaZUnwcWvdSPYcYX,Untethered Angel,Dream Theater,Distance Over Time,28339512,4ed64135-77b8-44a6-b023-266b504571a3,2022,28503ab7-8bf2-4666-a7bd-2644bfc7cb1d,Dream Theater,
spotify:track:5iMXCDWA4FxPNcOnq0HrpJ,A Different Age,Current Joys,A Different Age,33567702,c7f7e5ae-9330-4a85-beab-bbbfbe677860,2018,680a0350-cee3-49d4-a85d-7c9f4657fb97,Current Joys,
spotify:track:63UNqAjFomMcZXc2InOxTC,TOO DEEP TO TURN BACK,Daniel Caesar,CASE STUDY 01,28333164,97655b4e-ade8-4cb2-87a7-0e16f6e9768c,2019,b46e298d-d3a5-4695-a03e-63e8c523b23e,Daniel Caesar,
spotify:track:58ge6dfP91o9oXMzq3XkIS,505,Arctic Monkeys,Favourite Worst Nightmare,28087107,e7004566-96a9-4830-bcdf-996a393ae22a,,ada7a83c-e3e1-40f1-93f9-3e73dbc9298a,Arctic Monkeys,
spotify:track:77UXyXy6qie0sOtLdEIH4A,Demons,Joji,In Tongues (Deluxe),33522069,0cfcba80-944d-4ab2-abb1-3ce8acb58fbc,2017,8264722b-df00-467a-858e-5c97cda169c9,Joji,
spotify:track:0fnmqKRyN4lTswvyOXz0ID,Cosmic Freeway,Yeek,Sebastian,28064042,08549c41-8c96-466c-b599-bbe16fbab246,2017,a5b20ca2-55ee-4d1c-8236-7c38f5398997,Yeek,
spotify:track:3JyvSSU0VnlMUsQckyEVfX,Darkside,grandson,a modern tragedy vol. 2,33502097,98f1a53a-6038-4fee-b9d5-e220a4b2c2e0,2019,cc699fe3-db51-4837-928f-8f712c61a01a,grandson,
spotify:track:05uGBKRCuePsf43Hfm0JwX,Brain Damage,Pink Floyd,The Dark Side of the Moon,33363022,8cdace79-2047-44c1-9eb2-749047a8f721,,83d91898-7763-47d7-b03b-b92132375c47,Pink Floyd,
spotify:track:3KlizfYIRTmPuvqbNs6VSA,My Friends Are Robots,Arrested Youth,Fear,28046578,ddac4f89-4589-455a-ba2b-e8d01f4fdd18,2018,4e249ccf-c4de-4237-aef1-922f90a2f786,Arrested Youth,
spotify:track:5XyexvRMUOz487XgvE5pnM,Summertime (The Overflow),Kill Bill: The Rapper,Ramona,33293985,,,,,no_match
spotify:track:6War9Nidwyd881TDnaKWV8,Mirror,Stray Kids,SKZ2020,27924148,2545ab8c-cb9b-4750-9155-739a57dd3ed6,2018,142b343d-bf5a-428c-a64f-6d1a7566bbe9,Stray Kids,
spotify:track:3U4isOIWM3VvDubwSI3y7a,All of Me,John Legend,Love In The Future (Expanded Edition),27892360,0a9f3f18-2eeb-4253-8f2c-3e4da08704af,,75a72702-a5ef-4513-bca5-c5b944903546,John Legend,
spotify:track:4YMc3A256xFBS0xcT77Qce,help herself,bbno$,help herself,33224907,a1b00853-8b81-4a5d-85b3-f0f9d0cac2bc,2022,27638856-79a1-4495-b7da-1912899560c7,bbno$,
spotify:track:01LODLnhlfNphZ366BqKc0,Now That We're Dead,Metallica,Hardwired…To Self-Destruct,27877315,b0a976dc-c327-4b0b-a79d-437c5cb0ec34,2018,65f4f0c5-ef9e-490c-aee3-909e7ae6b2ab,Metallica,
spotify:track:3XFaGEb6daqdj39ThpJ2XI,Critical Darling,Slipknot,We Are Not Your Kind,33093245,469a2d13-324d-495b-b29b-357b3dc76af9,2019,a466c2a2-6517-42fb-a160-1087c3bafd9f,Slipknot,
spotify:track:2d6m2F4I7wCuAKtSsdhh83,Famous Last Words,My Chemical Romance,The Black Parade,27859955,a022034c-36e1-4153-a670-54989180aad2,2007,c07f0676-9143-4217-8a9f-4c26bd636f13,My Chemical Romance,
spotify:track:5fqvrm2jU2UwzGR9xhw1WS,Playing with Fire - Remastered 2016,Stratovarius,Destiny (Reissue 2016),27799886,f92120da-919e-4844-acdc-e7a2f80fc54e,1998,c3d6fdd5-67c5-453e-87e3-d17a00a52879,Stratovarius,
spotify:track:3IolN0Ae207i0Fr9IHuNbu,Harvester of Sorrow (Remastered),Metallica,...And Justice for All (Remastered),33042238,,,,,no_match
spotify:track:2ctvdKmETyOzPb2GiJJT53,Breathe (In the Air),Pink Floyd,The Dark Side of the Moon,27759495,7bbe3731-f165-409b-a22c-04ee857959c2,,83d91898-7763-47d7-b03b-b92132375c47,Pink Floyd,
spotify:track:0nJW01T7XtvILxQgC5J7Wh,When I Was Your Man,Bruno Mars,Unorthodox Jukebox,32993340,efe74b8a-d985-4a4d-b3e5-053479cb6d1f,2013,afb680f2-b6eb-4cd7-a70b-a63b25c763d5,Bruno Mars,
spotify:track:55meRTYBw8S5q7KF3DkjL7,The Bandit,Kings of Leon,"The Bandit / 100,000 People",27741282,70625a60-7332-4737-8714-8e45bbf89eb6,2021,6ffb8ea9-2370-44d8-b678-e9237bbd347b,Kings of Leon,
spotify:track:6Ph8QwsRfZunN5e1GGBIqa,Hurt,Oliver Tree,Ugly is Beautiful,32810832,501f3301-fd23-44d6-84dc-2bac1f31cc56,2021,1fa3bded-908f-47be-9784-3c9ef850682b,Oliver Tree,
spotify:track:33v6ir6PfrVfhpkeKLRujC,stupid,guardin,stupid,27714760,dcd5e5b1-f14e-4a84-af1e-fc12f13a8201,2019,daefe844-55f2-47d8-a1bf-344484dfdade,guardin,
spotify:track:6wbMtIVAux339lmOWlKZIx,Gifts for the Earth,Deafheaven,New Bermuda,27516733,a0377c68-dbb8-4535-affd-357f5fbdc26c,2015,f4ccf6c5-ad41-4f8f-bb9e-6e2c6ad23302,Deafheaven,
spotify:track:4SsgF844NGbl7UFcymqWKy,Red Flag,Slipknot,We Are Not Your Kind,27477861,7f2a77f9-346a-48d0-a54d-665beea8436d,2019,a466c2a2-6517-42fb-a160-1087c3bafd9f,Slipknot,
spotify:track:0ipTpoDQ06S5iI4RRQFQjx,Orphan,Slipknot,We Are Not Your Kind,32711411,344dce02-e850-4e7b-97ef-78967b8d0a10,2019,a466c2a2-6517-42fb-a160-1087c3bafd9f,Slipknot,
spotify:track:1CmhkiXegdbj3Ewizvdg2Q,Best Friends,grandson,Best Friends,27472761,7c71f032-7729-464c-8d42-041e5a853de6,2017,cc699fe3-db51-4837-928f-8f712c61a01a,grandson,
spotify:track:4g9MfXRZ1xK9fl6wmKDg1E,Tachyon,Rav,Beneath the Toxic Jungle,32642410,c7fb55f6-5eae-42f2-94dd-106a7411edf9,2015,dd2ae026-4144-4ee3-a7b4-09434a465c34,Rav,
spotify:track:1hz7SRTGUNAtIQ46qiNv2p,"GONE, GONE / THANK YOU","Tyler, The Creator",IGOR,32411217,82f7c746-924f-47fb-b4ab-1410b6e68a69,2019,f6beac20-5dfe-4d1f-ae02-0b0a740aafd6,"Tyler, The Creator",
spotify:track:6EF0xhfKtQNqUPz2mnE5BD,The Motherload,Mastodon,Once More 'Round the Sun,27443213,4d12db4b-5eb8-415d-9b0b-42006a4ef830,2014,bc5e2ad6-0a4a-4d90-b911-e9a7e6861727,Mastodon,
spotify:track:1QEEqeFIZktqIpPI4jSVSF,More Than a Feeling,Boston,Boston,32260421,30db25d0-a86c-4ad0-983c-b65d49d75c6c,,0d8b0d50-e4cf-4da4-965d-f24c58ec3268,Boston,
spotify:track:6tsojOQ5wHaIjKqIryLZK6,All My Life,Foo Fighters,One By One (Expanded Edition),27404617,e46e410d-d58f-4a37-9771-155013fc038f,,67f66c07-6e61-4026-ade5-7e782fad3a5d,Foo Fighters,
spotify:track:7hcxJR8tbt1it6G4xZkjCL,RPG,Kill Bill: The Rapper,Resin,32201955,ac005207-5f73-4019-9a56-9b3ffdb0723d,2016,7ff25558-3e85-4ffd-9da9-88c9e4af6a2d,Kill Bill: The Rapper,
spotify:track:3a6PN6BRB8PP3ms48s7kU1,Empire Ants (feat. Little Dragon),Gorillaz,Plastic Beach,27327018,,,,,no_match
spotify:track:5FZxsHWIvUsmSK1IAvm2pp,Best of You,Foo Fighters,In Your Honor,32097584,305e7983-938a-49ac-a0d2-b231f6b4680f,2006,67f66c07-6e61-4026-ade5-7e782fad3a5d,Foo Fighters,
spotify:track:2OFTReYuUzKvEOPRsKkRXj,Reaper,Manwolves,A Safety Meeting,27210317,0086f074-2932-4d6f-b5b1-ecdcfebffb9a,2018,507d821a-dd31-426c-8bae-4006148f7ca1,Manwolves,
spotify:track:0IktbUcnAGrvD03AWnz3Q8,Lucky,Jason Mraz,We Sing. We Dance. We Steal Things.,32048653,cafa2bad-a7ea-44f7-956e-91b3af2e78c2,,82eb8936-7bf6-4577-8320-a2639465206d,Jason Mraz,
spotify:track:3ismf3UU9Ltq1dNzKtoRgN,Hola,Kill Bill: The Rapper,Ramona,27124450,,,,,no_match
spotify:track:6IlI1VmXpLxIe2InFhCm4N,4000 Rainy Nights - Remastered 2016,Stratovarius,Destiny (Reissue 2016),31909905,04d0ad20-c684-4d7c-bf8b-b121c1d21671,,c3d6fdd5-67c5-453e-87e3-d17a00a52879,Stratovarius,
spotify:track:6LgJvl0Xdtc73RJ1mmpotq,Paranoid Android,Radiohead,OK Computer,31699703,2321576e-141e-4a00-b403-bfd8da62b17c,,a74b1b7f-71a5-4011-9441-d0b5e4122711,Radiohead,
spotify:track:0oHn3CGVerdfLqIrN6CT42,"Muddy Water (Changbin, Hyunjin, HAN, Felix)",Stray Kids,ODDINARY,27093014,,,,,no_match
spotify:track:7uWVT3UkCAZyANvv0bdyQn,These Walls,Kendrick Lamar,To Pimp A Butterfly,27043449,7354902d-9e0b-4021-9dab-2e1ec49d6964,2015,381086ea-f511-4aba-bdf9-71c753dc5077,Kendrick Lamar,
spotify:track:5HtNvKihacAXt34DDYYxBC,Man of War,Radiohead,OK Computer OKNOTOK 1997 2017,31617006,6a1e1510-c131-485e-abd0-fb4074ebc1c8,,a74b1b7f-71a5-4011-9441-d0b5e4122711,Radiohead,
spotify:track:3q2v8QaTnHLveAQzR6gvYm,"Sing About Me, I'm Dying Of Thirst",Kendrick Lamar,"good kid, m.A.A.d city",31581374,4f129f6c-9a90-415b-9513-d683f112863a,,381086ea-f511-4aba-bdf9-71c753dc5077,Kendrick Lamar,
spotify:track:2IUppQQ7Pj5ZBb9e2yFaa1,Ice Cream,Sad Frosty,Ice Cream,26900097,6550431e-b56e-414c-b5b3-07dff4316306,2022,55fb1ec1-26a2-4f43-8210-1e831235b55b,Sad Frosty,
spotify:track:34MFr4OSNKrWyZR6rjSCDZ,Get Enough,CatDany,follow catdany on *******,31564819,57a03aef-8a39-4a3f-982d-a216d0c74ed1,2019,a3e6b986-9ba2-4089-8157-bc92e9c471af,CatDany,
spotify:track:541h4d7WuZdj3BMzkCv4mN,Hillside,Scuare,Phenomenal,26876953,7f11584d-017c-446d-8d45-0a229f3a3247,2021,e1295b60-1c1b-40a6-987e-d9c5b8733232,Scuare,
spotify:track:2RMnywCJYkUZ8hSSjQlHmO,Storge,samlrc,A Lonely Sinner,31540546,f79139de-e65b-458d-a71a-60e72e34a7d5,2024,c9b8053b-e81d-486c-b117-dc15bd3bb604,samlrc,
spotify:track:0tYZo2UhV1lrUez5CA0Iyw,Guerrilla,ATEEZ,THE WORLD EP.1 : MOVEMENT,26514913,cd4ec433-50ea-47f5-80c7-f0b2f5b42f0f,2022,cf0dbc16-4e24-4957-b5b4-955c8978f690,ATEEZ,
spotify:track:3pShTDa5E1bPBkrc1mxxGY,Dirty,grandson,Death Of An Optimist,31510684,114fb91a-0d4b-4c76-8314-041c4353be74,2020,cc699fe3-db51-4837-928f-8f712c61a01a,grandson,
spotify:track:430qNtapCS3Ue1yoSql1oV,I Ain't Got Time!,"Tyler, The Creator",Flower Boy,26501336,d37e1442-406c-400f-8a56-1cc9681a5b91,2017,f6beac20-5dfe-4d1f-ae02-0b0a740aafd6,"Tyler, The Creator",
spotify:track:61Q9oJNd9hJQFhSDh6Qlap,House Of The Rising Sun,The Animals,The Best Of The Animals,31340019,54809c47-1fde-4056-af82-5800fc1faeb7,,4d8afa16-4018-4ca8-8b5e-ede8f9314562,The Animals,
spotify:track:0M955bMOoilikPXwKLYpoi,I Hate Everything About You,Three Days Grace,Three Days Grace,26477140,274e0ad5-df49-4580-b794-15e819a318eb,2003,fabb37f8-eb2a-4cc1-a72a-b56935bbb72d,Three Days Grace,
spotify:track:7lRlq939cDG4SzWOF4VAnd,I'm Not Okay (I Promise),My Chemical Romance,Three Cheers for Sweet Revenge,31183194,15f123a3-a74a-4b60-89eb-e115eb0fbc0e,2006,c07f0676-9143-4217-8a9f-4c26bd636f13,My Chemical Romance,
spotify:track:6wqJeItl3Vc3az4ZicSQAB,Before I Forget,Slipknot,Vol. 3: The Subliminal Verses,26438816,ef31d4b9-ccfb-4921-8d5d-e4f5484a4c87,2005,a466c2a2-6517-42fb-a160-1087c3bafd9f,Slipknot,
spotify:track:7hQJA50XrCWABAu5v6QZ4i,Don't Stop Me Now - Remastered 2011,Queen,Jazz,31151246,77ca9573-afdd-48b4-af27-9c92b95eaafe,1992,0383dadf-2a4e-4d10-a46a-e9e041da8eb3,Queen,
spotify:track:7ornLs8NlxZ95IDWTyBIEj,Hole In My Soul,Aerosmith,Nine Lives,26109385,3d2f0401-7bb1-45ee-9a63-121d7d3f9109,1997,3d2b98e5-556f-4451-a3ff-c50ea18d57cb,Aerosmith,
spotify:track:6UnGBNWVuwYfdDo9NfKkpP,Who Wants To Live Forever - Remastered 2011,Queen,A Kind of Magic,31115676,253a2272-2c3e-451f-8887-d48cf20b32cf,1996,0383dadf-2a4e-4d10-a46a-e9e041da8eb3,Queen,
spotify:track:5TpPSTItCwtZ8Sltr3vdzm,Last Night on Earth,Green Day,21st Century Breakdown,26060955,26755231-8f3b-4994-b296-4af440eb2532,,084308bd-1654-436f-ba03-df6697104e19,Green Day,
spotify:track:3TO7bbrUKrOSPGRTB5MeCz,Time,Pink Floyd,The Dark Side of the Moon,30906820,6dea3adf-c404-455a-bb87-9eeeb037a80c,1990,83d91898-7763-47d7-b03b-b92132375c47,Pink Floyd,
spotify:track:4ddFyyFEf4dapnWJLXDzg3,my time (an optimistic rebuttal),Rav,my time (an optimistic rebuttal),30826308,31a7b7d5-d676-4b51-b6e5-dd67c3fa88bd,2021,dd2ae026-4144-4ee3-a7b4-09434a465c34,Rav,
spotify:track:3e6ebtUCZ0tZL1J7wvM8Xi,VOID,Lil Nas X,MONTERO,26005322,ade71056-e2ae-4ec5-8891-b6ff37426410,2021,0b30341b-b59d-4979-8130-b66c0e475321,Lil Nas X,
spotify:track:4XETJI7t8169KgdWezgKPL,Black Diamond - Remastered 2016,Stratovarius,Best Of,30642184,74f70381-b28a-40f8-8c72-6694f1f9e38c,2012,c3d6fdd5-67c5-453e-87e3-d17a00a52879,Stratovarius,
spotify:track:7iK56bHDb3S8ijQ5cy7xlk,take a trip,ceo@business.net,incentivize unpaid overtime 2,25999115,7d0a6be8-a75b-4d28-b1c5-9d0d4731f8a0,,e62c627b-c9ec-452d-a8b0-101554b20ae3,ceo@business.net,
spotify:track:0fZRNhPJ4AGmwY7rkpdbqK,ON,BTS,MAP OF THE SOUL : 7,30572954,daee9b09-d34a-4594-82ed-b11808275ace,,0d79fe8e-ba27-4859-bb8c-2f255f346853,BTS,
spotify:track:4oFtLSgHyZPNYDCcANhTnO,Institutionalized,Kendrick Lamar,To Pimp A Butterfly,25982098,4258f167-fbef-4d1b-a9be-bc9549218f0c,2015,381086ea-f511-4aba-bdf9-71c753dc5077,Kendrick Lamar,
spotify:track:3siV97CGxI5gEnNkTAJCWD,The House Always Wins,The Stupendium,The House Always Wins,30444643,46f93991-cb36-4002-9ba5-7602499aae36,2018,1c26c1d5-ec2d-427c-874c-c647c1f67276,The Stupendium,
spotify:track:49lGDRCd4zD9p56RQ4D5HP,Survivor’s Guilt,Vylet Pony,Monarch of Monsters,25971174,7429d639-18c5-4d92-b215-04d381cf49a2,2024,6a84105c-af0a-4367-8d54-e7dd6ceb19af,Vylet Pony,
spotify:track:1CoEh6Za0mJkJrtJKgEuPD,BROKEN BEARINGS,atlas,BROKEN BEARINGS,30432540,3663de7f-c046-48f8-acdb-3da12b5120d5,2018,d604a2f1-6397-458a-be95-ab47403a3e9f,Atlas,
spotify:track:1WT11QmhZutciEv1NsHt1R,Mortal Man,Kendrick Lamar,To Pimp A Butterfly,30091347,f2465c6c-670e-44dd-a4bb-ea39288404fd,,381086ea-f511-4aba-bdf9-71c753dc5077,Kendrick Lamar,
spotify:track:23GWbiEWeZ1IteR9ijD3hn,Riptide,grandson,Death Of An Optimist,25953474,7bf4f894-d634-434f-abb3-2a9213a89a3b,2020,cc699fe3-db51-4837-928f-8f712c61a01a,grandson,
spotify:track:7rdGrVIoqwPWOULauvglio,Lost Stars,Adam Levine,Lost Stars,30067843,a6574fce-c8ca-4c72-a929-04d530ebd162,2014,a1421d73-1a21-484b-97ad-77c9a5676daf,Adam Levine,
spotify:track:53QF56cjZA9RTuuMZDrSA6,I Won't Give Up,Jason Mraz,Love Is a Four Letter Word,25874715,6ea66c28-4a48-4202-b8cf-e799c57412f6,2012,82eb8936-7bf6-4577-8320-a2639465206d,Jason Mraz,
spotify:track:56sk7jBpZV0CD31G9hEU3b,Animal I Have Become,Three Days Grace,One-X,29792370,a858ff21-b5e3-4883-9e6e-8d98c180d193,2006,fabb37f8-eb2a-4cc1-a72a-b56935bbb72d,Three Days Grace,
spotify:track:2tznHmp70DxMyr2XhWLOW0,Cigarette Daydreams,Cage The Elephant,Melophobia,29644757,34c6765e-a256-4cff-95c7-3150a288f447,2013,b41b38d4-ef3e-4f37-8c75-cfe9af999696,Cage the Elephant,
spotify:track:63OQupATfueTdZMWTxW03A,Karma Police,Radiohead,OK Computer,25823267,7e2c01ee-4ab2-41c7-9b4a-57f712053183,,a74b1b7f-71a5-4011-9441-d0b5e4122711,Radiohead,
spotify:track:0GZTJXJGQwRqKz5sO5WsAz,Pest,Vylet Pony,Monarch of Monsters,29626212,50ee3add-f1a9-467b-a21a-855071da3442,2024,6a84105c-af0a-4367-8d54-e7dd6ceb19af,Vylet Pony,
spotify:track:0Z1bYJWf48NF0kaqMSNbJk,Haunt Me,Samsa,Haunt Me,25758658,bed47b58-6922-4b91-82c1-845d4e78afaa,2017,569c3c80-418b-4189-aa9d-dfae91a751cb,Samsa,
spotify:track:4e9eGQYsOiBcftrWXwsVco,Aerials,System Of A Down,Toxicity,29510636,e701d988-a34b-4bbd-9093-7c2a0d4f3d98,,cc0b7089-c08d-4c10-b6b0-873582c17fd6,System of a Down,
spotify:track:4GKcaqt6PFor4siHXMO42e,Novocaine,The Unlikely Candidates,Novocaine,25724163,405617d6-9807-4f54-9b17-73032b33483d,2019,568a5f4b-f182-43be-9fe8-7758dd69be07,The Unlikely Candidates,
spotify:track:2DlHlPMa4M17kufBvI2lEN,Chop Suey!,System Of A Down,Toxicity,29395402,e5ff92b7-cb82-4ca8-91a9-e595ff6517c5,,cc0b7089-c08d-4c10-b6b0-873582c17fd6,System of a Down,
spotify:track:5D5T4WpBqeQUBI0SonuEh8,PLAY DEAD! PLAY DEAD!,Vylet Pony,Monarch of Monsters,25540460,ff1e67bd-b507-48f7-8860-a23777386e75,2024,6a84105c-af0a-4367-8d54-e7dd6ceb19af,Vylet Pony,
spotify:track:6WCkyaVmut83CtBFEUhDo4,Solway Firth,Slipknot,We Are Not Your Kind,29341839,27a72eed-a637-4824-814b-b532ba15b2cf,2019,a466c2a2-6517-42fb-a160-1087c3bafd9f,Slipknot,
spotify:track:5TxRUOsGeWeRl3xOML59Ai,ARE WE STILL FRIENDS?,"Tyler, The Creator",IGOR,25522964,e3111316-c43d-4abb-912b-b734fce7c797,2019,f6beac20-5dfe-4d1f-ae02-0b0a740aafd6,"Tyler, The Creator",
spotify:track:2dDcTno6URFTktC7AifShN,SRT,Atwood,SRT,29339925,a5bd99c8-edeb-46e8-83a1-a82b4ce6a81d,2020,9911c480-1b8f-4797-ae9c-a29f191a0853,Atwood,
spotify:track:6gi7qsHSH2JWZsTRHndxqm,Rain (from The Suicide Squad),grandson,Rain (from The Suicide Squad),25367823,51bb5484-4a4b-4972-bddc-a59699671005,2021,cc699fe3-db51-4837-928f-8f712c61a01a,grandson,
spotify:track:56fiFTRrSiHHH3gBeaTg2P,Nero Forte,Slipknot,We Are Not Your Kind,29323054,27753d82-a4fd-4194-8a00-a97fdc786c60,2019,a466c2a2-6517-42fb-a160-1087c3bafd9f,Slipknot,
spotify:track:0jqblvsI9LBY4irmLVqqEO,Welcome to the Family,Avenged Sevenfold,Nightmare,29254500,15440767-ce5b-4c25-b168-ebad0e86f435,2010,24e1b53c-3085-4581-8472-0b0088d2508c,Avenged Sevenfold,
spotify:track:1wcr8DjnN59Awev8nnKpQ4,Drunk-Dazed,ENHYPEN,BORDER : CARNIVAL,25311406,e4aad8c0-70e6-48e0-8a53-b2459a5ee2aa,2021,95663592-1447-4579-90f7-c94733476667,ENHYPEN,
spotify:track:51jG0OlS5GWuunFH05NyC6,Hot Knifer,Peach Pit,Being So Normal,29229800,c9057b66-b1de-44a5-af42-52ff38f412b3,2017,1888892a-06b7-4bbd-b0a1-3ffde01e4094,Peach Pit,
spotify:track:22ibTDfByaTVeZ5tLI0zHZ,Sinner,samlrc,A Lonely Sinner,25294833,ef79e7ed-5ce6-4a1f-8474-f4d6493ca50e,2024,c9b8053b-e81d-486c-b117-dc15bd3bb604,samlrc,
spotify:track:225xvV8r1yKMHErSWivnow,"I Don't Want to Miss a Thing - From ""Armageddon"" Soundtrack",Aerosmith,Armageddon - The Album,29085957,,,,,no_match
spotify:track:3iVcZ5G6tvkXZkZKlMpIUs,Alright,Kendrick Lamar,To Pimp A Butterfly,25219772,c6fa62d4-fe9b-4390-9ee8-5fcffaa1cfbc,2015,381086ea-f511-4aba-bdf9-71c753dc5077,Kendrick Lamar,
spotify:track:3vFZheR74pxUkzxqhXTZ2X,Ruler of Everything,Tally Hall,Marvin's Marvelous Mechanical Museum,29076094,1b0bc8e6-90c1-41c0-89c3-c465db671a3b,,407d7ae0-c297-491c-bd19-4185e2b12ef2,Tally Hall,
spotify:track:2AUAW0umcHAEU3Aq80sg38,Berlin,Rare Americans,Rare Americans 2,25077092,1054482f-3000-44eb-af11-01b553239887,2021,78fcc713-214b-4f04-a84e-af800e2d34ba,Rare Americans,
spotify:track:3XEnD6waKU6E67IJXGURga,Sunny Disposition,Avenged Sevenfold,The Stage,29025957,1505919d-1526-4ec6-b361-01c7b8a292e5,2016,24e1b53c-3085-4581-8472-0b0088d2508c,Avenged Sevenfold,
spotify:track:6w4nlTYyrzB5kYhiABzBsQ,Bring it on,ONEUS,TRICKSTER,25033956,9a7dc47c-c2c6-4e15-b402-91be23e8b52f,2022,c010eb84-2de1-40b2-b267-40de6002daab,ONEUS,
spotify:track:3PTBfw2zgvY9HjpBU8VoFz,6:00,grandson,a modern tragedy vol. 1,28988052,2263828e-40c5-478d-967b-a68c2838a217,2019,cc699fe3-db51-4837-928f-8f712c61a01a,grandson,
spotify:track:5gNID1xaU7CxVhFwUjzcVx,Solanine,Rav,Beneath the Toxic Jungle,28923831,4320669b-de32-4870-b78b-7908838d5b63,2015,dd2ae026-4144-4ee3-a7b4-09434a465c34,Rav,
spotify:track:0NjW4SKY3gbfl2orl1p8hr,IFHY (feat. Pharrell),"Tyler, The Creator",Wolf,24984139,b89cef63-c89e-4f8b-a18c-e8292d6feffd,2013,f6beac20-5dfe-4d1f-ae02-0b0a740aafd6,"Tyler, The Creator",
spotify:track:0snQkGI5qnAmohLE7jTsTn,Toxicity,System Of A Down,Toxicity,28898352,b4c66cc1-de1f-4016-8085-cba57b20cc90,2002,cc0b7089-c08d-4c10-b6b0-873582c17fd6,System of a Down,
spotify:track:7bhfCl1a1InaSy8NOWVswk,'Til We Die,Slipknot,All Hope Is Gone,24972971,6e56449f-68d8-4731-90c3-95f4fb6b75ed,2008,a466c2a2-6517-42fb-a160-1087c3bafd9f,Slipknot,
spotify:track:2VgQLPaAPaJRIXeL0FIW2q,The Fall,half•alive,3,28812950,95ac61f7-c45a-4448-b6df-b3910d8b349c,,00d0f0fa-a48c-416d-b4ff-25a290ce82d8,half•alive,
spotify:track:52zfZjVEiMM1EK51ERuaEi,I'm Going Slightly Mad - Remastered 2011,Queen,Innuendo,24796071,bdf31478-b454-4acf-bdab-bcb59b41ada8,1991,0383dadf-2a4e-4d10-a46a-e9e041da8eb3,Queen,
spotify:track:7HKRWMTErKh56EIBeFcmdf,Seize the Day,Avenged Sevenfold,City of Evil,28755216,a133a7ee-3c2b-4dbf-9009-a2de8f6883c8,,24e1b53c-3085-4581-8472-0b0088d2508c,Avenged Sevenfold,
spotify:track:3oFsFnNkVP9SU8K8KKVUTm,The Ballad of G and X // Interlude,grandson,Death Of An Optimist,24795517,2c0ebcc1-869e-4912-9110-65e88062872e,2020,cc699fe3-db51-4837-928f-8f712c61a01a,grandson,
spotify:track:79gHIflQQwd6o8hYd7J7aQ,The Heretic (Woe is Me),Vylet Pony,Monarch of Monsters,28615990,6e3aff19-cc6e-49c2-8208-0bb6a39a48ce,2024,6a84105c-af0a-4367-8d54-e7dd6ceb19af,Vylet Pony,
spotify:track:7lY8aoN3wUR3NY4nUwigPv,"Paint It, Black - (Original Single Mono Version)",The Rolling Stones,Singles 1965-1967,24783976,,,,,no_match
spotify:track:2fAYTT9kcUm8tnUrhD80sC,What It Takes,Aerosmith,Big Ones,28565630,9f8e8f8a-e27b-4397-93a3-8919e07cd976,,3d2b98e5-556f-4451-a3ff-c50ea18d57cb,Aerosmith,
spotify:track:1kISGVJoCqozjc4280wBcU,As Tears Go By,Avenged Sevenfold,The Stage,24716731,a9ba49a9-e49e-4d74-a0d1-309c56a63dc9,2017,24e1b53c-3085-4581-8472-0b0088d2508c,Avenged Sevenfold,
spotify:track:7wC2ejvUwTAAyp2fCXyyy7,KillerBeast,Camellia,Blackmagik Blazing,24634507,,,,,no_match
spotify:track:64yrDBpcdwEdNY9loyEGbX,21 Guns,Green Day,21st Century Breakdown,28413658,467544b8-5f41-424f-a772-551c31b18eea,2009,084308bd-1654-436f-ba03-df6697104e19,Green Day,
spotify:track:61mWefnWQOLf90gepjOCb3,Duality,Slipknot,Vol. 3: The Subliminal Verses,24528168,f49c47f7-ad83-4e33-a321-ad5f30898130,,a466c2a2-6517-42fb-a160-1087c3bafd9f,Slipknot,
spotify:track:4ofi9goaZUnwcWvdSPYcYX,Untethered Angel,Dream Theater,Distance Over Time,28339512,4ed64135-77b8-44a6-b023-266b504571a3,2022,28503ab7-8bf2-4666-a7bd-2644bfc7cb1d,Dream Theater,
spotify:track:63UNqAjFomMcZXc2InOxTC,TOO DEEP TO TURN BACK,Daniel Caesar,CASE STUDY 01,28333164,97655b4e-ade8-4cb2-87a7-0e16f6e9768c,2019,b46e298d-d3a5-4695-a03e-63e8c523b23e,Daniel Caesar,
spotify:track:60a5c4dDARPsksClcom0OD,Amazing,Aerosmith,Get A Grip,24502177,a6859393-8a79-4371-b34f-5500f87fe527,,3d2b98e5-556f-4451-a3ff-c50ea18d57cb,Aerosmith,
spotify:track:58ge6dfP91o9oXMzq3XkIS,505,Arctic Monkeys,Favourite Worst Nightmare,28087107,e7004566-96a9-4830-bcdf-996a393ae22a,,ada7a83c-e3e1-40f1-93f9-3e73dbc9298a,Arctic Monkeys,
spotify:track:4KacUpvbA3Mfo05gttTjhN,Fat Lip,Sum 41,"All Killer, No Filler",24490125,6461676d-2f39-44ac-a0cb-589f5eb7b3b8,,f2eef649-a6d5-4114-afba-e50ab26254d2,Sum 41,
spotify:track:2SYoIH2dRW7hldxGTpFChH,Then There's Me,Kill Bill: The Rapper,Ramona,24417276,,,,,no_match
spotify:track:0fnmqKRyN4lTswvyOXz0ID,Cosmic Freeway,Yeek,Sebastian,28064042,08549c41-8c96-466c-b599-bbe16fbab246,2017,a5b20ca2-55ee-4d1c-8236-7c38f5398997,Yeek,
spotify:track:5ALscmg72ZgG4TegxbtLqi,Room 137,Dream Theater,Distance Over Time,24237614,335f2430-dd94-4fed-9885-cc0a10161056,2019,28503ab7-8bf2-4666-a7bd-2644bfc7cb1d,Dream Theater,
spotify:track:3KlizfYIRTmPuvqbNs6VSA,My Friends Are Robots,Arrested Youth,Fear,28046578,ddac4f89-4589-455a-ba2b-e8d01f4fdd18,2018,4e249ccf-c4de-4237-aef1-922f90a2f786,Arrested Youth,
spotify:track:6War9Nidwyd881TDnaKWV8,Mirror,Stray Kids,SKZ2020,27924148,2545ab8c-cb9b-4750-9155-739a57dd3ed6,2018,142b343d-bf5a-428c-a64f-6d1a7566bbe9,Stray Kids,
spotify:track:3U4isOIWM3VvDubwSI3y7a,All of Me,John Legend,Love In The Future (Expanded Edition),27892360,0a9f3f18-2eeb-4253-8f2c-3e4da08704af,,75a72702-a5ef-4513-bca5-c5b944903546,John Legend,
spotify:track:5rW7qTn83sCKtqBoneJs63,edamame,bbno$,eat ya veggies,24172184,0cecf8a2-ed9f-46e5-9409-584e2b45392f,2021,27638856-79a1-4495-b7da-1912899560c7,bbno$,
spotify:track:7BqBn9nzAq8spo5e7cZ0dJ,Just the Way You Are,Bruno Mars,Doo-Wops & Hooligans,24133585,f3334d3c-2fed-4104-995e-cd1f37234f6f,2010,afb680f2-b6eb-4cd7-a70b-a63b25c763d5,Bruno Mars,
spotify:track:01LODLnhlfNphZ366BqKc0,Now That We're Dead,Metallica,Hardwired…To Self-Destruct,27877315,b0a976dc-c327-4b0b-a79d-437c5cb0ec34,2018,65f4f0c5-ef9e-490c-aee3-909e7ae6b2ab,Metallica,
spotify:track:20I8RduZC2PWMWTDCZuuAN,Take Me Out,Franz Ferdinand,Franz Ferdinand,24132017,ae3d4547-9254-40de-9196-061d774fdb44,2004,aa7a2827-f74b-473c-bd79-03d065835cf7,Franz Ferdinand,
spotify:track:2d6m2F4I7wCuAKtSsdhh83,Famous Last Words,My Chemical Romance,The Black Parade,27859955,a022034c-36e1-4153-a670-54989180aad2,2007,c07f0676-9143-4217-8a9f-4c26bd636f13,My Chemical Romance,
spotify:track:36kaImsnzRzsU6L4cvWP6s,Delight,Jamie Berry,Delight,24038267,ca22a12b-072d-475d-a9c0-2fa6d718d8d6,,956b1fa3-e244-4e33-903f-4c834ead136e,Jamie Berry,
spotify:track:3r0mb1tzAcCNoA8YRXuIhZ,In Over My Head,grandson,Death Of An Optimist,24017022,5a340e7b-0673-4e9e-a308-60ea25955fb5,2020,cc699fe3-db51-4837-928f-8f712c61a01a,grandson,
spotify:track:5fqvrm2jU2UwzGR9xhw1WS,Playing with Fire - Remastered 2016,Stratovarius,Destiny (Reissue 2016),27799886,f92120da-919e-4844-acdc-e7a2f80fc54e,1998,c3d6fdd5-67c5-453e-87e3-d17a00a52879,Stratovarius,
spotify:track:790YJcgHlN3SaosQCHlWzn,Love Of My Life - Remastered 2011,Queen,A Night At The Opera,23925753,7672fb19-2ef0-40dc-8b35-24737539191e,2003,0383dadf-2a4e-4d10-a46a-e9e041da8eb3,Queen,
spotify:track:2ctvdKmETyOzPb2GiJJT53,Breathe (In the Air),Pink Floyd,The Dark Side of the Moon,27759495,7bbe3731-f165-409b-a22c-04ee857959c2,,83d91898-7763-47d7-b03b-b92132375c47,Pink Floyd,
spotify:track:4gD68gReo8iXcV9FeRTyQL,Two-Headed Boy Pt. 2,Neutral Milk Hotel,In the Aeroplane Over the Sea,23853891,888c8219-bae2-41f2-aa84-b5bf545b4c68,,a506f761-2c22-4b2f-8a94-bd748c2c8f75,Neutral Milk Hotel,
spotify:track:55meRTYBw8S5q7KF3DkjL7,The Bandit,Kings of Leon,"The Bandit / 100,000 People",27741282,70625a60-7332-4737-8714-8e45bbf89eb6,2021,6ffb8ea9-2370-44d8-b678-e9237bbd347b,Kings of Leon,
spotify:track:725NSbIej5lP3GfhLC7So3,115,Elena Siegman,Call of Duty: Black Ops – Zombies (Original Game Soundtrack),23782104,ce6a47ff-550e-4244-9db6-c1144c139d3d,2011,38c71b9e-4bf4-4b92-aa59-514f2e726e8d,Elena Siegman,
spotify:track:33v6ir6PfrVfhpkeKLRujC,stupid,guardin,stupid,27714760,dcd5e5b1-f14e-4a84-af1e-fc12f13a8201,2019,daefe844-55f2-47d8-a1bf-344484dfdade,guardin,
spotify:track:2AYEOC02WLhUiOoaig2SEH,Out of My League,Fitz and The Tantrums,More Than Just a Dream,23607597,1ad899fe-b7d4-4e79-b620-8d85f9af06b9,2013,8560d4e8-05e2-4c20-980b-ad2db445dd5d,Fitz and the Tantrums,
spotify:track:6wbMtIVAux339lmOWlKZIx,Gifts for the Earth,Deafheaven,New Bermuda,27516733,a0377c68-dbb8-4535-affd-357f5fbdc26c,2015,f4ccf6c5-ad41-4f8f-bb9e-6e2c6ad23302,Deafheaven,
spotify:track:4SsgF844NGbl7UFcymqWKy,Red Flag,Slipknot,We Are Not Your Kind,27477861,7f2a77f9-346a-48d0-a54d-665beea8436d,2019,a466c2a2-6517-42fb-a160-1087c3bafd9f,Slipknot,
spotify:track:57JVGBtBLCfHw2muk5416J,Another One Bites The Dust - Remastered 2011,Queen,The Game,23570322,22d9a7eb-226e-4726-b07d-f6291c1438aa,1991,0383dadf-2a4e-4d10-a46a-e9e041da8eb3,Queen,
spotify:track:1CmhkiXegdbj3Ewizvdg2Q,Best Friends,grandson,Best Friends,27472761,7c71f032-7729-464c-8d42-041e5a853de6,2017,cc699fe3-db51-4837-928f-8f712c61a01a,grandson,
spotify:track:7FjITxlcgw9rsUiFgkxCeL,Mailman,Soundgarden,Superunknown,23533072,b883cc1e-1357-4ab9-8a66-cd9bd651f058,2010,153c9281-268f-4cf3-8938-f5a4593e5df4,Soundgarden,
spotify:track:6EF0xhfKtQNqUPz2mnE5BD,The Motherload,Mastodon,Once More 'Round the Sun,27443213,4d12db4b-5eb8-415d-9b0b-42006a4ef830,2014,bc5e2ad6-0a4a-4d90-b911-e9a7e6861727,Mastodon,
spotify:track:6tsojOQ5wHaIjKqIryLZK6,All My Life,Foo Fighters,One By One (Expanded Edition),27404617,e46e410d-d58f-4a37-9771-155013fc038f,,67f66c07-6e61-4026-ade5-7e782fad3a5d,Foo Fighters,
spotify:track:63irPUP3xB74fHdw1Aw9zR,MANIAC,Stray Kids,ODDINARY,23508295,cd80d408-adc1-499d-a1f4-9363836aba50,2022,142b343d-bf5a-428c-a64f-6d1a7566bbe9,Stray Kids,
spotify:track:3a6PN6BRB8PP3ms48s7kU1,Empire Ants (feat. Little Dragon),Gorillaz,Plastic Beach,27327018,,,,,no_match
spotify:track:4fY6EU3jUQQISiUR8DLXuM,Sweet FA,Peach Pit,Sweet FA,23365950,3070798c-6358-4d18-a60f-9e5c6aee4f97,2016,1888892a-06b7-4bbd-b0a1-3ffde01e4094,Peach Pit,
spotify:track:2OFTReYuUzKvEOPRsKkRXj,Reaper,Manwolves,A Safety Meeting,27210317,0086f074-2932-4d6f-b5b1-ecdcfebffb9a,2018,507d821a-dd31-426c-8bae-4006148f7ca1,Manwolves,
spotify:track:2ZltjIqztEpZtafc8w0I9t,3005,Childish Gambino,Because the Internet,23328476,636bf08d-7db2-45cf-8a28-4b6f06b97d79,2019,7fb57fba-a6ef-44c2-abab-2fa3bdee607e,Childish Gambino,
spotify:track:1KzZgT48OZYKYVG9VRMjl4,Stim Sludge,Sugs,Stim Sludge,23326796,5fa06b9f-7eb5-49f2-bd50-50c58604f56d,,8623a957-7d28-499e-9485-aa9374159887,Sugs,
spotify:track:3ismf3UU9Ltq1dNzKtoRgN,Hola,Kill Bill: The Rapper,Ramona,27124450,,,,,no_match
spotify:track:6Ib6RkvLBMD85bov85apSL,DOMINO,Stray Kids,NOEASY,23323791,6ff70a51-78ec-4a42-9736-2dc52bd52a2b,2021,142b343d-bf5a-428c-a64f-6d1a7566bbe9,Stray Kids,
spotify:track:3uRLwBjI2TahxslcMTvpFs,DNA,BTS,Love Yourself 承 'Her',23197444,4e7bfe28-623f-4123-b688-e55ef346b8fe,2017,0d79fe8e-ba27-4859-bb8c-2f255f346853,BTS,
spotify:track:0oHn3CGVerdfLqIrN6CT42,"Muddy Water (Changbin, Hyunjin, HAN, Felix)",Stray Kids,ODDINARY,27093014,,,,,no_match
spotify:track:5mMSj2y7aUBnXdL0AuH4hl,Is This What You Wanted,grandson,a modern tragedy vol. 2,23188624,89eef7e1-859a-4e41-8200-0da04e7951a5,2019,cc699fe3-db51-4837-928f-8f712c61a01a,grandson,
spotify:track:7uWVT3UkCAZyANvv0bdyQn,These Walls,Kendrick Lamar,To Pimp A Butterfly,27043449,7354902d-9e0b-4021-9dab-2e1ec49d6964,2015,381086ea-f511-4aba-bdf9-71c753dc5077,Kendrick Lamar,
spotify:track:2IUppQQ7Pj5ZBb9e2yFaa1,Ice Cream,Sad Frosty,Ice Cream,26900097,6550431e-b56e-414c-b5b3-07dff4316306,2022,55fb1ec1-26a2-4f43-8210-1e831235b55b,Sad Frosty,
spotify:track:2AT8iROs4FQueDv2c8q2KE,R U Mine?,Arctic Monkeys,AM,23112791,0263b746-cd34-445e-8a9f-5af297a9ed1a,2013,ada7a83c-e3e1-40f1-93f9-3e73dbc9298a,Arctic Monkeys,
spotify:track:541h4d7WuZdj3BMzkCv4mN,Hillside,Scuare,Phenomenal,26876953,7f11584d-017c-446d-8d45-0a229f3a3247,2021,e1295b60-1c1b-40a6-987e-d9c5b8733232,Scuare,
spotify:track:0oJMayUq5CAOfMFj7wP7Dx,Sacred Elements,Mr.Tree,Splitting,23068480,,,,,no_match
spotify:track:0tYZo2UhV1lrUez5CA0Iyw,Guerrilla,ATEEZ,THE WORLD EP.1 : MOVEMENT,26514913,cd4ec433-50ea-47f5-80c7-f0b2f5b42f0f,2022,cf0dbc16-4e24-4957-b5b4-955c8978f690,ATEEZ,
spotify:track:2XGCI73fTXoYmfsZofZniS,Balmoral Hotel,Rare Americans,Rare Americans,22953929,7860574f-f270-4d9a-bcdf-574d43875732,2018,78fcc713-214b-4f04-a84e-af800e2d34ba,Rare Americans,
spotify:track:430qNtapCS3Ue1yoSql1oV,I Ain't Got Time!,"Tyler, The Creator",Flower Boy,26501336,d37e1442-406c-400f-8a56-1cc9681a5b91,2017,f6beac20-5dfe-4d1f-ae02-0b0a740aafd6,"Tyler, The Creator",
spotify:track:5WNYg3usc6H8N3MBEp4zVk,Boredom (feat. Rex Orange County & Anna of the North),"Tyler, The Creator",Flower Boy,22887836,6b611360-bd60-4e24-b3b6-18e57237d13e,2017,f6beac20-5dfe-4d1f-ae02-0b0a740aafd6,"Tyler, The Creator",
spotify:track:0M955bMOoilikPXwKLYpoi,I Hate Everything About You,Three Days Grace,Three Days Grace,26477140,274e0ad5-df49-4580-b794-15e819a318eb,2003,fabb37f8-eb2a-4cc1-a72a-b56935bbb72d,Three Days Grace,
spotify:track:14XWXWv5FoCbFzLksawpEe,Riders on the Storm,The Doors,L.A. Woman,22810428,cb037862-0b7f-4289-b8eb-1c8381e27087,1999,9efff43b-3b29-4082-824e-bc82f646f93d,The Doors,
spotify:track:6wqJeItl3Vc3az4ZicSQAB,Before I Forget,Slipknot,Vol. 3: The Subliminal Verses,26438816,ef31d4b9-ccfb-4921-8d5d-e4f5484a4c87,2005,a466c2a2-6517-42fb-a160-1087c3bafd9f,Slipknot,
spotify:track:3w3y8KPTfNeOKPiqUTakBh,Locked out of Heaven,Bruno Mars,Unorthodox Jukebox,22780020,98ce9df2-231a-4964-b2d0-cb918b79b2d7,2014,afb680f2-b6eb-4cd7-a70b-a63b25c763d5,Bruno Mars,
spotify:track:78XFPcFYN8YFOHjtVwnPsl,Unholy Confessions,Avenged Sevenfold,Waking The Fallen,22735310,a75e241e-e17e-4391-9bb7-6db5ff2cefca,2008,24e1b53c-3085-4581-8472-0b0088d2508c,Avenged Sevenfold,
spotify:track:7ornLs8NlxZ95IDWTyBIEj,Hole In My Soul,Aerosmith,Nine Lives,26109385,3d2f0401-7bb1-45ee-9a63-121d7d3f9109,1997,3d2b98e5-556f-4451-a3ff-c50ea18d57cb,Aerosmith,
spotify:track:5TpPSTItCwtZ8Sltr3vdzm,Last Night on Earth,Green Day,21st Century Breakdown,26060955,26755231-8f3b-4994-b296-4af440eb2532,,084308bd-1654-436f-ba03-df6697104e19,Green Day,
spotify:track:2Ax4rdLenBhULX7nRbhful,Cyberpunk,ATEEZ,THE WORLD EP.1 : MOVEMENT,22693562,e2893e4b-1872-4bf4-b548-b45ee560febd,2024,cf0dbc16-4e24-4957-b5b4-955c8978f690,ATEEZ,
spotify:track:3e6ebtUCZ0tZL1J7wvM8Xi,VOID,Lil Nas X,MONTERO,26005322,ade71056-e2ae-4ec5-8891-b6ff37426410,2021,0b30341b-b59d-4979-8130-b66c0e475321,Lil Nas X,
spotify:track:59x9anKxA7gNiDvqbtTzmS,God Only Knows,Avenged Sevenfold,The Stage,22665688,3d47d23c-de73-4b72-a7a2-cd1addd01e3b,2017,24e1b53c-3085-4581-8472-0b0088d2508c,Avenged Sevenfold,
spotify:track:7iK56bHDb3S8ijQ5cy7xlk,take a trip,ceo@business.net,incentivize unpaid overtime 2,25999115,7d0a6be8-a75b-4d28-b1c5-9d0d4731f8a0,,e62c627b-c9ec-452d-a8b0-101554b20ae3,ceo@business.net,
spotify:track:06AojtTNdRQ1fB80VbB1g2,Not Long for This World,Slipknot,We Are Not Your Kind,22639509,19b88401-f65b-40a1-b37d-f32390fdf206,2019,a466c2a2-6517-42fb-a160-1087c3bafd9f,Slipknot,
spotify:track:4oFtLSgHyZPNYDCcANhTnO,Institutionalized,Kendrick Lamar,To Pimp A Butterfly,25982098,4258f167-fbef-4d1b-a9be-bc9549218f0c,2015,381086ea-f511-4aba-bdf9-71c753dc5077,Kendrick Lamar,
spotify:track:1JRJ5YYPN1di8OAQ4wmsTZ,Bass Me Baby,Annella,Bass Me Baby,22548420,74d77a6b-c6c4-4c5a-b3bc-bc51137a895e,2016,522a1c3b-bcfe-4299-9c75-156fee42f3ef,Annella,
spotify:track:49lGDRCd4zD9p56RQ4D5HP,Survivor’s Guilt,Vylet Pony,Monarch of Monsters,25971174,7429d639-18c5-4d92-b215-04d381cf49a2,2024,6a84105c-af0a-4367-8d54-e7dd6ceb19af,Vylet Pony,
spotify:track:6shrCEEMcrT6Akxkk8IhLC,gimme gimme,NCT 127,LOVEHOLIC,22544270,f8cf802b-bdd8-4568-b6f8-0e8924807293,2021,9d17d14a-e81c-410e-a90b-b02b0a9de6f8,NCT 127,
spotify:track:23GWbiEWeZ1IteR9ijD3hn,Riptide,grandson,Death Of An Optimist,25953474,7bf4f894-d634-434f-abb3-2a9213a89a3b,2020,cc699fe3-db51-4837-928f-8f712c61a01a,grandson,
spotify:track:53QF56cjZA9RTuuMZDrSA6,I Won't Give Up,Jason Mraz,Love Is a Four Letter Word,25874715,6ea66c28-4a48-4202-b8cf-e799c57412f6,2012,82eb8936-7bf6-4577-8320-a2639465206d,Jason Mraz,
spotify:track:63OQupATfueTdZMWTxW03A,Karma Police,Radiohead,OK Computer,25823267,7e2c01ee-4ab2-41c7-9b4a-57f712053183,,a74b1b7f-71a5-4011-9441-d0b5e4122711,Radiohead,
spotify:track:16baCiplPBxdu4qt3ldP7B,PISTOL PETE,Sugs,PISTOL PETE,22468868,,,,,no_match
spotify:track:0Z1bYJWf48NF0kaqMSNbJk,Haunt Me,Samsa,Haunt Me,25758658,bed47b58-6922-4b91-82c1-845d4e78afaa,2017,569c3c80-418b-4189-aa9d-dfae91a751cb,Samsa,
spotify:track:2vPZ4Lklyu75zBR3SgbFNI,Snuff,Slipknot,All Hope Is Gone,22389081,cbeee262-6bcb-43a9-a51c-3e186f3a163a,2010,a466c2a2-6517-42fb-a160-1087c3bafd9f,Slipknot,
spotify:track:4GKcaqt6PFor4siHXMO42e,Novocaine,The Unlikely Candidates,Novocaine,25724163,405617d6-9807-4f54-9b17-73032b33483d,2019,568a5f4b-f182-43be-9fe8-7758dd69be07,The Unlikely Candidates,
spotify:track:05ib88vsMeLfwlAfrZyz99,"TASTE (Lee Know, Hyunjin, Felix)",Stray Kids,MAXIDENT,22386245,,,,,no_match
spotify:track:5D5T4WpBqeQUBI0SonuEh8,PLAY DEAD! PLAY DEAD!,Vylet Pony,Monarch of Monsters,25540460,ff1e67bd-b507-48f7-8860-a23777386e75,2024,6a84105c-af0a-4367-8d54-e7dd6ceb19af,Vylet Pony,
spotify:track:7ABWRukVQcXrIrDKDx5Gek,Only Ones Who Know,Arctic Monkeys,Favourite Worst Nightmare,22309050,eda1e853-af53-4739-96b9-e19eaea184e6,,ada7a83c-e3e1-40f1-93f9-3e73dbc9298a,Arctic Monkeys,
spotify:track:5TxRUOsGeWeRl3xOML59Ai,ARE WE STILL FRIENDS?,"Tyler, The Creator",IGOR,25522964,e3111316-c43d-4abb-912b-b734fce7c797,2019,f6beac20-5dfe-4d1f-ae02-0b0a740aafd6,"Tyler, The Creator",
spotify:track:04KsMCb9PZE2S0AtUU8Jhb,April Showers,Proleter,Curses from Past Times,22293549,5892ed7d-fed4-4f00-b72e-af1315fcb62d,2011,1f7ea922-f391-4089-bced-9b1e035e4642,ProleteR,
spotify:track:6gi7qsHSH2JWZsTRHndxqm,Rain (from The Suicide Squad),grandson,Rain (from The Suicide Squad),25367823,51bb5484-4a4b-4972-bddc-a59699671005,2021,cc699fe3-db51-4837-928f-8f712c61a01a,grandson,
spotify:track:1IqYyJ37a3gUr0NC2vOD2b,War,grandson,War,22190132,9668b54e-8839-4c4c-b7d1-19473a74d868,2017,cc699fe3-db51-4837-928f-8f712c61a01a,grandson,
spotify:track:1wcr8DjnN59Awev8nnKpQ4,Drunk-Dazed,ENHYPEN,BORDER : CARNIVAL,25311406,e4aad8c0-70e6-48e0-8a53-b2459a5ee2aa,2021,95663592-1447-4579-90f7-c94733476667,ENHYPEN,
spotify:track:031uTUhyy6xmDJqmeWJBi9,God Hates Us,Avenged Sevenfold,Nightmare,22177551,fbeea006-117c-4f5f-b671-b010cf2f9561,2010,24e1b53c-3085-4581-8472-0b0088d2508c,Avenged Sevenfold,
spotify:track:22ibTDfByaTVeZ5tLI0zHZ,Sinner,samlrc,A Lonely Sinner,25294833,ef79e7ed-5ce6-4a1f-8474-f4d6493ca50e,2024,c9b8053b-e81d-486c-b117-dc15bd3bb604,samlrc,
spotify:track:3znD2JTezT8ZLkp2pmft2l,Talk to Me,Cavetown,Dear.,21979270,b2f8e380-4157-443a-b906-a80ad365bbb5,2019,7999a8a1-6cbd-4453-8dd4-ebd03a10e44f,Cavetown,
spotify:track:3iVcZ5G6tvkXZkZKlMpIUs,Alright,Kendrick Lamar,To Pimp A Butterfly,25219772,c6fa62d4-fe9b-4390-9ee8-5fcffaa1cfbc,2015,381086ea-f511-4aba-bdf9-71c753dc5077,Kendrick Lamar,
spotify:track:5VJ05rDJ2O4cECGNbWPi64,Holier Than Thou (Remastered),Metallica,Metallica (Remastered),21974219,,,,,no_match
spotify:track:2AUAW0umcHAEU3Aq80sg38,Berlin,Rare Americans,Rare Americans 2,25077092,1054482f-3000-44eb-af11-01b553239887,2021,78fcc713-214b-4f04-a84e-af800e2d34ba,Rare Americans,
spotify:track:2dmPVqFpmhNuggEB3niC9S,Stigmata,grandson,a modern tragedy vol. 2,21938534,20fbebae-c782-4c3a-8caf-b2232a123780,2019,cc699fe3-db51-4837-928f-8f712c61a01a,grandson,
spotify:track:6w4nlTYyrzB5kYhiABzBsQ,Bring it on,ONEUS,TRICKSTER,25033956,9a7dc47c-c2c6-4e15-b402-91be23e8b52f,2022,c010eb84-2de1-40b2-b267-40de6002daab,ONEUS,
spotify:track:4t1fWWJQs5V9YErfsrDslC,Cryin',Aerosmith,Get A Grip,21903389,cd4c59b6-e8e5-40d7-b57d-58ed6c02dc30,1994,3d2b98e5-556f-4451-a3ff-c50ea18d57cb,Aerosmith,
spotify:track:0NjW4SKY3gbfl2orl1p8hr,IFHY (feat. Pharrell),"Tyler, The Creator",Wolf,24984139,b89cef63-c89e-4f8b-a18c-e8292d6feffd,2013,f6beac20-5dfe-4d1f-ae02-0b0a740aafd6,"Tyler, The Creator",
spotify:track:2KF8eFDG3rJ2kl4RHoTUyH,Pearly White Noise,Dream Son,Pearly White Noise,21843117,,,,,no_match
spotify:track:7bhfCl1a1InaSy8NOWVswk,'Til We Die,Slipknot,All Hope Is Gone,24972971,6e56449f-68d8-4731-90c3-95f4fb6b75ed,2008,a466c2a2-6517-42fb-a160-1087c3bafd9f,Slipknot,
spotify:track:3tJKattfL7fJIvKw48D7UJ,Pork,Kill Bill: The Rapper,Ramona,21813579,,,,,no_match
spotify:track:52zfZjVEiMM1EK51ERuaEi,I'm Going Slightly Mad - Remastered 2011,Queen,Innuendo,24796071,bdf31478-b454-4acf-bdab-bcb59b41ada8,1991,0383dadf-2a4e-4d10-a46a-e9e041da8eb3,Queen,
spotify:track:2Rg4XAvfGv51CNpQ4bNLaM,Revenge Fantasy,Vylet Pony,Monarch of Monsters,21794482,8ecf4179-b38e-4823-bbad-598baa93ff1d,2024,6a84105c-af0a-4367-8d54-e7dd6ceb19af,Vylet Pony,
spotify:track:3oFsFnNkVP9SU8K8KKVUTm,The Ballad of G and X // Interlude,grandson,Death Of An Optimist,24795517,2c0ebcc1-869e-4912-9110-65e88062872e,2020,cc699fe3-db51-4837-928f-8f712c61a01a,grandson,
spotify:track:6y2DHyCYf6azhUfXmnuH6w,Question!,System Of A Down,Mezmerize,21723475,3c5dc92d-47d0-40cb-9f68-6a3a24f85971,,cc0b7089-c08d-4c10-b6b0-873582c17fd6,System of a Down,
spotify:track:7lY8aoN3wUR3NY4nUwigPv,"Paint It, Black - (Original Single Mono Version)",The Rolling Stones,Singles 1965-1967,24783976,,,,,no_match
spotify:track:67vYdAAM3oGsEImCRfbtsF,Times Like These,Foo Fighters,One By One (Expanded Edition),21721584,2f917b17-45ec-45c0-bf2e-7dd36069366d,,67f66c07-6e61-4026-ade5-7e782fad3a5d,Foo Fighters,
spotify:track:1kISGVJoCqozjc4280wBcU,As Tears Go By,Avenged Sevenfold,The Stage,24716731,a9ba49a9-e49e-4d74-a0d1-309c56a63dc9,2017,24e1b53c-3085-4581-8472-0b0088d2508c,Avenged Sevenfold,
spotify:track:4bcN9riyILh4IXEdmLGa8m,Burn It Down,Avenged Sevenfold,City of Evil,21556339,09b40797-8c14-4867-a59d-1495655685ab,,24e1b53c-3085-4581-8472-0b0088d2508c,Avenged Sevenfold,
spotify:track:7wC2ejvUwTAAyp2fCXyyy7,KillerBeast,Camellia,Blackmagik Blazing,24634507,,,,,no_match
spotify:track:4F0dLRNg6iHFPoSKUJ8wYC,One Big Beautiful Sound,Johnny Manchild and the Poor Bastards,One Big Beautiful Sound,21531992,8eb49ad6-eedf-4443-83a9-c3f7430b7385,2019,6a62bf71-5079-4c63-bf80-dd1cb6ae03b0,Johnny Manchild and the Poor Bastards,
spotify:track:61mWefnWQOLf90gepjOCb3,Duality,Slipknot,Vol. 3: The Subliminal Verses,24528168,f49c47f7-ad83-4e33-a321-ad5f30898130,,a466c2a2-6517-42fb-a160-1087c3bafd9f,Slipknot,
spotify:track:5Mtt6tZSZA9cXTHGSGpyh0,The Blacker The Berry,Kendrick Lamar,To Pimp A Butterfly,21419857,1a08221c-c67d-4526-a368-30193698d397,,381086ea-f511-4aba-bdf9-71c753dc5077,Kendrick Lamar,
spotify:track:60a5c4dDARPsksClcom0OD,Amazing,Aerosmith,Get A Grip,24502177,a6859393-8a79-4371-b34f-5500f87fe527,,3d2b98e5-556f-4451-a3ff-c50ea18d57cb,Aerosmith,
spotify:track:0d0jsoba88SpOoFxCxA2rZ,The Art of Peer Pressure,Kendrick Lamar,"good kid, m.A.A.d city",21416296,2c9f55dc-ac78-42f2-9d66-2c2336328e13,,381086ea-f511-4aba-bdf9-71c753dc5077,Kendrick Lamar,
spotify:track:4KacUpvbA3Mfo05gttTjhN,Fat Lip,Sum 41,"All Killer, No Filler",24490125,6461676d-2f39-44ac-a0cb-589f5eb7b3b8,,f2eef649-a6d5-4114-afba-e50ab26254d2,Sum 41,
spotify:track:2JzOF5Ex1BfufuZ6DgvOPe,Blueprint,Stray Kids,GO LIVE,21404277,,,,,no_match
spotify:track:2SYoIH2dRW7hldxGTpFChH,Then There's Me,Kill Bill: The Rapper,Ramona,24417276,,,,,no_match
spotify:track:27AG99NmWMFLRoyZMMPNW2,Two-Headed Boy,Neutral Milk Hotel,In the Aeroplane Over the Sea,21377860,396904de-f5c8-49df-bff2-6bd8c57da176,,a506f761-2c22-4b2f-8a94-bd748c2c8f75,Neutral Milk Hotel,
spotify:track:5ALscmg72ZgG4TegxbtLqi,Room 137,Dream Theater,Distance Over Time,24237614,335f2430-dd94-4fed-9885-cc0a10161056,2019,28503ab7-8bf2-4666-a7bd-2644bfc7cb1d,Dream Theater,
spotify:track:5rW7qTn83sCKtqBoneJs63,edamame,bbno$,eat ya veggies,24172184,0cecf8a2-ed9f-46e5-9409-584e2b45392f,2021,27638856-79a1-4495-b7da-1912899560c7,bbno$,
spotify:track:4bEcoz1OcfMgUbp2ft8ieQ,911 / Mr. Lonely (feat. Frank Ocean & Steve Lacy),"Tyler, The Creator",Flower Boy,21351064,609ca4c9-0f65-4999-ada2-5ea508317b60,2017,f6beac20-5dfe-4d1f-ae02-0b0a740aafd6,"Tyler, The Creator",
spotify:track:7BqBn9nzAq8spo5e7cZ0dJ,Just the Way You Are,Bruno Mars,Doo-Wops & Hooligans,24133585,f3334d3c-2fed-4104-995e-cd1f37234f6f,2010,afb680f2-b6eb-4cd7-a70b-a63b25c763d5,Bruno Mars,
spotify:track:5MxNLUsfh7uzROypsoO5qe,Dream On,Aerosmith,Aerosmith,21284391,195a2fef-b4a6-4eca-858b-5b2e4a2c8dbd,,3d2b98e5-556f-4451-a3ff-c50ea18d57cb,Aerosmith,
spotify:track:20I8RduZC2PWMWTDCZuuAN,Take Me Out,Franz Ferdinand,Franz Ferdinand,24132017,ae3d4547-9254-40de-9196-061d774fdb44,2004,aa7a2827-f74b-473c-bd79-03d065835cf7,Franz Ferdinand,
spotify:track:4MEB0EkmQa6KKiOREC6C3J,"Rest Now, Little Wolf (A Vigil For Aria, or, How the Lamb Stood in an Empty Room Filled with Empty Friends)",Vylet Pony,Monarch of Monsters,21281455,204aa1f6-c5bd-4f34-871d-34aa126e70c4,2024,6a84105c-af0a-4367-8d54-e7dd6ceb19af,Vylet Pony,
spotify:track:36kaImsnzRzsU6L4cvWP6s,Delight,Jamie Berry,Delight,24038267,ca22a12b-072d-475d-a9c0-2fa6d718d8d6,,956b1fa3-e244-4e33-903f-4c834ead136e,Jamie Berry,
spotify:track:1Z8TPHiKeCUyClxV6WTTIf,0X1=LOVESONG (I Know I Love You) feat. Seori,TOMORROW X TOGETHER,The Chaos Chapter: FREEZE,21238181,,,,,no_match
spotify:track:3r0mb1tzAcCNoA8YRXuIhZ,In Over My Head,grandson,Death Of An Optimist,24017022,5a340e7b-0673-4e9e-a308-60ea25955fb5,2020,cc699fe3-db51-4837-928f-8f712c61a01a,grandson,
spotify:track:4sM7v7wyRAuV6ZTO2dvnCA,Roulette,System Of A Down,Steal This Album!,21237542,d11d4c61-2130-4c34-a2cd-e403bbe1e54f,,cc0b7089-c08d-4c10-b6b0-873582c17fd6,System of a Down,
spotify:track:790YJcgHlN3SaosQCHlWzn,Love Of My Life - Remastered 2011,Queen,A Night At The Opera,23925753,7672fb19-2ef0-40dc-8b35-24737539191e,2003,0383dadf-2a4e-4d10-a46a-e9e041da8eb3,Queen,
spotify:track:7unx2Rvsq8D0RfOLRXclTA,For Sale? - Interlude,Kendrick Lamar,To Pimp A Butterfly,21204602,,,,,no_match
spotify:track:4gD68gReo8iXcV9FeRTyQL,Two-Headed Boy Pt. 2,Neutral Milk Hotel,In the Aeroplane Over the Sea,23853891,888c8219-bae2-41f2-aa84-b5bf545b4c68,,a506f761-2c22-4b2f-8a94-bd748c2c8f75,Neutral Milk Hotel,
spotify:track:3oMtBVyzWb6OEDTUv4yiDk,Cuckoo,VHS,Cuckoo,21167069,217e04b3-64c1-445b-bd25-c655d24b74a4,2020,520d25e0-e92a-4e59-be47-56a305bb4b0f,VHS,
spotify:track:725NSbIej5lP3GfhLC7So3,115,Elena Siegman,Call of Duty: Black Ops – Zombies (Original Game Soundtrack),23782104,ce6a47ff-550e-4244-9db6-c1144c139d3d,2011,38c71b9e-4bf4-4b92-aa59-514f2e726e8d,Elena Siegman,
spotify:track:6AdspxzlNr5DE5Q5fwCWZ0,White Noise Fantasia,Valdervande,White Noise Fantasia,21038214,,,,,no_match
spotify:track:2AYEOC02WLhUiOoaig2SEH,Out of My League,Fitz and The Tantrums,More Than Just a Dream,23607597,1ad899fe-b7d4-4e79-b620-8d85f9af06b9,2013,8560d4e8-05e2-4c20-980b-ad2db445dd5d,Fitz and the Tantrums,
spotify:track:6w76stOvs1fiBZ4xWhuqdC,Warlord,Mick Gordon,Killer Instinct: Season One Soundtrack + Original Arcade Soundtrack,21029643,dba2db36-efe1-4954-9648-04effc15d61b,2014,01a36baf-fa2d-4659-8bc2-dbfb5ffed791,Mick Gordon,
spotify:track:57JVGBtBLCfHw2muk5416J,Another One Bites The Dust - Remastered 2011,Queen,The Game,23570322,22d9a7eb-226e-4726-b07d-f6291c1438aa,1991,0383dadf-2a4e-4d10-a46a-e9e041da8eb3,Queen,
spotify:track:1xsYj84j7hUDDnTTerGWlH,Dream On,Aerosmith,Aerosmith,21018054,195a2fef-b4a6-4eca-858b-5b2e4a2c8dbd,,3d2b98e5-556f-4451-a3ff-c50ea18d57cb,Aerosmith,
spotify:track:7FjITxlcgw9rsUiFgkxCeL,Mailman,Soundgarden,Superunknown,23533072,b883cc1e-1357-4ab9-8a66-cd9bd651f058,2010,153c9281-268f-4cf3-8938-f5a4593e5df4,Soundgarden,
spotify:track:4jHwow44byIV5DguDD2K5c,waiting,doefriends,I WANT TO LOVE AGAIN,20892651,56d67d5b-8a7d-47aa-a6ad-5b5fd6cc4993,2024,13d35c97-f8d0-4987-816f-b9b05861befd,doefriends,
spotify:track:63irPUP3xB74fHdw1Aw9zR,MANIAC,Stray Kids,ODDINARY,23508295,cd80d408-adc1-499d-a1f4-9363836aba50,2022,142b343d-bf5a-428c-a64f-6d1a7566bbe9,Stray Kids,
spotify:track:0z0L6jhaKy3op9d41M55aD,Cheesecake,Billy Marchiafava,Cheesecake,20839271,ac791d84-bf65-41f3-a938-2880f5f33855,2019,0b7af1a3-9ad7-4955-a6a2-77c9095bdf50,Billy Marchiafava,
spotify:track:4fY6EU3jUQQISiUR8DLXuM,Sweet FA,Peach Pit,Sweet FA,23365950,3070798c-6358-4d18-a60f-9e5c6aee4f97,2016,1888892a-06b7-4bbd-b0a1-3ffde01e4094,Peach Pit,
spotify:track:7myke8Id4WyKFlWcRBJdIF,Hardwired,Metallica,Hardwired…To Self-Destruct,20814788,06072d48-fdbd-48b9-bc7f-f03f39b4b9f5,2018,65f4f0c5-ef9e-490c-aee3-909e7ae6b2ab,Metallica,
spotify:track:2ZltjIqztEpZtafc8w0I9t,3005,Childish Gambino,Because the Internet,23328476,636bf08d-7db2-45cf-8a28-4b6f06b97d79,2019,7fb57fba-a6ef-44c2-abab-2fa3bdee607e,Childish Gambino,
spotify:track:1KzZgT48OZYKYVG9VRMjl4,Stim Sludge,Sugs,Stim Sludge,23326796,5fa06b9f-7eb5-49f2-bd50-50c58604f56d,,8623a957-7d28-499e-9485-aa9374159887,Sugs,
spotify:track:3by8IfnW9dZ2t4pZw1WVxz,Stone Cold,Demi Lovato,Confident,20792231,c4a4b83f-0cfa-4373-98e8-4b5fbe0a80e1,2015,faf4cefb-036c-4c88-b93a-5b03dd0a0e6b,Demi Lovato,
spotify:track:65B0tuURg3j9yoeZRe26z5,Abandoned 2,Kill Bill: The Rapper,Ramona,20790641,9c8590db-9ed7-488f-8913-0fc13b0835be,2016,7ff25558-3e85-4ffd-9da9-88c9e4af6a2d,Kill Bill: The Rapper,
spotify:track:6Ib6RkvLBMD85bov85apSL,DOMINO,Stray Kids,NOEASY,23323791,6ff70a51-78ec-4a42-9736-2dc52bd52a2b,2021,142b343d-bf5a-428c-a64f-6d1a7566bbe9,Stray Kids,
spotify:track:2iUmqdfGZcHIhS3b9E9EWq,Everybody Talks,Neon Trees,Picture Show,20760809,dafa8ab8-6f32-4c34-8986-38a352d6349a,2012,16243662-8538-4746-a0fb-0d15b5828b8e,Neon Trees,
spotify:track:3uRLwBjI2TahxslcMTvpFs,DNA,BTS,Love Yourself 承 'Her',23197444,4e7bfe28-623f-4123-b688-e55ef346b8fe,2017,0d79fe8e-ba27-4859-bb8c-2f255f346853,BTS,
spotify:track:5mMSj2y7aUBnXdL0AuH4hl,Is This What You Wanted,grandson,a modern tragedy vol. 2,23188624,89eef7e1-859a-4e41-8200-0da04e7951a5,2019,cc699fe3-db51-4837-928f-8f712c61a01a,grandson,
spotify:track:7clyJIrLkEbXUDwj1tC9zz,Blood // Water,grandson,a modern tragedy vol. 1,20760594,7b0a411e-90cd-4265-b350-088865c603aa,2019,cc699fe3-db51-4837-928f-8f712c61a01a,grandson,
spotify:track:2AT8iROs4FQueDv2c8q2KE,R U Mine?,Arctic Monkeys,AM,23112791,0263b746-cd34-445e-8a9f-5af297a9ed1a,2013,ada7a83c-e3e1-40f1-93f9-3e73dbc9298a,Arctic Monkeys,
spotify:track:6fxVffaTuwjgEk5h9QyRjy,Photograph,Ed Sheeran,x,20754209,c9615ccc-531c-4cd3-9db3-c9419b9f60c0,2015,b8a7c51f-362c-4dcb-a259-bc6e0095f0a6,Ed Sheeran,
spotify:track:0oJMayUq5CAOfMFj7wP7Dx,Sacred Elements,Mr.Tree,Splitting,23068480,,,,,no_match
spotify:track:6Qpg1JcDZjtmAQLb8QlWTG,Rock Bottom,grandson,a modern tragedy vol. 3,20746629,9c997d67-793d-4b12-a2ed-688f7e9c032d,,cc699fe3-db51-4837-928f-8f712c61a01a,grandson,
spotify:track:2XGCI73fTXoYmfsZofZniS,Balmoral Hotel,Rare Americans,Rare Americans,22953929,7860574f-f270-4d9a-bcdf-574d43875732,2018,78fcc713-214b-4f04-a84e-af800e2d34ba,Rare Americans,
spotify:track:15cznUL3zO0t5Sr1fIgaN3,Would You Mind,Friday Pilots Club,Would You Mind,20675673,68da05ac-a44e-45ca-96b5-cb7c70c3ce2a,2018,27afdb7c-c932-4698-9d2a-96d7199acbed,Friday Pilots Club,
spotify:track:5WNYg3usc6H8N3MBEp4zVk,Boredom (feat. Rex Orange County & Anna of the North),"Tyler, The Creator",Flower Boy,22887836,6b611360-bd60-4e24-b3b6-18e57237d13e,2017,f6beac20-5dfe-4d1f-ae02-0b0a740aafd6,"Tyler, The Creator",
spotify:track:4KluseUKOoEfYq49itjRnj,No Creo En El Jamas,Juanes,La Vida Es Un Ratico,20604212,0b7e0e18-ad41-4c2f-9476-40b4fe2730c3,2007,8b0f05ce-354e-4121-9e0b-8b4732ea844f,Juanes,
spotify:track:14XWXWv5FoCbFzLksawpEe,Riders on the Storm,The Doors,L.A. Woman,22810428,cb037862-0b7f-4289-b8eb-1c8381e27087,1999,9efff43b-3b29-4082-824e-bc82f646f93d,The Doors,
spotify:track:5PNAsZO4JyT8fUzPyKwZ7W,Poppies,flipturn,Something You Needed,20569225,94638365-24e8-40ae-882e-937b712ee2dc,2020,0c97b403-1aae-4315-93ab-af54fe2169d6,flipturn,
spotify:track:3w3y8KPTfNeOKPiqUTakBh,Locked out of Heaven,Bruno Mars,Unorthodox Jukebox,22780020,98ce9df2-231a-4964-b2d0-cb918b79b2d7,2014,afb680f2-b6eb-4cd7-a70b-a63b25c763d5,Bruno Mars,
spotify:track:5s9d3JiqxsuAkuDTDStBh6,Zatoichi [Feat. slowthai],Denzel Curry,Zatoichi [Feat. slowthai],20556324,,,,,no_match
spotify:track:78XFPcFYN8YFOHjtVwnPsl,Unholy Confessions,Avenged Sevenfold,Waking The Fallen,22735310,a75e241e-e17e-4391-9bb7-6db5ff2cefca,2008,24e1b53c-3085-4581-8472-0b0088d2508c,Avenged Sevenfold,
spotify:track:7j2Bmzpnf6RwEWEQ2sv8Ho,House of Wolves,My Chemical Romance,The Black Parade,20520988,5a5a9ed9-5a7f-4c85-89ca-64cdb4ac71ff,2006,c07f0676-9143-4217-8a9f-4c26bd636f13,My Chemical Romance,
spotify:track:2Ax4rdLenBhULX7nRbhful,Cyberpunk,ATEEZ,THE WORLD EP.1 : MOVEMENT,22693562,e2893e4b-1872-4bf4-b548-b45ee560febd,2024,cf0dbc16-4e24-4957-b5b4-955c8978f690,ATEEZ,
spotify:track:08AznbP5RLxjaFOZTqOI9w,Cops and robbers,underscores,Wallsocket,20497357,aabb1219-715b-40ed-8a93-4681d842b4ce,2023,ab1a3f85-e0ea-470a-af5c-175447ae774c,underscores,
spotify:track:59x9anKxA7gNiDvqbtTzmS,God Only Knows,Avenged Sevenfold,The Stage,22665688,3d47d23c-de73-4b72-a7a2-cd1addd01e3b,2017,24e1b53c-3085-4581-8472-0b0088d2508c,Avenged Sevenfold,
spotify:track:6pmNoWKk0r6zfIjWneJRxR,Lonely (with Lil Wayne),DaBaby,Lonely (with Lil Wayne),20449905,,,,,no_match
spotify:track:06AojtTNdRQ1fB80VbB1g2,Not Long for This World,Slipknot,We Are Not Your Kind,22639509,19b88401-f65b-40a1-b37d-f32390fdf206,2019,a466c2a2-6517-42fb-a160-1087c3bafd9f,Slipknot,
spotify:track:2cDCojn6uIBM6A5xTAbl3H,m.A.A.d city,Kendrick Lamar,"good kid, m.A.A.d city",20435978,c24742c2-c356-4281-9a2c-0e0c1ca99065,,381086ea-f511-4aba-bdf9-71c753dc5077,Kendrick Lamar,
spotify:track:1JRJ5YYPN1di8OAQ4wmsTZ,Bass Me Baby,Annella,Bass Me Baby,22548420,74d77a6b-c6c4-4c5a-b3bc-bc51137a895e,2016,522a1c3b-bcfe-4299-9c75-156fee42f3ef,Annella,
spotify:track:2OuImA1gcBXJVMrVH9Kn9p,Innuendo - Remastered 2011,Queen,Innuendo,20389531,26ad00ad-0d4e-4693-b18c-4ccc82f9604b,2007,0383dadf-2a4e-4d10-a46a-e9e041da8eb3,Queen,
spotify:track:6shrCEEMcrT6Akxkk8IhLC,gimme gimme,NCT 127,LOVEHOLIC,22544270,f8cf802b-bdd8-4568-b6f8-0e8924807293,2021,9d17d14a-e81c-410e-a90b-b02b0a9de6f8,NCT 127,
spotify:track:3UHPGOkUcE4hE7sqBF4Snt,Film out,BTS,Film out,20351340,9f095e5b-2f29-48da-a1f1-14b5563acac9,2021,0d79fe8e-ba27-4859-bb8c-2f255f346853,BTS,
spotify:track:16baCiplPBxdu4qt3ldP7B,PISTOL PETE,Sugs,PISTOL PETE,22468868,,,,,no_match
spotify:track:57Xjny5yNzAcsxnusKmAfA,Reptilia,The Strokes,Room On Fire,20331339,e32f64f5-949c-4869-8661-13b0bbd7f683,2005,f181961b-20f7-459e-89de-920ef03c7ed0,The Strokes,
spotify:track:2vPZ4Lklyu75zBR3SgbFNI,Snuff,Slipknot,All Hope Is Gone,22389081,cbeee262-6bcb-43a9-a51c-3e186f3a163a,2010,a466c2a2-6517-42fb-a160-1087c3bafd9f,Slipknot,
spotify:track:72hFOhhhnOJZnnp6uVOgPn,Complexion (A Zulu Love),Kendrick Lamar,To Pimp A Butterfly,20282431,203bb236-bb72-45d7-ac1d-5939f9f71a12,,381086ea-f511-4aba-bdf9-71c753dc5077,Kendrick Lamar,
spotify:track:05ib88vsMeLfwlAfrZyz99,"TASTE (Lee Know, Hyunjin, Felix)",Stray Kids,MAXIDENT,22386245,,,,,no_match
spotify:track:0XNJwK6IhwfqvsNEZ2Q6q8,Light up the Night,Jamie Berry,Light up the Night,20246365,ed9e5a2f-0a54-4964-bda0-dcaf79db57ab,2021,956b1fa3-e244-4e33-903f-4c834ead136e,Jamie Berry,
spotify:track:7ABWRukVQcXrIrDKDx5Gek,Only Ones Who Know,Arctic Monkeys,Favourite Worst Nightmare,22309050,eda1e853-af53-4739-96b9-e19eaea184e6,,ada7a83c-e3e1-40f1-93f9-3e73dbc9298a,Arctic Monkeys,
spotify:track:04KsMCb9PZE2S0AtUU8Jhb,April Showers,Proleter,Curses from Past Times,22293549,5892ed7d-fed4-4f00-b72e-af1315fcb62d,2011,1f7ea922-f391-4089-bced-9b1e035e4642,ProleteR,
spotify:track:1wR6F2NFDjBlDAYEHnAPS9,Is There a Place I Can Go,Trudy and the Romance,Junkyard Jazz,20246284,1046f870-deda-4e7c-b489-ae8e68bd69db,2018,8c058282-ba69-4fab-9aad-2c609da200eb,Trudy and the Romance,
spotify:track:1IqYyJ37a3gUr0NC2vOD2b,War,grandson,War,22190132,9668b54e-8839-4c4c-b7d1-19473a74d868,2017,cc699fe3-db51-4837-928f-8f712c61a01a,grandson,
spotify:track:5stlKROdHj0kCaeQfJt2Nq,Chilly White Noise,The Tone-Gens,Chilly White Noise,20190561,,,,,no_match
spotify:track:0CbZGS7GBavUKpPehJm1AJ,Kinky Boots,The Irish Brigade,Pardon Me for Smiling,20178824,e6b177bb-47b3-45da-986b-2004e37d077b,,4e4058e3-352d-4e32-906e-dc0990da7e09,The Irish Brigade,
spotify:track:031uTUhyy6xmDJqmeWJBi9,God Hates Us,Avenged Sevenfold,Nightmare,22177551,fbeea006-117c-4f5f-b671-b010cf2f9561,2010,24e1b53c-3085-4581-8472-0b0088d2508c,Avenged Sevenfold,
spotify:track:3znD2JTezT8ZLkp2pmft2l,Talk to Me,Cavetown,Dear.,21979270,b2f8e380-4157-443a-b906-a80ad365bbb5,2019,7999a8a1-6cbd-4453-8dd4-ebd03a10e44f,Cavetown,
spotify:track:2YECDtiQgNFeY73k3ULUuw,Milk Man,Rare Americans,Rare Americans 2,20129502,3bfcf684-947b-44c3-b878-d081a7b2641d,2021,78fcc713-214b-4f04-a84e-af800e2d34ba,Rare Americans,
spotify:track:5VJ05rDJ2O4cECGNbWPi64,Holier Than Thou (Remastered),Metallica,Metallica (Remastered),21974219,,,,,no_match
spotify:track:1L3KAfZdvqDREejuysnji9,Porcelain Beauty Sleep,A Dreaming Machine,Porcelain Beauty Sleep,20112951,,,,,no_match
spotify:track:2dmPVqFpmhNuggEB3niC9S,Stigmata,grandson,a modern tragedy vol. 2,21938534,20fbebae-c782-4c3a-8caf-b2232a123780,2019,cc699fe3-db51-4837-928f-8f712c61a01a,grandson,
spotify:track:4G3dZN9o3o2X4VKwt4CLts,Passin' Me By,The Pharcyde,Bizarre Ride II The Pharcyde,20026542,87851453-4e6c-49e9-bea7-49a19afea701,2004,d7134426-a937-43bf-bc54-f10ad8102ed9,The Pharcyde,
spotify:track:4t1fWWJQs5V9YErfsrDslC,Cryin',Aerosmith,Get A Grip,21903389,cd4c59b6-e8e5-40d7-b57d-58ed6c02dc30,1994,3d2b98e5-556f-4451-a3ff-c50ea18d57cb,Aerosmith,
spotify:track:3ODXRUPL44f04cCacwiCLC,i,Kendrick Lamar,To Pimp A Butterfly,20025260,b652ccba-c2b0-4b20-b25b-d15240753e2e,,381086ea-f511-4aba-bdf9-71c753dc5077,Kendrick Lamar,
spotify:track:2KF8eFDG3rJ2kl4RHoTUyH,Pearly White Noise,Dream Son,Pearly White Noise,21843117,,,,,no_match
spotify:track:5OUTFH5acycdnf8OVo21Gv,Television / So Far So Good,Rex Orange County,Apricot Princess,19969964,1f889aa1-1a51-43fb-b6b5-54c7da73d5cd,2017,883cbf1f-dcaa-4d17-b9ed-394e1fdabc87,Rex Orange County,
spotify:track:3tJKattfL7fJIvKw48D7UJ,Pork,Kill Bill: The Rapper,Ramona,21813579,,,,,no_match
spotify:track:1iGQpclvzonFNzy7Ko89V7,Sticker,NCT 127,Sticker - The 3rd Album,19941169,d3efe51c-9ce4-41af-8831-7415d93bda32,,9d17d14a-e81c-410e-a90b-b02b0a9de6f8,NCT 127,
spotify:track:2Rg4XAvfGv51CNpQ4bNLaM,Revenge Fantasy,Vylet Pony,Monarch of Monsters,21794482,8ecf4179-b38e-4823-bbad-598baa93ff1d,2024,6a84105c-af0a-4367-8d54-e7dd6ceb19af,Vylet Pony,
spotify:track:1bxEpNR75Hq3T2oF9AZjt8,u,Kendrick Lamar,To Pimp A Butterfly,19922047,e1ebdb4f-fd23-4660-8296-f209eac942f6,,381086ea-f511-4aba-bdf9-71c753dc5077,Kendrick Lamar,
spotify:track:42FxykPQSw208rlExXPRU0,White Noise Dreamscape,Soundverb,White Noise Dreamscape,19871385,,,,,no_match
spotify:track:6y2DHyCYf6azhUfXmnuH6w,Question!,System Of A Down,Mezmerize,21723475,3c5dc92d-47d0-40cb-9f68-6a3a24f85971,,cc0b7089-c08d-4c10-b6b0-873582c17fd6,System of a Down,
spotify:track:1liFxdU6llDGDSEgWc0ENf,Slow Jam Moogy,Kill Bill: The Rapper,Ramona,19858878,,,,,no_match
spotify:track:67vYdAAM3oGsEImCRfbtsF,Times Like These,Foo Fighters,One By One (Expanded Edition),21721584,2f917b17-45ec-45c0-bf2e-7dd36069366d,,67f66c07-6e61-4026-ade5-7e782fad3a5d,Foo Fighters,
spotify:track:5FVd6KXrgO9B3JPmC8OPst,Do I Wanna Know?,Arctic Monkeys,AM,19682304,98c2b337-e12e-4a1f-b8ba-9d67e6a70d04,2013,ada7a83c-e3e1-40f1-93f9-3e73dbc9298a,Arctic Monkeys,
spotify:track:4bcN9riyILh4IXEdmLGa8m,Burn It Down,Avenged Sevenfold,City of Evil,21556339,09b40797-8c14-4867-a59d-1495655685ab,,24e1b53c-3085-4581-8472-0b0088d2508c,Avenged Sevenfold,
spotify:track:3zmrdOtnOogqLllz26WLZ3,Deja Vu,ATEEZ,ZERO : FEVER Part.3,19680965,238fd7e4-8771-49bb-b87c-7a0faf3880d1,2021,cf0dbc16-4e24-4957-b5b4-955c8978f690,ATEEZ,
spotify:track:4F0dLRNg6iHFPoSKUJ8wYC,One Big Beautiful Sound,Johnny Manchild and the Poor Bastards,One Big Beautiful Sound,21531992,8eb49ad6-eedf-4443-83a9-c3f7430b7385,2019,6a62bf71-5079-4c63-bf80-dd1cb6ae03b0,Johnny Manchild and the Poor Bastards,
spotify:track:6lC1fMDRhWMzxZ9FSav6ky,Feel the Same,Battle Tapes,Sweatshop Boys - EP,19680861,42f73143-147c-4eb5-bc0a-e5f7f07a1c36,2012,82178603-e97b-4d60-b521-82582545a0a8,Battle Tapes,
spotify:track:5Mtt6tZSZA9cXTHGSGpyh0,The Blacker The Berry,Kendrick Lamar,To Pimp A Butterfly,21419857,1a08221c-c67d-4526-a368-30193698d397,,381086ea-f511-4aba-bdf9-71c753dc5077,Kendrick Lamar,
spotify:track:6eYUwNS3OVPbAERHng8wx6,Welcome to Paradise // Outro,grandson,Death Of An Optimist,19641582,2e73f29b-6d7e-4525-a8ed-f7dabc2e1109,2020,cc699fe3-db51-4837-928f-8f712c61a01a,grandson,
spotify:track:0d0jsoba88SpOoFxCxA2rZ,The Art of Peer Pressure,Kendrick Lamar,"good kid, m.A.A.d city",21416296,2c9f55dc-ac78-42f2-9d66-2c2336328e13,,381086ea-f511-4aba-bdf9-71c753dc5077,Kendrick Lamar,
spotify:track:6Wz9UEf10gfLO0rsDk4tLu,White Cotton Noise,The Clear Mind,White Cotton Noise,19617212,,,,,no_match
spotify:track:2JzOF5Ex1BfufuZ6DgvOPe,Blueprint,Stray Kids,GO LIVE,21404277,,,,,no_match
spotify:track:6MOzYtpFaGdWN0GT8RXX11,Vitality Glitch,Vylet Pony,Monarch of Monsters,19616266,d6361d40-975a-4c38-980b-41eb39e64b71,2024,6a84105c-af0a-4367-8d54-e7dd6ceb19af,Vylet Pony,
spotify:track:27AG99NmWMFLRoyZMMPNW2,Two-Headed Boy,Neutral Milk Hotel,In the Aeroplane Over the Sea,21377860,396904de-f5c8-49df-bff2-6bd8c57da176,,a506f761-2c22-4b2f-8a94-bd748c2c8f75,Neutral Milk Hotel,
spotify:track:1ko2NuvWlQdxtNRc8QQzmT,Spaceship,Kanye West,The College Dropout,19614719,dbecd6eb-312d-4105-9a5a-e77b901b2081,,164f0d73-1234-4e2c-8743-d77bf2191051,Ye,
spotify:track:2G8PweZBBwTpyP8vpNQJK2,Caraphernelia,Pierce The Veil,Selfish Machines,19563317,4005f086-8418-455f-8fb3-26e599a10047,2010,8ed919fb-eaee-45a1-ba99-b3ede9ca5f1d,Pierce the Veil,
spotify:track:4bEcoz1OcfMgUbp2ft8ieQ,911 / Mr. Lonely (feat. Frank Ocean & Steve Lacy),"Tyler, The Creator",Flower Boy,21351064,609ca4c9-0f65-4999-ada2-5ea508317b60,2017,f6beac20-5dfe-4d1f-ae02-0b0a740aafd6,"Tyler, The Creator",
spotify:track:1kSWrMDt439cT64WpjJigW,19-2000,Gorillaz,Gorillaz,19452955,afa222e1-3f1d-42bf-9d59-11e89e76dce2,2018,e21857d5-3256-4547-afb3-4b6ded592596,Gorillaz,
spotify:track:5MxNLUsfh7uzROypsoO5qe,Dream On,Aerosmith,Aerosmith,21284391,195a2fef-b4a6-4eca-858b-5b2e4a2c8dbd,,3d2b98e5-556f-4451-a3ff-c50ea18d57cb,Aerosmith,
spotify:track:4XDpeWqPADoWRKcUY3dC84,November,"Tyler, The Creator",Flower Boy,19430294,cac9b05f-3cef-49d6-a0b2-f887b9b9e92d,2022,f6beac20-5dfe-4d1f-ae02-0b0a740aafd6,"Tyler, The Creator",
spotify:track:4MEB0EkmQa6KKiOREC6C3J,"Rest Now, Little Wolf (A Vigil For Aria, or, How the Lamb Stood in an Empty Room Filled with Empty Friends)",Vylet Pony,Monarch of Monsters,21281455,204aa1f6-c5bd-4f34-871d-34aa126e70c4,2024,6a84105c-af0a-4367-8d54-e7dd6ceb19af,Vylet Pony,
spotify:track:7j7nOY7xZ7fpSVAKT4qz4b,Dry land 2001,underscores,fishmonger,19427047,33196322-b7e5-4935-899e-188ab1333763,2021,ab1a3f85-e0ea-470a-af5c-175447ae774c,underscores,
spotify:track:1Z8TPHiKeCUyClxV6WTTIf,0X1=LOVESONG (I Know I Love You) feat. Seori,TOMORROW X TOGETHER,The Chaos Chapter: FREEZE,21238181,,,,,no_match
spotify:track:41pOIT2t1rvr2Trg1HQChZ,Radio/Video,System Of A Down,Mezmerize,19421356,2671174d-b8e2-4c3d-a589-3d07cc926dec,,cc0b7089-c08d-4c10-b6b0-873582c17fd6,System of a Down,
spotify:track:4sM7v7wyRAuV6ZTO2dvnCA,Roulette,System Of A Down,Steal This Album!,21237542,d11d4c61-2130-4c34-a2cd-e403bbe1e54f,,cc0b7089-c08d-4c10-b6b0-873582c17fd6,System of a Down,
spotify:track:3v1awewJB3C5QAC8hgggHK,Geez louise (with henhouse!),underscores,Wallsocket,19418153,,,,,no_match
spotify:track:7unx2Rvsq8D0RfOLRXclTA,For Sale? - Interlude,Kendrick Lamar,To Pimp A Butterfly,21204602,,,,,no_match
spotify:track:3oMtBVyzWb6OEDTUv4yiDk,Cuckoo,VHS,Cuckoo,21167069,217e04b3-64c1-445b-bd25-c655d24b74a4,2020,520d25e0-e92a-4e59-be47-56a305bb4b0f,VHS,
spotify:track:1L2MyJvWX5TCEGUWR2LdRJ,Hullabaloo,Rare Americans,Rare Americans 2,19392523,a22d39e1-2003-4122-9d09-92308cf7969c,2021,78fcc713-214b-4f04-a84e-af800e2d34ba,Rare Americans,
spotify:track:6AdspxzlNr5DE5Q5fwCWZ0,White Noise Fantasia,Valdervande,White Noise Fantasia,21038214,,,,,no_match
spotify:track:7om4LRoSct9hiMPo0fPn7m,Interlude : Shadow,BTS,MAP OF THE SOUL : 7,19391293,669f6c3a-bc67-488c-975a-738f87bf1227,,0d79fe8e-ba27-4859-bb8c-2f255f346853,BTS,
spotify:track:1w8KNyFOWBQbsFzql1sPme,Slowly,Cemetery Drive,Slowly,19377561,b1c77e0a-20fd-4b55-9ab7-dead9f46639e,2018,58ec903d-f1f4-42cb-9d94-174fbdf32f74,Cemetery Drive,
spotify:track:26JlTPmiv7wdB86MjLno7f,Can't Stop This,The Roots,Game Theory,19332825,de756a31-1f6a-4002-af9f-acebb10ef729,,80b3cf5e-18fe-4c59-98c7-e5bb87210710,The Roots,
spotify:track:5cu9VlOxKaXJsbK7YA6AZ6,White Noise Frequencies,The Inceptionists,White Noise Frequencies,19326554,,,,,no_match
spotify:track:63T7DJ1AFDD6Bn8VzG6JE8,"Paint It, Black",The Rolling Stones,Aftermath,19293896,dda867f6-420e-487e-bdbc-1dc7ad701412,,b071f9fa-14b0-4217-8e97-eb41da73f598,The Rolling Stones,
spotify:track:40zhi28VAPcFVNA8NnVxoB,Si Te Vas,Jesse & Joy,Electricidad,19290358,4b9630f9-e8c6-4163-9a44-9c46a5c50b66,2009,64b85e52-08db-4995-a6e3-d2a6acc5a058,Jesse & Joy,
spotify:track:6CcJMwBtXByIz4zQLzFkKc,i love you,Billie Eilish,"WHEN WE ALL FALL ASLEEP, WHERE DO WE GO?",19283568,8e106bbb-9f78-4a92-a01d-b4bfb09e0295,2019,f4abc0b5-3f7a-4eff-8f78-ac078dbce533,Billie Eilish,
spotify:track:54eHsmpBTFQaFsQ44Uh1C9,Paradigm,Avenged Sevenfold,The Stage,19253536,fc8281ca-8b28-4d99-8465-3814c00277cc,2016,24e1b53c-3085-4581-8472-0b0088d2508c,Avenged Sevenfold,
spotify:track:5NAiPIEzxAexFE3ucV18Q8,Run For Cover,The Killers,Wonderful Wonderful,19249744,95c17263-9dfb-4c84-8ff3-5ec78a7833fd,,95e1ead9-4d31-4808-a7ac-32c3614c116b,The Killers,
spotify:track:7CJtFJZrKkgYQIm8GPBdRV,Recycled White Noise,Crystal Slowdown,Recycled White Noise,19247651,,,,,no_match
spotify:track:5rfT032kGmLvbxZzfHlu5D,In the Aeroplane Over the Sea,Neutral Milk Hotel,In the Aeroplane Over the Sea,19197204,890a676d-247b-45e6-bab1-b3252abb2bab,,a506f761-2c22-4b2f-8a94-bd748c2c8f75,Neutral Milk Hotel,
spotify:track:04QTBqa3IA4ZAKEuqRPzEH,PartyIsntOver/Campfire/Bimmer (feat. Frank Ocean & Laetitia Sadier),"Tyler, The Creator",Wolf,19195139,,,,,no_match
spotify:track:1NqZLnMekPpw6lYTartrng,Introspective,Oliver Tree,Ugly is Beautiful,19163186,0edd3c54-9ec8-4409-b72c-a6febeb9255c,2019,1fa3bded-908f-47be-9784-3c9ef850682b,Oliver Tree,
spotify:track:5TTGoX70AFrTvuEtqHK37S,No. 1 Party Anthem,Arctic Monkeys,AM,19120027,71d3508a-ff24-466b-bceb-62df63e2f826,2014,ada7a83c-e3e1-40f1-93f9-3e73dbc9298a,Arctic Monkeys,
spotify:track:3IKJNHnVZ2bXGjAFBJiUYo,God Is Dead?,Black Sabbath,13,19119236,1cb83469-6d05-4647-ba02-c4938a2327a7,2016,5182c1d9-c7d2-4dad-afa0-ccfeada921a8,Black Sabbath,
spotify:track:086myS9r57YsLbJpU0TgK9,Why'd You Only Call Me When You're High?,Arctic Monkeys,AM,19095477,68a5beec-1145-4225-a0ec-d6a22353827a,2014,ada7a83c-e3e1-40f1-93f9-3e73dbc9298a,Arctic Monkeys,
spotify:track:36xBFaVGjqm7le8CTHytUj,Parasite Eve,Bring Me The Horizon,POST HUMAN: SURVIVAL HORROR,19074627,f79ea31b-ab51-430c-af14-a6b2716e0455,2020,074e3847-f67f-49f9-81f1-8c8cea147e8e,Bring Me the Horizon,
spotify:track:5ChpICHrVHhsFY3yOSypMD,White Noise Study Serenade,Haworth in White,White Noise Study Serenade,19025474,,,,,no_match
spotify:track:4J0kN8QS2esY6cWBsFjtW9,Death On Two Legs (Dedicated To...) - Remastered 2011,Queen,A Night At The Opera,18989274,7a25b545-30d1-4017-8fa8-d75ba0cb1441,,0383dadf-2a4e-4d10-a46a-e9e041da8eb3,Queen,
spotify:track:2JSmxLqt8h7ZpJJkfuLJvK,Stunnin' (feat. Harm Franklin),Curtis Waters,Pity Party,18929196,,,,,no_match
spotify:track:1YVdMHNhoYpybJCpyTJGQL,Good Luck Chuck,Kill Bill: The Rapper,Ramona,18926805,,,,,no_match
spotify:track:4XKXphKH76W4zNpkgFS5o2,MORE,j-hope,MORE,18898298,50605eaa-4e63-4e6c-8bcf-40ad6812ff60,2022,b3977da4-f899-4328-921b-ecc599a5618a,j‐hope,
spotify:track:0MK6lVnmhVulpP62vkZBWV,Locals (Girls like us) [with gabby start],underscores,Wallsocket,18896752,,,,,no_match
spotify:track:3WATWS2Ywo5HeHtG0bE2iZ,Teardrops,Bring Me The Horizon,POST HUMAN: SURVIVAL HORROR,18848049,fcdd78d9-e8f8-437e-8cde-2755c1f72159,2026,074e3847-f67f-49f9-81f1-8c8cea147e8e,Bring Me the Horizon,
spotify:track:7DcwvYZDbJpZaGn2goeG9f,Beachy White Noise,Wavelab,Beachy White Noise,18802140,,,,,no_match
spotify:track:4Q9PBVDGeOM55aLD90A4x8,The Stage,Avenged Sevenfold,The Stage,18799413,6354e6ad-f6fb-4e6f-8d95-42cde8bc29c8,2016,24e1b53c-3085-4581-8472-0b0088d2508c,Avenged Sevenfold,
spotify:track:2cly2YT0hRbPW9ow6wGStq,White Icicles,Holuka,White Icicles,18792053,,,,,no_match
spotify:track:1RgmiiAY2FVLuGcG04ah4F,Something You Needed,flipturn,Something You Needed,18735374,77a8f5a2-5e80-4417-b7ae-ac571fd49d25,2021,0c97b403-1aae-4315-93ab-af54fe2169d6,flipturn,
spotify:track:3qdDjz9kOvquEFbvXBYOMQ,Tomorrow Comes Today,Gorillaz,Gorillaz,18657008,4e79ba65-d26b-4689-bcfc-4d42435ff1f2,2001,e21857d5-3256-4547-afb3-4b6ded592596,Gorillaz,
spotify:track:5pp1SkT4D5VcAk4SZsz2xl,JIKJIN,TREASURE,THE SECOND STEP : CHAPTER ONE,18648910,d8e55a97-0cf9-4235-af41-261ad262313b,2022,6a64307a-1806-428c-9bee-4afb13b27042,TREASURE,
spotify:track:0rFWuqFgHAfuzE8uSB9TWR,Live And Let Die,Guns N' Roses,Use Your Illusion I,18621426,100c192b-f1c7-4d63-b644-4b73fd112d8f,1991,eeb1195b-f213-4ce1-b28c-8565211f8e43,Guns N’ Roses,
spotify:track:5cTnKClHyczcUhFT8MKBZe,HALAZIA,ATEEZ,SPIN OFF : FROM THE WITNESS,18586891,960e58b4-b29d-4f36-a058-985d3300ad92,,cf0dbc16-4e24-4957-b5b4-955c8978f690,ATEEZ,
spotify:track:43biQF8FUSXaajwD5hhDvA,Siesta,DisMissedFit,Silent Crowns,18520617,db7add0d-c29e-4b48-8520-6a6fc56ce263,2017,21228f86-5768-4563-83fa-25375c29f21f,DisMissedFit,
spotify:track:19YKaevk2bce4odJkP5L22,Nikes,Frank Ocean,Blonde,18499724,004eedd5-8396-4eef-9de2-940e5ca9a7c0,2016,e520459c-dff4-491d-a6e4-c97be35e0044,Frank Ocean,
spotify:track:6sPTz3PGn5H2Y7mDve3dai,Avalanche,Creo,Virtualism,18450003,53866477-caea-435d-84a3-0f56dd13167e,2016,754e2a05-7f44-4898-bcfd-64a837a6b05f,Creo,
spotify:track:0g9IOJwdElaCZEvcqGRP4b,Edge Of The Earth,Thirty Seconds To Mars,30 Seconds To Mars,18369852,b46fc792-8e04-463e-b164-d9b7fdb64450,2002,d8354b38-e942-4c89-ba93-29323432abc3,Thirty Seconds to Mars,
spotify:track:7L7kOAyHsmreWzHTcgrKU4,White and Bright Noise,Zaestro,White and Bright Noise,18355003,,,,,no_match
spotify:track:0CjJqkWOpIUXdem5hUcxAk,Momma,Kendrick Lamar,To Pimp A Butterfly,18305893,b23b339b-fbb5-4c96-ad0e-f3c0598479a9,,381086ea-f511-4aba-bdf9-71c753dc5077,Kendrick Lamar,
spotify:track:1GY1aODWhIPUmLNitZMgRL,RESTORE THE FEELING,Daniel Caesar,CASE STUDY 01,18276102,83669416-2689-47a5-bdf6-df7836b73f20,2019,b46e298d-d3a5-4695-a03e-63e8c523b23e,Daniel Caesar,
spotify:track:77oU2rjC5XbjQfNe3bD6so,Beast Of Burden - Remastered 1994,The Rolling Stones,Some Girls,18237289,fd06d3d7-e792-4cf0-9ab8-af4d6924b429,1978,b071f9fa-14b0-4217-8e97-eb41da73f598,The Rolling Stones,
spotify:track:3rJleB4h5Y5tSd5ewMDkaU,Pearl Dreams,EXOA,Pearl Dreams,18218077,,,,,no_match
spotify:track:5uvosCdMlFdTXhoazkTI5R,Light My Fire,The Doors,The Doors,18213190,397ec314-a948-4e2a-8c3b-c08ce2857d9e,,9efff43b-3b29-4082-824e-bc82f646f93d,The Doors,
spotify:track:5d5qYkRjrxBFmDFjrBHEDz,Oceanic Oasis,Hum Humming,Oceanic Oasis,18213129,,,,,no_match
spotify:track:41zXlQxzTi6cGAjpOXyLYH,idontwannabeyouanymore,Billie Eilish,dont smile at me,18192074,4be7874b-c45c-4dd6-9455-fba5d6910188,2019,f4abc0b5-3f7a-4eff-8f78-ac078dbce533,Billie Eilish,
spotify:track:1w1i5wneEt0f31kAmqp3dY,Sleep Rider,K.D.S,Black Mama,18181223,,,,,no_match
spotify:track:3FRJFImdfX5NSY3QH3jI4u,Glistening,flipturn,Something You Needed,18174340,12eb5f5b-ae7a-4d6d-b4f9-0e4a7affdc35,2021,0c97b403-1aae-4315-93ab-af54fe2169d6,flipturn,
spotify:track:78TzliRJJhCgsZ0ARUm8vI,A Sad Song About a Girl I No Longer Know,Bedside Kites,Bedside Kites,18174240,efc16b7f-0880-4fcb-904b-bf4337502227,2019,5e0aa100-7075-4c9a-8518-c4f69a4008e6,Bedside Kites,
spotify:track:6FqS20S6qXlbL3o2htqszT,Cash Machine (Remix) [feat. Dillon Francis & grandson],Oliver Tree,Cash Machine (Remix) [feat. Dillon Francis & grandson],18166478,,,,,no_match
spotify:track:3MxGsQgDcd4a7fGFeTK2Qn,Tranquil Noisscape,Sleep Alphabet,Tranquil Noisscape,18136674,,,,,no_match
spotify:track:1PT8hWQvl2gRO1JhDcSUqN,Come back to me,RM,Come back to me,18128188,e989ad03-585a-4ad8-aeb3-0a0d8c4620a9,2024,58f1e354-ecbc-4fd3-aa25-97eb1d9bd8b9,RM,
spotify:track:6Jl3ZOX6MUOlyoUc721bsX,A Song About Being Sad,Rex Orange County,Bcos U Will Never B Free,18098840,d8492fbe-6455-4f54-b872-29578789b1ba,2015,883cbf1f-dcaa-4d17-b9ed-394e1fdabc87,Rex Orange County,
spotify:track:5omWAB5iNMHvbAfBSzkdu8,You're Going Down,SICK PUPPIES,Tri-polar,18088008,698e24e7-11a0-4c78-9f1f-0f4297be7a12,2009,86f78011-5087-48d2-8922-c381d2eb0c40,Sick Puppies,
spotify:track:5ZSKZ0wMdlMi4bQ3XZXXsp,Stick Up,grandson,a modern tragedy vol. 1,18085622,fef6f6d9-1328-45da-8142-e7a0e0ea6f81,2018,cc699fe3-db51-4837-928f-8f712c61a01a,grandson,
spotify:track:7pVDDf69OWLVpGqihFbV2x,Okay,Backhouse Mike,Okay,18082465,69604bee-7793-4d9d-9165-ef28e8fa802b,2019,37596bba-85c3-4b36-a612-4c0d77f0fc68,Backhouse Mike,
spotify:track:3RgDvs9Jpvn3kUuaTek1R5,I-E-A-I-A-I-O,System Of A Down,Steal This Album!,18047835,843121e3-a4f0-4add-9f40-a9f54dc88bc4,2002,cc0b7089-c08d-4c10-b6b0-873582c17fd6,System of a Down,
spotify:track:0R6dvBlNevqkzioHLoygbI,IT'S ALL FADING TO BLACK (feat. blink-182),XXXTENTACION,Bad Vibes Forever,18038361,,,,,no_match
spotify:track:4YbCZSeX3QhpEyQE5KAtio,I'm That Type Of Nigga,The Pharcyde,Bizarre Ride II The Pharcyde,18004866,aa6adc9f-cdc8-4009-9bb3-d11afda5f559,2008,d7134426-a937-43bf-bc54-f10ad8102ed9,The Pharcyde,
spotify:track:7iOhWWYjhhQiXzF4o4HhXN,Last Call,Kanye West,The College Dropout,17986568,5ca874c7-79c0-46f9-96c2-5de745164121,,164f0d73-1234-4e2c-8743-d77bf2191051,Ye,
spotify:track:3QPfxXJt0Lpy9AfR5BVtzq,Stormsong Valley,Derek Duke,World of Warcraft - Battle for Azeroth Soundtrack OST,17964848,af2affab-d018-4185-a1ec-11dce153835a,2018,ef8d7a94-64a3-4362-b81f-b5999fb246de,Derek Duke,
spotify:track:0cu0rhnlCnJ7JIeHRiLpj3,Ball If I Want To,DaBaby,Ball If I Want To,17916737,1af51a9d-f1ce-47f0-9fec-83d14b334b7b,2021,87ae83df-6173-40cc-a0f2-bad543faa6aa,DaBaby,
spotify:track:5SkRLpaGtvYPhw02vZhQQ9,All Falls Down,Kanye West,The College Dropout,17880781,30040ba9-feac-4ce8-bc6f-019734ff1bb7,,164f0d73-1234-4e2c-8743-d77bf2191051,Ye,
spotify:track:0PnB65iBcTnsjGEZaaU6D1,Heads Up,Gezebelle Gaburgably,Gaburger,17868154,faf79aa5-28eb-4bf8-82c0-650a08f304f0,2022,8d7739bb-ed4f-4015-91a5-11f93b1c94ab,Gezebelle Gaburgably,
spotify:track:2UOYzhusMTypF7oAQwksCj,Hood Politics,Kendrick Lamar,To Pimp A Butterfly,17841555,26d4dc62-e5f6-47d6-9a7a-26bea1e215e8,2025,381086ea-f511-4aba-bdf9-71c753dc5077,Kendrick Lamar,
spotify:track:6l8GvAyoUZwWDgF1e4822w,Bohemian Rhapsody,Queen,Stone Cold Classics,17812245,5cf87954-1402-45f0-bbcf-e957eb332da7,,0383dadf-2a4e-4d10-a46a-e9e041da8eb3,Queen,
spotify:track:1YGGyGKIMZXuDlyCM0R3FX,It Was You,Rare Americans,Rare Americans,17791989,0298bfee-2d34-4d00-ba39-675d08d2f2a3,2018,78fcc713-214b-4f04-a84e-af800e2d34ba,Rare Americans,
spotify:track:2EXs0vMhdGjXeUwt60DWYn,Exes,The Mellowells,Head Space,17789907,5a17eb79-73fb-4c92-acf2-1ab3e0cac5f1,2016,8b0d5f41-41d4-4bd2-9ad0-9d343af32073,The Mellowells,
spotify:track:6vrUTGn5p8IrfTZ0J6sIVM,Iris,The Goo Goo Dolls,Greatest Hits Volume One - The Singles,17776425,a0c3d7b4-1f1c-4a69-bb77-bf0713afa4fd,2007,e2c00c56-8365-4160-9f40-a64682917633,Goo Goo Dolls,
spotify:track:27tDoZsybt3KvJWTDoW9id,Heartbreak Anniversary,GIVĒON,When It's All Said And Done... Take Time,17750251,14594d66-64fe-4519-bcff-5f70ec5e1fa9,2020,ad322b8b-31b2-437d-8fd8-1af13c1d7b91,GIVĒON,
spotify:track:3EuiMoY8lTjAvIqNf8Uyr3,Feel Good Drag,Anberlin,New Surrender,17713487,c7d9a823-9ad5-4974-a643-5b2345d9aced,2011,c648509e-9916-4c56-ab63-652a03da16dd,Anberlin,
spotify:track:2dBHWIttcCBjPEXbaBvyDW,Oh Shit,The Pharcyde,Bizarre Ride II The Pharcyde,17633937,d7ed6d2d-fb29-41f1-ab3f-a1ad6d9ca212,2005,d7134426-a937-43bf-bc54-f10ad8102ed9,The Pharcyde,
spotify:track:7ciuALfxne17Z0YjGPwaBN,Wrapped in Soothing White Noise,The Clear Mind,White Noise Cave,17572808,,,,,no_match
spotify:track:2EtDBM1HREttw143IwZvJ0,Dreamin (with blackbear),The Score,Pressure,17555889,,,,,no_match
spotify:track:77QMfs1C8QUhyXVTSSjJOD,Linen Summer Dreams,Xella Machina,Linen Summer Dreams,17528296,,,,,no_match
spotify:track:4E98cjhR1UVS4rlR9aiE6I,Two Lives,Rare Americans,Rare Americans 2,17508186,3c29d507-4d36-4a01-8086-7e686fdc6892,2021,78fcc713-214b-4f04-a84e-af800e2d34ba,Rare Americans,
spotify:track:1zsJmwRk3rHI3CYHIYEKFD,Restoration of Calm,The Frequency Shifters,Restoration of Calm,17491579,,,,,no_match
spotify:track:0WQiDwKJclirSYG9v5tayI,There Is a Light That Never Goes Out - 2011 Remaster,The Smiths,The Queen Is Dead,17456697,,,,,no_match
spotify:track:5iY3ZEHlQGFosdnROBDIg7,Lavender,Rav,Beneath the Toxic Jungle,17446861,fdf9b4b0-1cd2-4010-b1e2-88725deda81e,2015,dd2ae026-4144-4ee3-a7b4-09434a465c34,Rav,
spotify:track:0BPX9bXWjhB7aue8HE0ml0,Vault Number 76,The Stupendium,Vault Number 76,17435166,fb597edd-7375-45f7-9c9f-abd7e6ccfb8a,2018,1c26c1d5-ec2d-427c-874c-c647c1f67276,The Stupendium,
spotify:track:35vHTa50rYAfuS6du5vtui,Before the Storm,Glenn Stafford,World of Warcraft - Battle for Azeroth Soundtrack OST,17394902,cff5e77a-e3c3-437f-8f57-1fc73ae7aba5,2018,2465d7da-7da3-42ea-8440-e701775d856b,Glenn Stafford,
spotify:track:0uukw2CgEIApv4IWAjXrBC,Dead!,My Chemical Romance,The Black Parade,17390663,ce6a7ad2-0674-45f4-bb92-a2d0ccf78931,2006,c07f0676-9143-4217-8a9f-4c26bd636f13,My Chemical Romance,
spotify:track:4qzXObJl9W62AYhPUWbt8M,White Noise Cove,Pinkfreq,White Noise Cove,17383270,,,,,no_match
spotify:track:6bOkaEXc5CopinGazSLokx,WHAT'S GOOD,"Tyler, The Creator",IGOR,17379193,7bd9808a-b9f6-44aa-b729-6420be8e256e,2019,f6beac20-5dfe-4d1f-ae02-0b0a740aafd6,"Tyler, The Creator",
spotify:track:4LmVyajDL2aJrii88rncNr,Impossible,Anberlin,"Dark Is The Way, Light Is A Place",17348333,1988b7c8-f12a-485a-898d-cff2ba5863bc,2021,c648509e-9916-4c56-ab63-652a03da16dd,Anberlin,
spotify:track:2Cp55Ka4ccy5JJRe6gBW8c,DISASTER,KXLLSWXTCH,DISORDER,17329652,a17893e7-c785-497c-9d0f-7676e8bc63b3,2021,7d577034-18d3-4066-85c7-157d3bcce6b5,Kxllswxtch,
spotify:track:2lF8jQFhIjpmQa501sYXxR,The Unforgiven,Metallica,Metallica,17314227,c1eee049-09bf-41f6-bf1e-9f5ebbab2ee4,2021,65f4f0c5-ef9e-490c-aee3-909e7ae6b2ab,Metallica,
spotify:track:0fcsVmuwmZlQlBIKc7sGfI,Quarter Pounder,Gezebelle Gaburgably,Gaburger,17263638,da01f134-c04e-4464-b150-c09527ae228a,2023,8d7739bb-ed4f-4015-91a5-11f93b1c94ab,Gezebelle Gaburgably,
spotify:track:1ay3eDYCi4BotxpmYzSkak,Inside Her,Gezebelle Gaburgably,Gaburger,17258590,ed22d216-0dfb-463c-9a76-34dda8ff6219,2023,8d7739bb-ed4f-4015-91a5-11f93b1c94ab,Gezebelle Gaburgably,
spotify:track:7noHzxuNmeIwYftylZfVRT,Heat Seeker,DREAMERS,Heat Seeker,17257425,15962bbf-2869-4ead-a485-1a956d187894,2020,6b025cf6-8f78-4efe-904c-8c08db13bea0,DREAMERS,
spotify:track:0IW0qaeyxL5Et4UG2MrJKB,We Don't Care,Kanye West,The College Dropout,17233518,3a80a7f9-ef48-40c3-80d6-db8f1f7a9249,2005,164f0d73-1234-4e2c-8743-d77bf2191051,Ye,
spotify:track:0nuXhivBOFDiriWCpdyU93,Limbo (Lee Know),Stray Kids,SKZ-REPLAY,17212510,,,,,no_match
spotify:track:0wqeaDeaKq14IuQESPqBEJ,Lava,Kuana Torres Kahele,Lava,17203107,246dd655-3b53-411d-ac12-f6d73303ada1,2015,30baa5b8-d299-4a0c-918e-9b713785a0e3,Kuana Torres Kahele,
spotify:track:4y7C13wqDLE7xuilBsLNvd,Ex,Stray Kids,IN LIFE,17176307,29db41a0-6667-4e09-80c4-7c4e598441ba,2020,142b343d-bf5a-428c-a64f-6d1a7566bbe9,Stray Kids,
spotify:track:2uw2ftfyS4yJLWiTtbxasE,CIRCUS,Stray Kids,CIRCUS,17170220,950fcdc2-9cc0-4925-841c-70edc8f6a03a,2022,142b343d-bf5a-428c-a64f-6d1a7566bbe9,Stray Kids,
spotify:track:5HNCy40Ni5BZJFw1TKzRsC,Comfortably Numb,Pink Floyd,The Wall,17148706,b8faedcf-8c47-4aeb-b8ff-07a9bfa733ec,2017,83d91898-7763-47d7-b03b-b92132375c47,Pink Floyd,
spotify:track:5Rim1zEhBbmeKUPaMhDMh9,Ghost,Neutral Milk Hotel,In the Aeroplane Over the Sea,17125105,b9b18fb6-7c4e-42af-b302-529a8f7569fa,,a506f761-2c22-4b2f-8a94-bd748c2c8f75,Neutral Milk Hotel,
spotify:track:2RlgNHKcydI9sayD2Df2xp,Mr. Blue Sky,Electric Light Orchestra,Out of the Blue,17092616,7f85a0d0-c00b-441b-bd97-794e2a9f817b,2007,0c502791-4ee9-4c5f-9696-0602b721ff3b,Electric Light Orchestra,
spotify:track:5uZf5fcY88UMoJtCRbSDKg,God Damn,Avenged Sevenfold,The Stage,17069713,060e7d94-8791-435d-acba-b0c914016e7f,2016,24e1b53c-3085-4581-8472-0b0088d2508c,Avenged Sevenfold,
spotify:track:1A2tdcTLu5lorweVIbLJFy,"Cats, Dogs & Rats",Rare Americans,Rare Americans,17069584,e5aaea8b-f7c6-4b2f-b2bc-bfc6bd27538e,,78fcc713-214b-4f04-a84e-af800e2d34ba,Rare Americans,
spotify:track:4f8Mh5wuWHOsfXtzjrJB3t,I THINK,"Tyler, The Creator",IGOR,17052067,08937107-2213-4e9f-8077-79542245fe9c,2019,f6beac20-5dfe-4d1f-ae02-0b0a740aafd6,"Tyler, The Creator",
spotify:track:6cFZ4PLC19taNlpl9pbGMf,Somebody To Love - Remastered 2011,Queen,A Day At The Races,16996556,a0460df0-e45a-441f-b692-a5972ae29d23,1991,0383dadf-2a4e-4d10-a46a-e9e041da8eb3,Queen,
spotify:track:0rvQzaVeceFaksUoeyonXw,New World,ATEEZ,THE WORLD EP.1 : MOVEMENT,16980832,e6ddebb8-0d0a-4129-b46f-5b7b45ee341e,2022,cf0dbc16-4e24-4957-b5b4-955c8978f690,ATEEZ,
spotify:track:4yXKLDrHYrffSVmQOFdbDA,Scott Pilgrim vs. My GPA,Mom Jeans.,Best Buds,16945353,,,,,no_match
spotify:track:6lanRgr6wXibZr8KgzXxBl,a thousand years,Christina Perri,A Thousand Years,16943959,54de95c4-c145-40ec-9b66-8856195367db,2016,38d363c7-fdcb-4308-9474-a0d14ab8d9b7,Christina Perri,
spotify:track:1YBf7Tq9bpcVwvnlP8YbQS,Year Zero,Ghost,Infestissumam,16938311,818c5bfe-ef7f-4fe1-9b98-e782eb06b639,,2bcf2e02-5bc3-4c76-bf76-41126cb11444,Ghost,
spotify:track:6OiRh4kttAs1YWglvTcYkB,Alrighty Aphrodite,Peach Pit,Being So Normal,16849069,36773ff8-ea7d-4238-b2cb-db27b68c8f9e,2017,1888892a-06b7-4bbd-b0a1-3ffde01e4094,Peach Pit,
spotify:track:3j38fb5Pna0iFQhtUGuT8c,Uncanny long arms (with Jane Remover),underscores,Wallsocket,16839715,,,,,no_match
spotify:track:5k8LB57xOq8UUNVaKWSqrf,Futura Free,Frank Ocean,Blonde,16766526,c58cbe16-1cf3-4abe-8ecf-72efc3df47af,2016,e520459c-dff4-491d-a6e4-c97be35e0044,Frank Ocean,
spotify:track:1zyGFId8xHOcRmCmehrwlc,I Can't Decide,Scissor Sisters,Ta-Dah,16738011,145832b2-51b9-443d-875a-c48837e999a9,2006,4236d929-9a81-4c8e-97c3-8d3306780f50,Scissor Sisters,
spotify:track:2EI9KCphBcqHI2PxY0EBHg,I WANT TO LOVE AGAIN,doefriends,I WANT TO LOVE AGAIN,16712934,91c3da7a-1e79-4a2b-ba05-5c1647348e3b,2024,13d35c97-f8d0-4987-816f-b9b05861befd,doefriends,
spotify:track:64DpBZj4IlDFzCwxTq7azl,"Holland, 1945",Neutral Milk Hotel,In the Aeroplane Over the Sea,16690654,e2ed6237-87c5-4a39-b129-b2f41387f6d1,,a506f761-2c22-4b2f-8a94-bd748c2c8f75,Neutral Milk Hotel,
spotify:track:1HNE2PX70ztbEl6MLxrpNL,In Too Deep,Sum 41,"All Killer, No Filler",16671001,46172cae-6440-43d7-8f28-0da2d121b444,2002,f2eef649-a6d5-4114-afba-e50ab26254d2,Sum 41,
spotify:track:3Z3U63cz4uwxA9d9DYQMcZ,Quiero,Ricardo Arjona,Quién Dijo Ayer,16649004,e71355f6-1350-4da3-a78c-01cdc6caa2ed,2013,40627299-0979-45ba-8924-2af5fdc36ea8,Ricardo Arjona,
spotify:track:56G2YHNuQOagSdw5jQObw1,Crash Dummies,VHS,Crash Dummies,16643142,d438baa7-a8fb-42ca-9483-0c570035a418,2023,520d25e0-e92a-4e59-be47-56a305bb4b0f,VHS,
spotify:track:2KslE17cAJNHTsI2MI0jb2,Standing Next to You,Jung Kook,GOLDEN,16630438,f7a02d50-d631-4f6c-861a-93b6c705161f,,23c8056b-ee13-4cfc-a772-2f5292e35bb5,Jung Kook,
spotify:track:5NBb5bidtCJWq8oI1n6E08,You Fuckers Were Asking for This One,Rav,B-Sides Vol.3 (2011-2015),16612636,a6938457-f716-46f8-a876-aa4326af842b,2016,dd2ae026-4144-4ee3-a7b4-09434a465c34,Rav,
spotify:track:1y2iLukn4F2SUVnwF1mHfY,Satan Prayer,Ghost,Opus Eponymous,16596327,54e9c2cf-e8dd-4467-a6fa-dab4bfeb1c55,2010,2bcf2e02-5bc3-4c76-bf76-41126cb11444,Ghost,
spotify:track:4kLGqJLSpo2HKDtIfSASbR,The Shattering,Russell Brower,World of Warcraft: Cataclysm Original Soundtrack,16581601,3d624f35-ca4c-4392-8259-1ecc76919d76,2010,3c84e93f-94e2-41b7-803d-ecccc61dd2de,Russell Brower,
spotify:track:29csiYMOfBmLmGwxmISrMy,Fuiste Tú (feat. Gaby Moreno),Ricardo Arjona,Independiente + Demos,16563780,,,,,no_match
spotify:track:6MEDfjHxnVNcYmHe3mM6L2,Sweet Life,Frank Ocean,channel ORANGE,16562123,b57eed56-5786-4919-a184-68e2863a197b,2012,e520459c-dff4-491d-a6e4-c97be35e0044,Frank Ocean,
spotify:track:3w3LIb1xwPHDTmThadDuI4,White Noise Harmonies,Sleep Alphabet,White Noise Harmonies,16529965,,,,,no_match
spotify:track:4aDDlJRc1WbIlFqhc4aMgx,Calming White Noise Generator,The White Noise Travelers,White Noise Flakes,16518036,,,,,no_match
spotify:track:1Kz5Mgnf6fpjlrx2Rsjy0x,don't worry about me,killedmyself,Backyard Cemetery II,16517706,0680f982-2a8d-4d33-801f-a511f7c68b45,2016,809c7778-73d5-4018-935c-335e621adbf7,killedmyself,
spotify:track:4t2f9NFJFSwt25xLeWO11t,Predictable Shame,Gezebelle Gaburgably,Gaburger,16502069,cb931ca2-5a70-4a66-83c2-8e8bb04989d7,2023,8d7739bb-ed4f-4015-91a5-11f93b1c94ab,Gezebelle Gaburgably,
spotify:track:6beFuzSjwhOKFZp2aqYDdY,Amazing,Aerosmith,Get A Grip,16491439,a6859393-8a79-4371-b34f-5500f87fe527,,3d2b98e5-556f-4451-a3ff-c50ea18d57cb,Aerosmith,
spotify:track:35xSkNIXi504fcEwz9USRB,Solo,Frank Ocean,Blonde,16451339,c954a317-0690-4749-abcb-39f74423509e,2016,e520459c-dff4-491d-a6e4-c97be35e0044,Frank Ocean,
spotify:track:3o7TMr6RmIusYH7Kkg7ujR,Coming Undone,Korn,See You On the Other Side,16423704,078ef5a1-2dc7-4841-8b41-8c5c4a527861,2011,ac865b2e-bba8-4f5a-8756-dd40d5e39f46,Korn,
spotify:track:3hkuiodCw2uWx9wbNwiXxE,White Noise Linen Sheets,Noyze Freq,White Noise Linen Sheets,16420582,,,,,no_match
spotify:track:65tObqreCtRiTJW8dUjIdI,Rock Star Skinny,The Real Zebos,Strictly Platonic.,16412118,b6a6cdba-ca77-473a-a315-fe50e18b22a5,2016,ae0e2978-b150-4177-b6d4-513e6a657ce8,The Real Zebos,
spotify:track:4bHsxqR3GMrXTxEPLuK5ue,Don't Stop Believin',Journey,Escape,16317594,80e4df16-1a61-4897-8053-fa50d0725fc2,,abd506e1-6f2b-4d6f-b937-92c267f6f88b,Journey,
spotify:track:6RARfTprv3iqJ9P3igyayl,Alabaster Doze,Aeoluzzz,Alabaster Doze,16311183,,,,,no_match
spotify:track:2mGEqJahn3CSyCG1BTEqMs,Save Me - Remastered 2011,Queen,The Game,16286668,a2f585ed-72ed-4014-95c1-aa43a994120a,,0383dadf-2a4e-4d10-a46a-e9e041da8eb3,Queen,
spotify:track:46fk9wjYcPm0sgym2b7EEE,We Major,Kanye West,Late Registration,16273179,39d9264a-f62e-4462-90ad-0a69081df3f6,,164f0d73-1234-4e2c-8743-d77bf2191051,Ye,
spotify:track:285pBltuF7vW8TeWk8hdRR,Lucid Dreams,Juice WRLD,Goodbye & Good Riddance,16236696,dc6c8398-f866-4334-a2a2-e586a7ddcb94,2018,4e4ebde4-0c56-4dec-844b-6c73adcdd92d,Juice WRLD,
spotify:track:7CAbF0By0Fpnbiu6Xn5ZF7,Kingslayer (feat. BABYMETAL),Bring Me The Horizon,POST HUMAN: SURVIVAL HORROR,16192845,,,,,no_match
spotify:track:3LO6tJZJjDM4xWe4D01HUN,4 Better Or 4 Worse,The Pharcyde,Bizarre Ride II The Pharcyde,16179985,c9dfa4c0-0033-45c7-a001-cad850a5f8b4,2004,d7134426-a937-43bf-bc54-f10ad8102ed9,The Pharcyde,
spotify:track:5xhRHhBv8CaDjDaMxIubXU,i think i liked it more,doefriends,I WANT TO LOVE AGAIN,16125667,50ae2856-74e3-4cec-b271-d1c3602005c4,2022,13d35c97-f8d0-4987-816f-b9b05861befd,doefriends,
spotify:track:3DK6m7It6Pw857FcQftMds,Runaway,Kanye West,My Beautiful Dark Twisted Fantasy,16102130,dd828cbd-0765-44f5-a244-d81b6f9583f8,2020,164f0d73-1234-4e2c-8743-d77bf2191051,Ye,
spotify:track:7eqoqGkKwgOaWNNHx90uEZ,Nights,Frank Ocean,Blonde,16019790,290d0846-1190-4e53-a1ed-21769c0a848c,2024,e520459c-dff4-491d-a6e4-c97be35e0044,Frank Ocean,
spotify:track:7Aji2cmkTvMjqVAqV870E6,Soothing Snowfall Pillows,Crystal Slowdown,Soothing Snowfall Pillows,16016000,,,,,no_match
spotify:track:6ZRkZgq3o9ouLJTELktXmL,I am YOU,Stray Kids,SKZ2020,16000390,36fb7353-f882-4924-a7f6-4d3507db1da3,2018,142b343d-bf5a-428c-a64f-6d1a7566bbe9,Stray Kids,
spotify:track:75YrtSKCspwv5Zl1zfmGsl,Armageddon,Anberlin,Under A Dying Sun,15930492,a2046a57-e75c-4834-b2e9-5e59543a9cf7,2021,c648509e-9916-4c56-ab63-652a03da16dd,Anberlin,
spotify:track:4GNegosWAI4LstgMNVawWq,White Noise Comfort Snooze,Noise Chillantro,White Noise Comfort Snooze,15930030,,,,,no_match
spotify:track:6nebUmkUoc7fITIKPjS47K,We Did It!!!,grandson,Death Of An Optimist,15921005,dd69c90e-6456-4f64-825b-a74f69484cd9,2020,cc699fe3-db51-4837-928f-8f712c61a01a,grandson,
spotify:track:0QCPUpEzwkXRB6i3CzD5fo,a song about a cartoon,doefriends,I WANT TO LOVE AGAIN,15911902,4371fba6-3d86-495b-b351-2f6c36df363a,2024,13d35c97-f8d0-4987-816f-b9b05861befd,doefriends,
spotify:track:5sbZj8hcae2ebXVBonKQ6g,Your Man,Joji,Nectar,15899264,8867a578-4d82-4523-bf59-6c2f06341a40,2020,8264722b-df00-467a-858e-5c97cda169c9,Joji,
spotify:track:6nyADvUYZsJZKYIOmrTHyZ,Fuck,Kill Bill: The Rapper,Ramona,15882973,,,,,no_match
spotify:track:4XPXrcpyNr30Km6aPiflJy,God’s Menu,Stray Kids,GO LIVE,15877488,cd1be858-2118-4b6c-9b8a-5ccb3c2a242a,2020,142b343d-bf5a-428c-a64f-6d1a7566bbe9,Stray Kids,
spotify:track:1sTsuZTdANkiFd7T34H3nb,Human,The Killers,Day & Age,15857510,9c75f8cc-197d-44be-abbc-bbb9e6bd64c0,,95e1ead9-4d31-4808-a7ac-32c3614c116b,The Killers,
spotify:track:2L1xIpDkmNRGRh0G9YZ1k7,Mr. Crowley,Ozzy Osbourne,The Essential Ozzy Osbourne,15854735,d90f02eb-957b-4636-ac74-a39e18ad4263,2018,8aa5b65a-5b3c-4029-92bf-47a544356934,Ozzy Osbourne,
spotify:track:2KQqc8N4myvQciVgjwhWGH,Eggshell White Noise,The Clear Mind,Eggshell White Noise,15818248,,,,,no_match
spotify:track:1CwzGOJqmATtWE8H00MEIL,Dune,ATEEZ,THE WORLD EP.2 : OUTLAW,15803777,63564970-ebf4-4865-be78-9d725d24d538,2023,cf0dbc16-4e24-4957-b5b4-955c8978f690,ATEEZ,
spotify:track:1rgPXmgq1rOwglSwaTrq9S,Fallen Angels,Black Veil Brides,Set The World On Fire,15794560,d26b4f86-1017-4d46-b432-4ee89070b097,2011,33319aed-9bd7-4cd1-903c-716845c1b7cd,Black Veil Brides,
spotify:track:7p4vHnYXkxlzvfePJVpcTr,Feels Like Summer,Childish Gambino,Summer Pack,15784856,d84f6c79-0b9a-474b-8b97-09154deba5ff,2020,7fb57fba-a6ef-44c2-abab-2fa3bdee607e,Childish Gambino,
spotify:track:7cX4PJz1old9fyFI8RlfgW,Read My Mind,The Killers,Sam's Town,15671687,d89210e2-8a94-4257-82ff-3b1054ff6c0b,,95e1ead9-4d31-4808-a7ac-32c3614c116b,The Killers,
spotify:track:5LNiqEqpDc8TuqPy79kDBu,Edge of Seventeen - 2016 Remaster,Stevie Nicks,Bella Donna,15610654,,,,,no_match
spotify:track:7MZyaNAnYHeNkSEIa1GM85,Ethereal White Noise,The SubOceaners,Ethereal White Noise,15577609,,,,,no_match
spotify:track:2ZqFfDwNjKvPu3USx3onhO,Volverte A Ver,Juanes,Mi Sangre,15576272,e08a4d01-5188-4829-a3c6-e4653625ac6a,2005,8b0f05ce-354e-4121-9e0b-8b4732ea844f,Juanes,
spotify:track:2U94Nj4SVS7TNsUiObLWPm,End of It,Friday Pilots Club,End of It,15564637,971d8d6b-c34e-400a-81ba-5717047327b5,2017,27afdb7c-c932-4698-9d2a-96d7199acbed,Friday Pilots Club,
spotify:track:4oQkcfukOHfKsmeoeXQLWC,Rusty (feat. Domo Genesis & Earl Sweatshirt),"Tyler, The Creator",Wolf,15547214,c706b1f9-df09-40f3-b598-93e71132f1ac,2013,f6beac20-5dfe-4d1f-ae02-0b0a740aafd6,"Tyler, The Creator",
spotify:track:0Tcs9OG5IwiDaEN6gu7Dc9,Sleeptalking,Rav,New Moon,15531776,,,,,wrong_artist
spotify:track:3rz3sJDO0t0sTqaN2cAood,Into the Void,Celldweller,Into the Void,15530599,c583d14c-b5fb-48bd-8c9a-cccae0ccffeb,2019,fad8967c-a327-4af5-a64a-d4de66ece652,Celldweller,
spotify:track:2x5OP2zk25OLNuErjOinfY,Glint,Deafheaven,Ordinary Corrupt Human Love,15524420,b6a37de3-43d7-479a-80c3-84d92881bc25,2018,f4ccf6c5-ad41-4f8f-bb9e-6e2c6ad23302,Deafheaven,
spotify:track:4tQcyj5488alHT1ZgFduzn,How Much A Dollar Cost,Kendrick Lamar,To Pimp A Butterfly,15504647,,,,,<urlopen error timed out>
spotify:track:3A4cpTBPaIQdtPFb5JxtaX,Slow Jamz,Twista,The College Dropout,15496430,16a0daa9-f9b8-438c-ba4d-a975eab1fda7,2004,0bc858a1-3573-4216-9423-c96dd8c72919,Twista,
spotify:track:2XVdIJlnP4xywLbeSplcsn,Waterwaterwater,Kill Bill: The Rapper,Ramona,15484075,,,,,no_match
spotify:track:5uXO1sjZ7VbNKexKaFRna3,Please Do Not Lean (feat. BADBADNOTGOOD),Daniel Caesar,Please Do Not Lean,15458692,,,,,no_match
spotify:track:6fltr78DOBrcjyZ0iNoGY8,Mientras tanto - con la participación de Ricardo Arjona,Tommy Torres,12 Historias,15453378,,,,,no_match
spotify:track:3BIIJgBJJ7NhhCv4MI6n7w,Alien Boy,Oliver Tree,Ugly is Beautiful,15452388,df280eaa-83f7-4f63-94e9-5b2280c2b4a2,2020,1fa3bded-908f-47be-9784-3c9ef850682b,Oliver Tree,
spotify:track:34h5d8SNbI0nnsJ9TNP7bv,Ligma,Billy Marchiafava,Ligma,15429178,d74c5f96-265a-425d-8240-bf46b6957570,,0b7af1a3-9ad7-4955-a6a2-77c9095bdf50,Billy Marchiafava,
spotify:track:6IZvVAP7VPPnsGX6bvgkqg,PRIDE.,Kendrick Lamar,DAMN.,15422331,b80acf30-78ed-4c23-b4c3-c7e2387a06e4,2017,381086ea-f511-4aba-bdf9-71c753dc5077,Kendrick Lamar,
spotify:track:2NbKo7vh9ysSALZTCb2wiw,Dull White Noise,Valdervande,Out Cold with White Noise,15418766,,,,,no_match
spotify:track:4wCmqSrbyCgxEXROQE6vtV,Somebody That I Used To Know,Gotye,Making Mirrors,15389562,166fc65d-9926-4617-8c5f-d304cc1599ad,,6f6fd596-76e0-4b82-aa37-f558ac2d337b,Gotye,
spotify:track:5lcyIeEfwZTs8Ajw3kdF7P,Crack Rock,Frank Ocean,channel ORANGE,15389554,586ec6b1-0725-4825-84ec-54f0e9dd3855,2012,e520459c-dff4-491d-a6e4-c97be35e0044,Frank Ocean,
spotify:track:3O8G8eVrhfXTGttyQ1xVuq,CASE 143,Stray Kids,MAXIDENT,15365377,e45a640e-d0d6-46ef-81c0-d98e48190c99,2022,142b343d-bf5a-428c-a64f-6d1a7566bbe9,Stray Kids,
spotify:track:3dkEs7OEPCC1WDreOmhZNl,Melting Vibes,The Mellowells,Head Space,15353686,4801109c-897d-4149-bcee-1dd669a4e9af,2016,8b0d5f41-41d4-4bd2-9ad0-9d343af32073,The Mellowells,
spotify:track:5RibjOFyMKUskdc0U8URmJ,Hearing Voices,Anberlin,Lowborn,15328018,6058c1e3-343c-4e60-8cbd-975ecff156f7,2014,c648509e-9916-4c56-ab63-652a03da16dd,Anberlin,
spotify:track:7wvFYp6DH6wnmssGxljA6Y,"Good Night, White Noise",Linus Xio,"Good Night, White Noise",15313503,,,,,no_match
spotify:track:3JZn98HiHohUnlWN5e3VeS,White Noise Escape,The Clear Mind,White Noise Escape,15288787,,,,,no_match
spotify:track:1ULovMYbbglXIn9TQzMsKz,King of Carrot Flowers Pts. 2 & 3,Neutral Milk Hotel,In the Aeroplane Over the Sea,15283426,b2aea32b-72f3-4e8a-962a-dd640d372a33,,a506f761-2c22-4b2f-8a94-bd748c2c8f75,Neutral Milk Hotel,
spotify:track:0AOvNRgl0SMfOibWA5bP8o,Money Trees,Kendrick Lamar,"good kid, m.A.A.d city",15229285,82c92918-b16c-4ce2-9b4f-dc59b22487ba,,381086ea-f511-4aba-bdf9-71c753dc5077,Kendrick Lamar,
spotify:track:6m1TWFMeon7ai9XLOzdbiR,FAKE LOVE,BTS,Love Yourself 轉 'Tear',15204627,27e95178-49ac-47a1-8b4c-540c77982680,2018,0d79fe8e-ba27-4859-bb8c-2f255f346853,BTS,
spotify:track:6b8Be6ljOzmkOmFslEb23P,24K Magic,Bruno Mars,24K Magic,15181375,c1974102-b843-493a-b949-a2213dc9172d,2017,afb680f2-b6eb-4cd7-a70b-a63b25c763d5,Bruno Mars,
spotify:track:6OPuuLWmN2miqdC9IslNMK,how to feel alive,doefriends,I WANT TO LOVE AGAIN,15172760,7daa50f4-03e4-47d1-a196-19bcd7cfb8d7,2024,13d35c97-f8d0-4987-816f-b9b05861befd,doefriends,
spotify:track:5S4PZ7AuYlYiVIVik3wHUf,TALES OF DOMINICA,Lil Nas X,MONTERO,15153112,7d52cee6-9ec2-4fa0-9eda-99bd77428089,2021,0b30341b-b59d-4979-8130-b66c0e475321,Lil Nas X,
spotify:track:6DdSsDuP3wg8p9w8F0mokY,harness,doefriends,I WANT TO LOVE AGAIN,15129295,6b32fae6-37b8-4310-a8ea-1daca684f9d3,2024,13d35c97-f8d0-4987-816f-b9b05861befd,doefriends,
spotify:track:2qcROjiCc0JSGVUiNsWrtw,Out Cold with White Noise,Valdervande,Out Cold with White Noise,15099272,,,,,no_match
spotify:track:3AqydzHbn8KtlKxymfe1fG,Widower,Make Them Suffer,Neverbloom,15069755,fd8ec09c-52f2-4fe2-a45f-33ef3cc16914,2012,b6f8cce8-cbac-48a0-b0fa-d6cc06447928,Make Them Suffer,
spotify:track:4b3rGL8LDSkbARUUA20136,VENOM,Stray Kids,ODDINARY,15057258,a01a79f5-8e46-4e80-a086-d08caad8aaea,2022,142b343d-bf5a-428c-a64f-6d1a7566bbe9,Stray Kids,
spotify:track:0hxqjg01v5zW2yegfdhKup,CARDIBDRUGGEDME!,Sad Frosty,Playground,15037533,04d4b7dc-d463-41ac-85c1-50d4537820a6,2019,55fb1ec1-26a2-4f43-8210-1e831235b55b,Sad Frosty,
spotify:track:7yMZ5Xa4TDQo3dLlDRCwfm,Care,midwxst,Care,15016714,19a706a6-4146-40df-b381-e1f76031bbca,2021,2cc8fd8a-4c22-4905-8a8f-86f076d50497,midwxst,
spotify:track:3xIIZTjLwmy0X1Amv5g5IT,Eagle,VHS,Eagle,15011087,53096271-0b28-43bd-9cb1-217d5a162b22,2018,520d25e0-e92a-4e59-be47-56a305bb4b0f,VHS,
spotify:track:2JVO6M02HMNuW4lbWE8ocT,White Noise in the Cabin,Dream Fuzz,White Noise for Resting,14993046,,,,,no_match
spotify:track:08VmsF8pxSVk0cWPAGdSj2,Grass Eater,The Mellowells,Head Space,14903642,2a567e6f-c146-4c2e-9770-5e85cf54a462,2016,8b0d5f41-41d4-4bd2-9ad0-9d343af32073,The Mellowells,
spotify:track:75izAeHlGuOgA865CFDyIv,For Free? - Interlude,Kendrick Lamar,To Pimp A Butterfly,14865739,,,,,no_match
spotify:track:1Vp4St7JcXaUoJcIahtf3L,The New Workout Plan,Kanye West,The College Dropout,14844423,e7eb4d6d-10bd-4c74-a543-1bb0e35a6d4b,,164f0d73-1234-4e2c-8743-d77bf2191051,Ye,
spotify:track:3AOf6YEpxQ894FmrwI9k96,Super,SEVENTEEN,SEVENTEEN 10th Mini Album 'FML',14829644,8b3a43fc-8488-4733-802a-cfe65e49ac93,2024,e04d239e-9fa8-49b3-b9b7-9e439c3cb1d1,SEVENTEEN,
spotify:track:6h9dDQDCFspMTxHREwn2pu,THE GREAT BAKUNAWA (with Danny Brown),Quadeca,"Vanisher, Horizon Scraper",14785720,,,,,no_match
spotify:track:5L4n81Ecf8UE837uJkuoJJ,Pigs,"Tyler, The Creator",Wolf,14780065,2c678e87-faaa-4d31-8e3d-d0a7beeecd8b,2013,f6beac20-5dfe-4d1f-ae02-0b0a740aafd6,"Tyler, The Creator",
spotify:track:0qtK3XwbuG153dmwB8iepL,Glitter,"Tyler, The Creator",Flower Boy,14740665,f3d08a5e-4838-4ab8-96f5-d833777e1d1d,2022,f6beac20-5dfe-4d1f-ae02-0b0a740aafd6,"Tyler, The Creator",
spotify:track:6isTQfKXhNO3EyJd9mSxx8,AM I DREAMING (feat. Miley Cyrus),Lil Nas X,MONTERO,14735136,,,,,no_match
spotify:track:5GUYJTQap5F3RDQiCOJhrS,Self Control,Frank Ocean,Blonde,14715352,039326dc-e853-4de8-84c5-dd91c31d4256,2016,e520459c-dff4-491d-a6e4-c97be35e0044,Frank Ocean,
spotify:track:6EZ6TJegdJy1ghJBCfuopG,"Cats, Dogs & Rats",Rare Americans,Rare Americans,14704818,e5aaea8b-f7c6-4b2f-b2bc-bfc6bd27538e,,78fcc713-214b-4f04-a84e-af800e2d34ba,Rare Americans,
spotify:track:5KyOUICJIvO0z71MBdPGiX,BOUNCY (K-HOT CHILLI PEPPERS),ATEEZ,THE WORLD EP.2 : OUTLAW,14684420,79544a39-5063-4ea0-9b2f-3573e3b23536,2023,cf0dbc16-4e24-4957-b5b4-955c8978f690,ATEEZ,
spotify:track:129lYDVKnWtlJc2PZJviuA,A Dios Le Pido,Juanes,Un Día Normal,14680458,b16ee70f-eb8d-42e0-bd55-e04a1519229a,2012,8b0f05ce-354e-4121-9e0b-8b4732ea844f,Juanes,
spotify:track:7Jh1bpe76CNTCgdgAdBw4Z,Heroes - 2017 Remaster,David Bowie,"""Heroes""",14674279,,,,,no_match
spotify:track:6OUUsPfLzqBhGT5NpbBYew,Spa Day Noise,Dream Storms,Spa Day Noise,14673462,,,,,no_match
spotify:track:2n33zaHpprIqOiSyoC8I5F,Did I Love You (Like I Promised To),flipturn,Something You Needed,14656219,b5d318f2-6ff9-4858-9216-9191ce12420b,2021,0c97b403-1aae-4315-93ab-af54fe2169d6,flipturn,
spotify:track:7oeYIuoUbw6HPZukd8MAfT,Ethereal Elegance,Limone M,Ethereal Elegance,14613094,,,,,no_match
spotify:track:6gHsenqqwzj67gp1OzCIi2,Pvp,Ken Ashcorp,Pvp - Single,14597143,624f1954-812d-4fb6-bd7e-a55512769b6b,2011,4135b794-b15e-492f-bf0b-6fccfc1c0b8a,Ken Ashcorp,
spotify:track:1RJeiAIwR9pZBgJA8ndZLL,"Paint It, Black - Mono",The Rolling Stones,The Rolling Stones In Mono,14581684,dda867f6-420e-487e-bdbc-1dc7ad701412,,b071f9fa-14b0-4217-8e97-eb41da73f598,The Rolling Stones,
spotify:track:6ACiYjq5Q7e6BlhZEHz7cd,Garden Shed (feat. Estelle),"Tyler, The Creator",Flower Boy,14565059,777b057a-0237-49b3-ad23-8a3675ce32fa,2017,f6beac20-5dfe-4d1f-ae02-0b0a740aafd6,"Tyler, The Creator",
spotify:track:1s8tP3jP4GZcyHDsjvw218,93 Million Miles,Jason Mraz,Love Is a Four Letter Word,14535918,8a118be6-a8f2-41b4-a4c8-7aebb885ddb1,2012,82eb8936-7bf6-4577-8320-a2639465206d,Jason Mraz,
spotify:track:2oWkMxjlHWqesY6fGVz3lK,cantido,doefriends,I WANT TO LOVE AGAIN,14517418,85cfc0af-baf3-40d1-980c-6cf336231461,2024,13d35c97-f8d0-4987-816f-b9b05861befd,doefriends,
spotify:track:0KHdC6VZxZKoGBZIOBXQCN,Chalky White Noise,Noise Chillantro,Chalky White Noise,14516189,,,,,no_match
spotify:track:0NJC0FDCODpPUntRTTQq97,Cryin',Aerosmith,Get A Grip,14510087,cd4c59b6-e8e5-40d7-b57d-58ed6c02dc30,1994,3d2b98e5-556f-4451-a3ff-c50ea18d57cb,Aerosmith,
spotify:track:7CQhZA3qNDZBoTKWqjD7gR,Give Me Your TMI,Stray Kids,MAXIDENT,14507683,f94b949a-7a23-414f-9a7b-777b0bc5cfa0,2022,142b343d-bf5a-428c-a64f-6d1a7566bbe9,Stray Kids,
spotify:track:2ZWlPOoWh0626oTaHrnl2a,Ivy,Frank Ocean,Blonde,14467796,fe8b367d-78ef-4ec3-9c9a-ff3435a65d5b,2016,e520459c-dff4-491d-a6e4-c97be35e0044,Frank Ocean,
spotify:track:1wfsEe3xb2kvWv8dXD5k5m,Bound To You - Burlesque Original Motion Picture Soundtrack,Christina Aguilera,Burlesque Original Motion Picture Soundtrack,14443655,,,,,no_match
spotify:track:0dcMqjeDpwqB2xhzMsld0p,El Mañana,Gorillaz,Demon Days,14395261,86aa2d8b-a46f-4a8a-81bb-a9c25683d5a5,,e21857d5-3256-4547-afb3-4b6ded592596,Gorillaz,
spotify:track:37EoUoGfIfSEprR0UboDNp,White Noise Sleeping Pill,Atmosphere of Calm,White Noise Sleeping Pill,14394211,,,,,no_match
spotify:track:2InYISGssmeLsVXzLCC6iw,Hugging White Noise,Klangspiel,Peaceful Flow of White Noise,14361286,,,,,no_match
spotify:track:7CqH8JrMUBNRW7ybZ2waaT,White Noise Secrets,Sweet Sol,White Noise Secrets,14359645,,,,,no_match
spotify:track:4baWaXmm0BFFT3Qe3uSvs9,Superhuman,NCT 127,NCT #127 WE ARE SUPERHUMAN - The 4th Mini Album,14301101,42d4b59b-c894-4569-b977-46b18d8cfe77,2019,9d17d14a-e81c-410e-a90b-b02b0a9de6f8,NCT 127,
spotify:track:1GWi3IJvkBCy3kZYOjAkDw,70%,underscores,fishmonger,14267055,081583f2-571e-4417-8e61-cc568febee13,2021,ab1a3f85-e0ea-470a-af5c-175447ae774c,underscores,
spotify:track:0S9k1ETTIQTZO6gM3P339M,Sound Is Vibration,Atmosphere,Overcast! (20 Year Anniversary Remaster),14263003,b09a3b56-431b-4131-9fd3-0fc1b481f444,1997,ef954679-5ee7-4016-acef-7ac71f2fa3d8,Atmosphere,
spotify:track:2d4e45fmUnguxh6yqC7gNT,Dirty Deeds Done Dirt Cheap,AC/DC,Dirty Deeds Done Dirt Cheap,14246979,6afe3b82-7708-47de-8b91-e36cd05d65ae,,66c662b6-6e2f-4930-8610-912e24c63ed1,AC/DC,
spotify:track:3EG9FJ0ToLfgnc1IG2Z1wz,SWEET / I THOUGHT YOU WANTED TO DANCE (feat. Brent Faiyaz & Fana Hues),"Tyler, The Creator",CALL ME IF YOU GET LOST,14198068,,,,,no_match
spotify:track:6ak7dK1uhAyJe8WKxcdsxR,Calming White Noise on my Mind,Likko Sol,Soothing White Noise Hum,14186519,,,,,no_match
spotify:track:7kPuCwBWgXy5TGfgwNUKwV,Hole In My Soul,Aerosmith,Nine Lives,14171079,3d2f0401-7bb1-45ee-9a63-121d7d3f9109,1997,3d2b98e5-556f-4451-a3ff-c50ea18d57cb,Aerosmith,
spotify:track:0pR5vcd51X9wyACCiolHNR,SWEET / I THOUGHT YOU WANTED TO DANCE (feat. Brent Faiyaz & Fana Hues),"Tyler, The Creator",CALL ME IF YOU GET LOST: The Estate Sale,14166264,,,,,no_match
spotify:track:0wVyUtOvYWJvniPRidlNnQ,White Noise Flakes,The White Noise Travelers,White Noise Flakes,14159067,,,,,no_match
spotify:track:591wpGDM2pd9yMTLFtOOBG,Peaceful Flow of White Noise,Klangspiel,Peaceful Flow of White Noise,14156210,,,,,no_match
spotify:track:4BG9rxp6mBUTBHpanWG7Ld,It's Over,Gezebelle Gaburgably,Gaburger,14155754,dbffbb78-a19f-4637-9d76-76e96a2d7258,2023,8d7739bb-ed4f-4015-91a5-11f93b1c94ab,Gezebelle Gaburgably,
spotify:track:7F02x6EKYIQV3VcTaTm7oN,Hey You,Pink Floyd,The Wall,14150035,225fc289-fb1d-4258-8d54-2b202d03942c,,83d91898-7763-47d7-b03b-b92132375c47,Pink Floyd,
spotify:track:6MkMXHNEwnx3HJ8wwBZ5Ah,I Had It Coming,Rare Americans,Rare Americans,14099892,cdb118a1-1441-413d-988e-8ea69b894d6d,2018,78fcc713-214b-4f04-a84e-af800e2d34ba,Rare Americans,
spotify:track:6CqAwSwYn3CLgShkBs7ow2,Redrum,Freddie Dredd,Redrum,14090743,7f28fcca-740c-4979-b464-cf424b6ea2ec,2019,a40ea317-e531-428a-909b-da1e68700573,Freddie Dredd,
spotify:track:2xtP8RNbo2BEMzLX7tK7aq,CRY FOR ME,TWICE,CRY FOR ME,14084683,8954e184-8906-459f-a328-39bc7b057233,2021,8da127cc-c432-418f-b356-ef36210d82ac,TWICE,
spotify:track:3GZD6HmiNUhxXYf8Gch723,Lost,Frank Ocean,channel ORANGE,14082322,28a1ff2e-a126-4858-a95f-4e73b817c1cb,2012,e520459c-dff4-491d-a6e4-c97be35e0044,Frank Ocean,
spotify:track:6btdl1Vl6Ta5lUwUSOFW2H,SUN GOES DOWN,Lil Nas X,MONTERO,14080970,01062c94-7bc7-48ee-a233-4c6df45448f0,2021,0b30341b-b59d-4979-8130-b66c0e475321,Lil Nas X,
spotify:track:0KERuWnGiBnoFiMyJCLTcj,BLACK MIRROR,ONEUS,BINARY CODE,14078746,329681ff-d9a3-4005-abc4-76e6bde21552,2021,c010eb84-2de1-40b2-b267-40de6002daab,ONEUS,
spotify:track:75fyPQxfL7MDpX5BFr9vQ7,NoiZzz on My Mind,Xella Machina,Slumberous White Noise,14073901,,,,,no_match
spotify:track:1pIMxRddmCGalHnRbLFkWg,Have It All,Jason Mraz,Have It All,14073657,c38c991b-0edd-46b5-acb0-ee5141aeb8e2,2018,82eb8936-7bf6-4577-8320-a2639465206d,Jason Mraz,
spotify:track:724utiMbqUfT1g3tqbfQYu,Spoiled little brat,underscores,fishmonger,14040561,0da51952-2a20-4daa-bf3c-e96f81ed681c,2022,ab1a3f85-e0ea-470a-af5c-175447ae774c,underscores,
spotify:track:1ZHYJ2Wwgxes4m8Ba88PeK,Monster,Kanye West,My Beautiful Dark Twisted Fantasy,14032957,3c931706-47dd-440d-90dc-93122accf048,2025,164f0d73-1234-4e2c-8743-d77bf2191051,Ye,
spotify:track:3grVoZ10bm2jUGpo7BxpuF,DEAD RIGHT NOW,Lil Nas X,MONTERO,13961886,6a1ff15d-3ab1-4e37-8b6a-c093ac5a9af4,2021,0b30341b-b59d-4979-8130-b66c0e475321,Lil Nas X,
spotify:track:1xaTREM89RbIxkcjlpf4Uw,Heaven Knows I'm Miserable Now - 2011 Remaster,The Smiths,Hatful of Hollow,13943105,,,,,no_match
spotify:track:40IQooNkPRVtn4zlE3ZFpA,untitled 07 | 2014 - 2016,Kendrick Lamar,untitled unmastered.,13934203,11afe695-8bf0-4095-9c01-d87ece44a341,2016,381086ea-f511-4aba-bdf9-71c753dc5077,Kendrick Lamar,
spotify:track:0C7RjrX0Jtg7qRaqkO8Xpp,Die Young,grandson,a modern tragedy vol. 3,13898198,ed46d142-b992-47ac-b73e-05a24b6bdf70,2019,cc699fe3-db51-4837-928f-8f712c61a01a,grandson,
spotify:track:6CRiWEfzbUepz9s5Mu6HoY,Game Theory,The Roots,Game Theory,13864792,5f70cf0d-5135-44d1-95d8-ebdff8c5445f,,80b3cf5e-18fe-4c59-98c7-e5bb87210710,The Roots,
spotify:track:7KA4W4McWYRpgf0fWsJZWB,See You Again (feat. Kali Uchis),"Tyler, The Creator",Flower Boy,13831452,84c89174-d435-4440-a5bc-63c8a5569365,2017,f6beac20-5dfe-4d1f-ae02-0b0a740aafd6,"Tyler, The Creator",
spotify:track:6dUH0mAHab0XZAyzUN5VcU,Brittle Bones Nicky,Rare Americans,Brittle Bones Nicky,13827294,fc588395-928d-40d1-aa6d-e60a7b1dab1b,2022,78fcc713-214b-4f04-a84e-af800e2d34ba,Rare Americans,
spotify:track:3sInZgR1GMnPtv2HkCe8KZ,Huntress,Vylet Pony,Monarch of Monsters,13802496,7ccd0373-f393-4302-bd94-2bc39717185f,2024,6a84105c-af0a-4367-8d54-e7dd6ceb19af,Vylet Pony,
spotify:track:4DgOjITaSwhAKFtY2IcjdT,"""Geddit"" or ""The Commodity of Tenacity",Rav,"""Geddit"" or ""The Commodity of Tenacity",13782822,105d110c-607c-467f-b322-576df9056504,2017,dd2ae026-4144-4ee3-a7b4-09434a465c34,Rav,
spotify:track:3Ti0GdlrotgwsAVBBugv0I,Can I Kick It?,A Tribe Called Quest,People's Instinctive Travels and the Paths of Rhythm (25th Anniversary Edition),13781637,df79d48f-a22b-4adf-bf0f-d8349b62826f,2016,9689aa5a-4471-4fb4-9721-07cecda0fa9f,A Tribe Called Quest,
spotify:track:7iN1s7xHE4ifF5povM6A48,Let It Be - Remastered 2009,The Beatles,Let It Be,13774846,b925d2a3-3bd3-4dee-b342-8b9d27ecaebc,1994,b10bbbfc-cf9e-42e0-be17-e2c3e1d2600d,The Beatles,
spotify:track:7Kfo3uxfkpIB8T8no0TIcj,For M.,samlrc,A Lonely Sinner,13745328,9b2139f6-4038-4cfe-af61-0370a35c3f29,2024,c9b8053b-e81d-486c-b117-dc15bd3bb604,samlrc,
spotify:track:2vukoriV9e7oyOojN1NtsB,Collision,Stray Kids,5-STAR,13736502,818decd1-e622-489b-bdca-0065b2396675,2023,142b343d-bf5a-428c-a64f-6d1a7566bbe9,Stray Kids,
spotify:track:1KcZRMyC2tSs3CMIsng9wx,Otha Fish,The Pharcyde,Bizarre Ride II The Pharcyde,13735377,47d8d45e-2636-48eb-92f4-bb8d214c7d3c,1998,d7134426-a937-43bf-bc54-f10ad8102ed9,The Pharcyde,
spotify:track:712uvW1Vezq8WpQi38v2L9,"Bitch, Don’t Kill My Vibe",Kendrick Lamar,"good kid, m.A.A.d city",13731428,a5a4d3ec-f47b-4c50-a7e9-2b4c1232f704,,381086ea-f511-4aba-bdf9-71c753dc5077,Kendrick Lamar,
spotify:track:6RS9yHVAFYXf2yspUgQkDH,In a state of White Noise Sleep,EXOA,White Noise Pillow,13664000,,,,,no_match
spotify:track:4QDpsNBlllaLGj8zbF2EE0,Charmer,Stray Kids,ODDINARY,13658875,70cdde02-62d7-4bb8-af37-bf0547d0681e,2022,142b343d-bf5a-428c-a64f-6d1a7566bbe9,Stray Kids,
spotify:track:7A3ETuOrieyx9KSF0sn0Zf,You Ain't Gotta Lie (Momma Said),Kendrick Lamar,To Pimp A Butterfly,13634833,5d5297df-f15c-4313-9352-2d531d6eba52,2015,381086ea-f511-4aba-bdf9-71c753dc5077,Kendrick Lamar,
spotify:track:7kqyhhEzhkR4aULBDV80dI,White Noise Vibrations,Scientists of Noise,White Noise Vibrations,13560437,,,,,no_match
spotify:track:5QW9beM5cUZtRpy6Xyowtl,Definition of a Rap Flow Contest Entry,Jarv,"Jarvage, Vol. 1",13499858,21576d2a-0510-48fb-a9ae-b59da273b31d,2016,0e431661-0291-4fc2-90f2-a47e057e0a6a,Jarv,
spotify:track:4QLPUyOsRUTnoW8h7HFbZX,Mala Gente,Juanes,Un Día Normal,13497226,517e912c-6d71-4fb9-b10c-b32e98da3bc1,2003,8b0f05ce-354e-4121-9e0b-8b4732ea844f,Juanes,
spotify:track:0SaopEgTo6O5dJoFXBbulL,Friends Will Be Friends - Remastered 2011,Queen,A Kind of Magic,13481733,4bc10a78-3278-4544-b34a-7cc7b0ad708a,1986,0383dadf-2a4e-4d10-a46a-e9e041da8eb3,Queen,
spotify:track:0455myqKgrIkofngPOUhpK,Throw It Back (Instrumental),Proleter,Rookie,13479625,b0b11dff-6e25-427e-8c21-59eb945913a8,2014,1f7ea922-f391-4089-bced-9b1e035e4642,ProleteR,
spotify:track:6dyXogYZZ45wBgRY1Wq3P1,DLC,Stray Kids,5-STAR,13468776,10bd0d93-3cd9-4417-88cc-606c83fd9260,2023,142b343d-bf5a-428c-a64f-6d1a7566bbe9,Stray Kids,
spotify:track:4tEaytMs86hIaOSsiGoLcP,Excursions,A Tribe Called Quest,The Low End Theory,13428222,32c57b29-b0b5-490d-be27-a8642d0bdfd9,2001,9689aa5a-4471-4fb4-9721-07cecda0fa9f,A Tribe Called Quest,
spotify:track:4zrV7OGQC4RA1n1eEWjt7B,Flowerfields,samlrc,A Lonely Sinner,13421341,7bc85d51-3ea3-4c1e-89bc-5a46a86810cd,2024,c9b8053b-e81d-486c-b117-dc15bd3bb604,samlrc,
spotify:track:14pjnaIqkpReO5D0tHofAS,Daisy,PENTAGON,WE:TH,13393919,591dfaa4-c4b6-4a1f-b3f6-36418adab1ee,2020,da9bf052-1a66-4737-be10-9f3987980b19,PENTAGON,
spotify:track:5tz69p7tJuGPeMGwNTxYuV,1-800-273-8255,Logic,Everybody,13371556,47c03973-a3a2-4a46-9e86-e446a09e8de9,2017,713e751f-3ddb-4b77-b3b1-9e6f2e953ad5,Logic,
spotify:track:0bYVPJvXr8ACmw313cVvhB,Tally,BLACKPINK,BORN PINK,13329908,12307336-1b68-4b63-815e-196b96b84123,,48646387-1664-4c9a-9139-9bfd091b823c,BLACKPINK,
spotify:track:6dkTg20dwhZ9ejLWyffjJ4,Don't Feel Right,The Roots,Game Theory,13320305,bd290cdd-7ea5-4e28-b7f2-e1a2d42c0a8a,2006,80b3cf5e-18fe-4c59-98c7-e5bb87210710,The Roots,
spotify:track:7xirU92R68BcxUGYy4MeF1,Gentle White Noise Generator,Freq Molecule,Gentle White Noise Generator,13284000,,,,,no_match
spotify:track:5ujh1I7NZH5agbwf7Hp8Hc,Swimming Pools (Drank) - Extended Version,Kendrick Lamar,"good kid, m.A.A.d city",13263695,22fd32fc-b2f0-445c-81b5-984ed5560508,2013,381086ea-f511-4aba-bdf9-71c753dc5077,Kendrick Lamar,
spotify:track:1HshHZrFIF5MRXWCZntOPr,CHILL,Stray Kids,MAXIDENT,13229293,6f7895b5-c7b4-40d4-9634-612c28f2a042,2023,142b343d-bf5a-428c-a64f-6d1a7566bbe9,Stray Kids,
spotify:track:6gxycjJNMgmAyfzUXBN80P,Goodbye My Lover,James Blunt,Back to Bedlam,13190699,1945acbf-631d-4fc8-b572-e3cf6639c91d,,ebee61b4-bbdd-4087-9bcb-d5aa099088ec,James Blunt,
spotify:track:5g1vtHqi9uV7xtYeCcFOBx,Jesus Walks,Kanye West,The College Dropout,13161537,c793dceb-0857-406d-b467-932f889a89e1,2004,164f0d73-1234-4e2c-8743-d77bf2191051,Ye,
spotify:track:6p0UtzqMmimxDWlDT2wTJN,Hullabaloo,Rare Americans,Hullabaloo,13143152,a22d39e1-2003-4122-9d09-92308cf7969c,2021,78fcc713-214b-4f04-a84e-af800e2d34ba,Rare Americans,
spotify:track:1BViPjTT585XAhkUUrkts0,Seigfried,Frank Ocean,Blonde,13133588,c3e901e3-f2fb-4b84-add4-ec16ce173476,2016,e520459c-dff4-491d-a6e4-c97be35e0044,Frank Ocean,
spotify:track:5BY0p2EH4EznNZ0MFD9mjt,Me Enamora,Juanes,La Vida Es Un Ratico,13124269,cb70bc7b-0db8-4b42-8699-5e7948f6793c,2008,8b0f05ce-354e-4121-9e0b-8b4732ea844f,Juanes,
spotify:track:0qNnE0beu4OfHk8Txa3vGt,Soul Flower - Remix,The Pharcyde,Bizarre Ride II The Pharcyde,13114992,2c04fc81-7428-48d7-b5ec-8669e5387e75,,d7134426-a937-43bf-bc54-f10ad8102ed9,The Pharcyde,
spotify:track:6ByEfQDwQG1b1qj0t7X6i4,i don't know if you hate or love me,doefriends,I WANT TO LOVE AGAIN,13095864,3f5d7e78-77ce-4ccd-803c-c69f90f15b09,2022,13d35c97-f8d0-4987-816f-b9b05861befd,doefriends,
spotify:track:5e9TFTbltYBg2xThimr0rU,The Chain - 2004 Remaster,Fleetwood Mac,Rumours,13088791,,,,,no_match
spotify:track:1noYIUDPQt825CZxRwmeJg,Paperlove,Chrosky,Paperlove,13088204,4f23ed84-f79d-47d8-b168-7ae8daee241d,2017,b031dffc-267f-45e2-aad7-7a721086bff6,Chrosky,
spotify:track:5EeZuhVQdnUkpCiknMTeoP,Pay the Man,Foster The People,Sacred Hearts Club,13082781,2996e4f0-918c-4210-ab4e-61796b3e9309,2017,e0e1a584-dd0a-4bd1-88d1-c4c62895039d,Foster the People,
spotify:track:5YICiSTdTX0y9wwA7CuNYh,Aglow,The Rare Occasions,Aglow,13081005,942d6ec3-b45c-407b-98c1-1c537432c28d,2015,37177491-dc86-4536-8ac2-51887ccfa0bb,The Rare Occasions,
spotify:track:1UGD3lW3tDmgZfAVDh6w7r,Devil In A New Dress,Kanye West,My Beautiful Dark Twisted Fantasy,13075563,3d30291b-d58f-4cff-9cc4-9b34f67132c6,2025,164f0d73-1234-4e2c-8743-d77bf2191051,Ye,
spotify:track:16V37tEJapC7jTli8qHImc,My Song,H.E.R.,My Song,13064255,78d46e43-7c03-4fbf-997f-47013a39aa1c,2018,93998e01-ff53-4af7-ba2a-5674adcdf21e,H.E.R.,
spotify:track:1WywWkNZl1nThYsb1fiePZ,Tully,Mr.Tree,Splitting,13040093,,,,,no_match
spotify:track:2YTcBeRLoVO2MkzKpbxPVW,Tranquil White Noise,Panoramia,Tranquil White Noise,13038344,5831a761-9e4d-4bb7-bb5a-d74ea46973cb,2022,6bb69646-d76b-48a5-a77f-4f60cf4db5af,Panoramia,
spotify:track:7y9yjpRtZajYzVpXHRjwGz,No More ?'s,Eazy-E,Eazy-Duz-It,13021429,c337e82d-1b40-466e-9e58-0489cc788de7,2024,c3009d7a-51ac-4c9c-888a-04f5c3c4be0c,Eazy‐E,
spotify:track:5hVghJ4KaYES3BFUATCYn0,EARFQUAKE,"Tyler, The Creator",IGOR,12983446,cb8df55b-345c-4c5e-8c86-39f345db43bc,2020,f6beac20-5dfe-4d1f-ae02-0b0a740aafd6,"Tyler, The Creator",
spotify:track:2EqlS6tkEnglzr7tkKAAYD,Come Together - Remastered 2009,The Beatles,Abbey Road,12979554,1e35f3a5-6161-4e0c-9168-94a996a34c50,,b10bbbfc-cf9e-42e0-be17-e2c3e1d2600d,The Beatles,
spotify:track:4HfxDJ0uLHTLe0fZrx0MbQ,Check the Rhime,A Tribe Called Quest,The Low End Theory,12945478,2e361148-b4c0-45ca-a119-7fe98e25ed1d,2005,9689aa5a-4471-4fb4-9721-07cecda0fa9f,A Tribe Called Quest,
spotify:track:4kflIGfjdZJW4ot2ioixTB,Someone Like You,Adele,21,12943025,aaea0060-e286-4ca8-b216-f80d381264ab,2011,cc2c9c3c-b7bc-4b8b-84d8-4fbd8779e493,Adele,
spotify:track:4tlkasH25ihwA68F1Xw8wI,Death Of An Optimist // Intro,grandson,Death Of An Optimist,12881035,4d41d50c-c910-436b-89ab-e56001488793,2020,cc699fe3-db51-4837-928f-8f712c61a01a,grandson,
spotify:track:51RN0kzWd7xeR4th5HsEtW,IGOR'S THEME,"Tyler, The Creator",IGOR,12835342,2f16d6d7-09b9-406c-88c5-3445f6303d92,2019,f6beac20-5dfe-4d1f-ae02-0b0a740aafd6,"Tyler, The Creator",
spotify:track:1Ud6moTC0KyXMq1Oxfien0,Sympathy For The Devil - 50th Anniversary Edition,The Rolling Stones,Beggars Banquet,12828932,,,,,no_match
spotify:track:0WaWNS2ePQ79aARfDi6cQ2,Put Me Under,grandson,a modern tragedy vol. 3,12795554,796d63ec-eaa2-47a5-a15b-a79986cb54cc,2019,cc699fe3-db51-4837-928f-8f712c61a01a,grandson,
spotify:track:1RMJOxR6GRPsBHL8qeC2ux,Best Part (feat. H.E.R.),Daniel Caesar,Freudian,12793472,,,,,no_match
spotify:track:5b1PngLlxc7hj3fJXrE2Zm,Glitch Mode,NCT DREAM,Glitch Mode - The 2nd Album,12783963,014c4276-76b8-402e-8969-9ce59b53913f,2023,dc7c8277-d4b6-4bca-bdfe-50eee42536ac,NCT DREAM,
spotify:track:6B1Q7hi48RVUvak1SLoiJX,Venus Flytrap,Feng Suave,Venus Flytrap,12774674,0bd5905a-c940-4a80-8bc2-a9d9e02b36c9,2018,86a6268f-a7da-4322-a273-1edce2ea5a12,Feng Suave,
spotify:track:7LRMbd3LEoV5wZJvXT1Lwb,T.N.T.,AC/DC,High Voltage,12766537,a2ea2ed0-e34a-4a82-a740-f5e9f3b9177d,2003,66c662b6-6e2f-4930-8610-912e24c63ed1,AC/DC,
spotify:track:5Lgmw5AegzabkRhsQFbYnL,Floyd Maroon,The Mellowells,Head Space,12764615,62ca830a-442a-4059-904b-00ffa2bfccfc,2016,8b0d5f41-41d4-4bd2-9ad0-9d343af32073,The Mellowells,
spotify:track:7Dm3dV3WPNdTgxoNY7YFnc,The Chain - 2004 Remaster,Fleetwood Mac,Rumours,12714703,,,,,no_match
spotify:track:4VfMtL53N1ZBXbIl2qrKnX,Nothing Left to Love,Counterparts,Nothing Left to Love,12698343,b990ca87-9386-45fc-8f0d-5c0afccbcd94,2019,4b0dd5e7-c795-42bd-8311-bc9f71fabd0a,Counterparts,
spotify:track:4sPmO7WMQUAf45kwMOtONw,Hello,Adele,25,12697787,f9c7447b-6e87-4614-81ec-c52d9d4b1d18,2016,cc2c9c3c-b7bc-4b8b-84d8-4fbd8779e493,Adele,
spotify:track:0qrI2HZIHthFCBjnS7t2jp,Bring The Noize,NCT 127,Sticker - The 3rd Album,12672511,7eb81ac5-d268-49fb-af2d-dfb4778bbb02,2021,9d17d14a-e81c-410e-a90b-b02b0a9de6f8,NCT 127,
spotify:track:6ZOhvld2gPPdOib1FLgU7n,Drought,Neal Acree,World of Warcraft: Shadowlands Original Soundtrack,12664666,a9cdafbf-03f0-4fea-a913-16e61ab9be11,2020,6647af6b-8ea2-48bd-9d24-a8c478ed45ce,Neal Acree,
spotify:track:0KKkJNfGyhkQ5aFogxQAPU,That's What I Like,Bruno Mars,24K Magic,12622372,de868033-cdf6-4303-9cdf-b52d9c396ef4,2018,afb680f2-b6eb-4cd7-a70b-a63b25c763d5,Bruno Mars,
spotify:track:0qGFnxDIqGBIq2D3zNbjk9,Sherane a.k.a Master Splinter’s Daughter,Kendrick Lamar,"good kid, m.A.A.d city",12621312,6b4a8728-2f5d-45ad-9295-c3bec8cb0285,,381086ea-f511-4aba-bdf9-71c753dc5077,Kendrick Lamar,
spotify:track:50SUl5f6BMCWSV2JX1TAWh,FORGONE,Quadeca,"Vanisher, Horizon Scraper",12605223,657eef14-2472-4f7f-a637-b3b85cbc97ca,2025,3a4024dc-cc62-4d9b-8bed-c22426136a52,Quadeca,
spotify:track:2L7hSYdvF0CtaM6JisfKEG,FREEZE,Stray Kids,ODDINARY,12603919,bc46e63d-35b6-46d9-a005-86330ddbfab5,2022,142b343d-bf5a-428c-a64f-6d1a7566bbe9,Stray Kids,
spotify:track:4NKKMUMpnkWihCROjTbSn2,Milk Man,Rare Americans,Milk Man,12591127,3bfcf684-947b-44c3-b878-d081a7b2641d,2021,78fcc713-214b-4f04-a84e-af800e2d34ba,Rare Americans,
spotify:track:6WtVKiyqauCSKp0YjrzETB,drunk again,doefriends,I WANT TO LOVE AGAIN,12579216,757f6dbf-946e-4d3b-8358-c7e44e60004c,2024,13d35c97-f8d0-4987-816f-b9b05861befd,doefriends,
spotify:track:3dP0pLbg9OfVwssDjp9aT0,Satisfied,Renée Elise Goldsberry,Hamilton,12574463,7b109733-38f7-4313-8419-94a7eca7951b,2025,323ea2bd-a27e-414a-ba40-2727bf3a37e1,Renée Elise Goldsberry,
spotify:track:6qOxBnjpN47aZgN1uaaeQ5,Rhythm Kitchen (feat. D Smoke),Rare Americans,Jamesy Boy & The Screw Loose Zoo,12573194,,,,,no_match
spotify:track:4KGeEIOooF3lH48Vk5tRxh,Rockit,Gorillaz,D-Sides,12565432,49130dfd-9e13-475d-b1ea-05bab722370a,2007,e21857d5-3256-4547-afb3-4b6ded592596,Gorillaz,
spotify:track:5Qj9YpDpx92cEQMRWzMDgY,Adam And Eve,Gezebelle Gaburgably,Gaburger,12563157,a0173d26-a338-4e64-9b21-a830151b4693,2023,8d7739bb-ed4f-4015-91a5-11f93b1c94ab,Gezebelle Gaburgably,
spotify:track:5mZEmChvCko8MIEP5lLcqP,Can't Hold Out on Love,Jason Mraz,Can't Hold Out on Love,12554130,4cf2c3cb-389f-43d1-83ae-ce44c459452d,2017,82eb8936-7bf6-4577-8320-a2639465206d,Jason Mraz,
spotify:track:4pNT8XTKWb2vhcsqwzdXCT,Survival Tactics,Joey Bada$$,1999,12542766,b03bb46c-1e33-4f3d-b56f-2b365426d4cb,2012,9757ae7d-44b1-4d63-81ce-b463fe27b9ae,Joey Bada$$,
spotify:track:22yRdwQ4OXUlPrLGhF6ebu,thoughts & prayers,grandson,thoughts & prayers,12525743,97ec3304-031e-4ba3-8b1a-2acde8714f87,2018,cc699fe3-db51-4837-928f-8f712c61a01a,grandson,
spotify:track:7DfFc7a6Rwfi3YQMRbDMau,Thinkin Bout You,Frank Ocean,channel ORANGE,12514653,98a7d71f-c16a-4bfa-9617-fbf3a1748586,2012,e520459c-dff4-491d-a6e4-c97be35e0044,Frank Ocean,
spotify:track:1mJDRVCd0L65QSxfut8r3u,Brittle Bones Nicky,Rare Americans,Rare Americans 2,12487187,fc588395-928d-40d1-aa6d-e60a7b1dab1b,2022,78fcc713-214b-4f04-a84e-af800e2d34ba,Rare Americans,
spotify:track:6VSmHLLvYAAkzrYFT3LloU,Paperthin Hymn,Anberlin,Never Take Friendship Personal,12463158,d4a6d3ca-3e76-4c35-a580-3f39b1f35d7a,2020,c648509e-9916-4c56-ab63-652a03da16dd,Anberlin,
spotify:track:4Gu1w7zBrDrRU4T2WHg1L5,My Body Is A Cage,Peter Gabriel,Scratch My Back (Special Edition),12440332,f23c068d-26f8-48ed-8ba9-ab2ef2048c75,2010,8e66ea2b-b57b-47d9-8df0-df4630aeb8e5,Peter Gabriel,
spotify:track:45PxuJqJBnPXZKLxoo9Apj,SUPERPOSITION,Daniel Caesar,CASE STUDY 01,12431468,e5f6c4fc-5e64-49b1-a51b-302874f35a5a,2019,b46e298d-d3a5-4695-a03e-63e8c523b23e,Daniel Caesar,
spotify:track:5d8yMIlqJH78lwOUP7T3oF,Real,Kendrick Lamar,"good kid, m.A.A.d city",12384466,f2c2bb6c-51c3-4e39-b39c-6b26b0b55377,,381086ea-f511-4aba-bdf9-71c753dc5077,Kendrick Lamar,
spotify:track:3VqHuw0wFlIHcIPWkhIbdQ,Enter Sandman (Remastered),Metallica,Metallica (Remastered),12379610,,,,,no_match
spotify:track:7AgMX97ljLm9BzszyyXEYZ,Jazz (We've Got),A Tribe Called Quest,The Low End Theory,12372249,,,,,The read operation timed out
spotify:track:5vuJuBqwzHJgCA1ysRfwxZ,good kid,Kendrick Lamar,"good kid, m.A.A.d city",12348618,05c944a9-e1b9-4ded-94e5-aff3d7695dbe,,381086ea-f511-4aba-bdf9-71c753dc5077,Kendrick Lamar,
spotify:track:7Ahfgm00h6Vbo3Z1bRbXcI,All Around The World,Oasis,Be Here Now,12290713,2efccdc1-3a1b-44b1-8b10-d48e7ab27cf0,1997,39ab1aed-75e0-4140-bd47-540276886b60,Oasis,
spotify:track:6UDgatqKFJj8jFBbxB54zM,Wedding Singer - Demo,Matt Maltese,Krystal,12270400,426a5f0d-3a1c-433b-b877-dc1238f39ae2,2020,b27d089c-6b08-4067-9293-406cebde0374,Matt Maltese,
spotify:track:1fOkmYW3ZFkkjIdOZSf596,Pink Matter,Frank Ocean,channel ORANGE,12242660,4f33a13f-e3c7-4193-9145-767bb11f51d4,2012,e520459c-dff4-491d-a6e4-c97be35e0044,Frank Ocean,
spotify:track:146Y0ZLNuP29oSaR6wWeNd,Resting with White Noise,Noise Chillantro,Resting with White Noise,12240000,,,,,no_match
spotify:track:20Kau1BL5IUaPo4l488D57,One Day The Only Butterflies Left Will Be In Your Chest As You March Towards Your Death (feat. Amy Lee),Bring Me The Horizon,POST HUMAN: SURVIVAL HORROR,12236188,,,,,no_match
spotify:track:6C1WVY1WE6wXNXVAAZsb0x,White Noise for Relaxation,Nylana,Velara (Ambient Noise),12224432,,,,,no_match
spotify:track:0UG6T3ulEb2zWJZgJK0PwP,Here I Come,The Roots,Game Theory,12191742,0a41da74-9864-42ed-a02e-7ed0c5c619ec,,80b3cf5e-18fe-4c59-98c7-e5bb87210710,The Roots,
spotify:track:2Z8WuEywRWYTKe1NybPQEW,Ride,Twenty One Pilots,Blurryface,12180967,9b9c06ff-2660-490c-b05a-c83b6072e12a,2019,a6c6897a-7415-4f8d-b5a5-3a5e05f3be67,twenty one pilots,
spotify:track:3XQcmUXD9q6RcF6CHCoYXc,White Noise Dreaming,Nylana,Velara (Ambient Noise),12163773,,,,,no_match
spotify:track:4Hta7Oy5W9HD0UgT1P8PPV,RISE! (feat. DAISY WORLD),"Tyler, The Creator",CALL ME IF YOU GET LOST,12155154,,,,,no_match
spotify:track:1eRBW1HcyM1zPlxO26cScZ,The Recipe - Bonus Track,Kendrick Lamar,"good kid, m.A.A.d city",12106567,0d40ee4b-40ea-4c29-bb78-96ab7ba26b7a,,381086ea-f511-4aba-bdf9-71c753dc5077,Kendrick Lamar,
spotify:track:0XdtRTXXpTIb248FSLuyev,"1,000 Years in the Mountains",Rav,Beneath the Toxic Jungle,12104640,183f9723-ae31-40df-90c3-d9d3e0b26b85,2015,dd2ae026-4144-4ee3-a7b4-09434a465c34,Rav,
spotify:track:6ZaiqbV2GfUtrUlhsu58fN,Step On Me,The Cardigans,First Band On The Moon,12094856,d33651be-14e2-4f48-bf09-7c4df1308914,1997,3e55d51d-687f-4a9d-af96-2fabccf802e5,The Cardigans,
spotify:track:1hrph1qE2yeclQUqzKT8HN,White Noise - Sleep Through the Night,Xella Machina,Sleep Through the Night,12058193,,,,,no_match
spotify:track:3yxtsBzVlDBzRoBhHS3TpK,Happy Pill,grandson,Happy Pill,12050701,71969f67-6a93-4487-9a69-02119ae3a7e6,,cc699fe3-db51-4837-928f-8f712c61a01a,grandson,
spotify:track:6i0V12jOa3mr6uu4WYhUBr,Heathens,Twenty One Pilots,Heathens,12035557,1e4aa678-637c-4f20-8ffd-d12b73c8f72e,2019,a6c6897a-7415-4f8d-b5a5-3a5e05f3be67,twenty one pilots,
spotify:track:5A0M6B0RBSXSNWv0wcppZ9,I DON'T LOVE YOU ANYMORE,"Tyler, The Creator",IGOR,11994853,3873f406-f5f0-4830-afd4-225f4c07831a,2019,f6beac20-5dfe-4d1f-ae02-0b0a740aafd6,"Tyler, The Creator",
spotify:track:6C0TH0t8B9zxorSCyGg2ZK,Thanks for Asking,CatDany,Thanks for Asking,11994708,7dbf10ea-4f95-4d08-8020-2e10a9685b54,2019,a3e6b986-9ba2-4089-8157-bc92e9c471af,CatDany,
spotify:track:6TGd66r0nlPaYm3KIoI7ET,THE GREATEST,Billie Eilish,HIT ME HARD AND SOFT,11994657,a1b9f47b-7f92-4620-94e3-1ab346bdabe7,2025,f4abc0b5-3f7a-4eff-8f78-ac078dbce533,Billie Eilish,
spotify:track:5DqjEVkM7PA3bMaEhkrUdb,Quantum White,Aileron,Sonorous Dream,11993000,,,,,no_match
spotify:track:2BiFwJfGXtONsxKeq1Apsv,679 & No Diggity,Jackson Breit,Covers,11982706,a1ee44d4-8021-4dc1-ac78-03ce07cbcbee,2016,b285738d-c672-4157-bc11-03fed10f984b,Jackson Breit,
spotify:track:2Wkm4JBcIV2uSuu4qlbqFN,Dionysus,BTS,MAP OF THE SOUL : PERSONA,11979646,f12d104c-61a1-4ffd-b3a1-2213c7c74fd4,,0d79fe8e-ba27-4859-bb8c-2f255f346853,BTS,
spotify:track:32ULP9eWDMDD8McWmSbIJL,You're Right,Gezebelle Gaburgably,Gaburger,11958261,09b56f1e-23bc-4838-af54-d2debac3eafc,2023,8d7739bb-ed4f-4015-91a5-11f93b1c94ab,Gezebelle Gaburgably,
spotify:track:1VNWaY3uNfoeWqb5U8x2QX,Lonely Day,System Of A Down,Hypnotize,11950444,47a730da-e090-4098-9b7e-000bed2f4c2c,2006,cc0b7089-c08d-4c10-b6b0-873582c17fd6,System of a Down,
spotify:track:2MENUewcb6uNWJI6mDB3jq,Warbringers: Jaina,Neal Acree,Battle For Azeroth: Warbringers,11947784,eb3ac0b0-ac16-4bdd-a820-756a8a08a202,2018,6647af6b-8ea2-48bd-9d24-a8c478ed45ce,Neal Acree,
spotify:track:25iCmqjIUm39rp6NXZshGQ,Where did you fall,underscores,fishmonger,11921857,fbf9953b-9134-44a1-bd0e-50842cdb0e17,2021,ab1a3f85-e0ea-470a-af5c-175447ae774c,underscores,
spotify:track:0dZ1XVpB6DEVwCpk0kRNG4,Ruido Profundo,Ardeon,Ruido Blanco,11918008,1b5b463f-e467-4058-9a10-0ee718d9bcb2,2022,02bbc8d7-da26-4ed3-aa6d-b26b041ff6b0,Ardeon,
spotify:track:5KIUGyCXbJ9LFGSsbvocHM,Calmly Sleeping White Noise,Atmosphere of Calm,Calmly Sleeping White Noise,11887955,,,,,no_match
spotify:track:5podb1asONjqwKk1iMVOeG,Hall of Fame,Stray Kids,5-STAR,11885810,3ee4796e-ef57-42e9-8288-8cdf857917a6,2023,142b343d-bf5a-428c-a64f-6d1a7566bbe9,Stray Kids,
spotify:track:0fv2KH6hac06J86hBUTcSf,NEW MAGIC WAND,"Tyler, The Creator",IGOR,11878593,999d967d-508b-4bfc-b2f6-f61202b69da9,2019,f6beac20-5dfe-4d1f-ae02-0b0a740aafd6,"Tyler, The Creator",
spotify:track:4b5h2ug7HWWTfipeZvILud,Believe,Gezebelle Gaburgably,Gaburger,11867573,98bc0b13-7192-49f8-a2c0-9bbf6bc61597,2023,8d7739bb-ed4f-4015-91a5-11f93b1c94ab,Gezebelle Gaburgably,
spotify:track:1tXQIzGRmZ4GDxdtCfCdeY,Dying Alone,American Pets,Doing the Best We Can,11858012,fd64ab2b-2e43-4584-b4e2-cfbd2f27b532,2018,0ddddde3-9fe5-4bb8-af27-d0b686bf33b0,American Pets,
spotify:track:0z1o5L7HJx562xZSATcIpY,Exit Music (For A Film),Radiohead,OK Computer,11856930,6fe3bf11-681f-4f98-a627-fafbf73aa90d,,a74b1b7f-71a5-4011-9441-d0b5e4122711,Radiohead,
spotify:track:065bY5WrLvI3NN9VCK0QLe,Jerk,Oliver Tree,Ugly is Beautiful,11837592,0702d4c0-1741-475c-83a2-80ba305a6a0f,2020,1fa3bded-908f-47be-9784-3c9ef850682b,Oliver Tree,
spotify:track:2wK7y55bzry7tUDmDqYaz7,48,"Tyler, The Creator",Wolf,11799312,dfd7421d-e8fd-4682-b567-78ed57f35e2b,,f6beac20-5dfe-4d1f-ae02-0b0a740aafd6,"Tyler, The Creator",
spotify:track:53H3sGmqiXWO4MwuZAJfyn,Devil by the Window,TOMORROW X TOGETHER,The Name Chapter: TEMPTATION,11785816,a3374021-9a57-4bf3-8221-66851e1bc36b,2023,9d027d72-790e-40ec-bbb7-61aa613457de,TOMORROW X TOGETHER,
spotify:track:2Kw1Ri1K3eItC6QTMRt84d,White Noise for Tranquility,Limone M,White Noise for Tranquility,11785398,,,,,no_match
spotify:track:4xMXf0RP0AOdHHBpJ3b1F1,THUNDRRR,Quadeca,"Vanisher, Horizon Scraper",11785320,9a1fc9a5-0241-4f12-88d9-48882a7a3b80,2025,3a4024dc-cc62-4d9b-8bed-c22426136a52,Quadeca,
spotify:track:0fkL0fOhEzRK8WFe2ixt2d,Social Path,Stray Kids,Social Path,11785140,80da0943-8454-46ab-a3e8-3332c163353f,2023,142b343d-bf5a-428c-a64f-6d1a7566bbe9,Stray Kids,
spotify:track:2fZ1DdMpQZIiPMIgyt27dT,Wake Up,ATEEZ,THE WORLD EP.2 : OUTLAW,11759768,6432f1d5-8900-48cc-b832-3b8c095ef0c5,2023,cf0dbc16-4e24-4957-b5b4-955c8978f690,ATEEZ,
spotify:track:7qiZfU4dY1lWllzX7mPBI3,Shape of You,Ed Sheeran,÷,11726275,87feb8b6-d5a9-4e0a-89bf-0e5e28591203,,b8a7c51f-362c-4dcb-a259-bc6e0095f0a6,Ed Sheeran,
spotify:track:6rqj2zeKhLy3exkuFi6mSz,Answer,"Tyler, The Creator",Wolf,11692843,7df56a23-3f65-4b3c-aec7-bf50b0282237,2013,f6beac20-5dfe-4d1f-ae02-0b0a740aafd6,"Tyler, The Creator",
spotify:track:77DRzu7ERs0TX3roZcre7Q,euphoria,Kendrick Lamar,euphoria,11678422,7aac5a1a-a88f-475c-a9e3-91a5d8c2256c,2024,381086ea-f511-4aba-bdf9-71c753dc5077,Kendrick Lamar,
spotify:track:21yRtB6B8EMounImAfHRCP,Who Dat Boy (feat. A$AP Rocky),"Tyler, The Creator",Flower Boy,11668912,6ea0337e-1b8c-4c94-9bc1-07eaf847f1b2,2017,f6beac20-5dfe-4d1f-ae02-0b0a740aafd6,"Tyler, The Creator",
spotify:track:3b6pTPDhlQqTwxuUhZlUR8,Sleepy Soft Noise,Dozy Sounds,Sleepy Soft Noises,11667492,,,,,no_match
spotify:track:1ucnuV88gFTfR3BalmznDk,Lover Is a Day,Cuco,wannabewithu,11640432,296161fb-61a1-4375-9cc4-219dcb5ef2ba,2016,ff1cafa3-7ed4-4ed2-afbb-d1f263d607a8,Cuco,
spotify:track:4zad57rH2kaO7NgUyB7yBa,Easiest Ways,The Mellowells,Head Space,11620595,9e42c625-dbfb-4881-b93b-c7242d47f80a,2016,8b0d5f41-41d4-4bd2-9ad0-9d343af32073,The Mellowells,
spotify:track:7HTdY4rpT1Wal6ux3t2hE4,Del mar county fair 2008,underscores,fishmonger,11578158,30d2ef3c-a634-41f9-a43d-10116a08b4b2,2021,ab1a3f85-e0ea-470a-af5c-175447ae774c,underscores,
spotify:track:496IqBBKmgrsX83jJvfd7a,Slime,Gezebelle Gaburgably,Gaburger,11577634,55ffb855-4ff9-4939-97fe-fed0c9d8ddbb,2023,8d7739bb-ed4f-4015-91a5-11f93b1c94ab,Gezebelle Gaburgably,
spotify:track:7kriFJLY2KOhw5en9iI2jb,Echoes,Pink Floyd,Meddle,11544751,17665b0f-fdd6-4db2-90b5-1c01fe8bf494,,83d91898-7763-47d7-b03b-b92132375c47,Pink Floyd,
spotify:track:09F7rmAgIl6TtJQpoA99bi,Once You Were My Lover,Méav,The Calling,11544705,42a047db-6fb3-45f4-a2a7-8374e6d19893,2013,480e9088-5edc-40fc-850d-975e06109e3f,Méav,
spotify:track:6GmUVqe73u5YRfUUynZK6I,Let Her Go,Passenger,All the Little Lights,11530341,fec5d8c5-b3fb-4cf2-a17b-9eef75d4f201,2017,186e216a-2f8a-41a1-935f-8e30c018a8fe,Passenger,
spotify:track:0UFDKFqW2oGspYeYqo9wjA,Bleed It Out,Linkin Park,Minutes to Midnight,11509427,8112fd08-6090-4ae2-b80f-4c3c73cbf024,2009,f59c5520-5f46-4d2c-b2c4-822eabf53419,Linkin Park,
spotify:track:58epKNTOOt4RDWObkR9e43,Chronosaurus,Stray Kids,SKZ2020,11499119,cc5c811b-4ba8-4e08-aaad-b16fb7763585,2019,142b343d-bf5a-428c-a64f-6d1a7566bbe9,Stray Kids,
spotify:track:40bqzt6BEkLetWWRWPl8kU,CASPER (with Maruja),Quadeca,"Vanisher, Horizon Scraper",11497159,,,,,no_match
spotify:track:7h2yhVxcZOGyQdOwD4Hu8J,I Want To Break Free - Remastered 2011,Queen,The Works,11494388,1dfb4d37-7c7b-4ae1-abf5-e6536f2a9f25,1993,0383dadf-2a4e-4d10-a46a-e9e041da8eb3,Queen,
spotify:track:2loEXJRB5ExGcUHYX365R5,Zen (with K.Flay & grandson),X Ambassadors,Zen (with K.Flay & grandson),11488127,,,,,no_match
spotify:track:5QGooKayQPVZMUDc8Qt3Dm,Left & Right,SEVENTEEN,Heng:garæ,11466085,ed9a84f9-4975-4425-8659-cdbdc9dfacc3,,e04d239e-9fa8-49b3-b9b7-9e439c3cb1d1,SEVENTEEN,
spotify:track:5SxlUF7J8tyFIEF22EomeP,Pothole (feat. Jaden Smith),"Tyler, The Creator",Flower Boy,11428389,c8bc0655-729d-4c6c-935e-e9242713253a,2017,f6beac20-5dfe-4d1f-ae02-0b0a740aafd6,"Tyler, The Creator",
spotify:track:2COPUH8f4mlt1vzZG83zqU,Gentle White Noise - Seamless,Natura Ferox,Gentle White Noise,11417604,4029c29d-f2f2-425a-8e51-3bfff14b56d7,2022,a82a29d3-afbc-40fc-9584-b679d8042f44,Natura Ferox,
spotify:track:67BtfxlNbhBmCDR2L2l8qd,MONTERO (Call Me By Your Name),Lil Nas X,MONTERO (Call Me By Your Name),11415705,d6f62330-0ee9-4a97-ab2f-310464b2ab77,2021,0b30341b-b59d-4979-8130-b66c0e475321,Lil Nas X,
spotify:track:3aGibUHhQyBsyumYHylw0K,Backseat Freestyle,Kendrick Lamar,"good kid, m.A.A.d city",11408992,9b49fd7e-1859-4b70-a362-2e0b89d1404f,2022,381086ea-f511-4aba-bdf9-71c753dc5077,Kendrick Lamar,
spotify:track:3kbUFmLV5SHVQonfOpNgkd,San Tropez,Pink Floyd,Meddle,11384947,f4e79e12-6795-458e-b748-28d05c643c1e,,83d91898-7763-47d7-b03b-b92132375c47,Pink Floyd,
spotify:track:1VgL1z5vPhtEp4B0IO9fJe,Unfathomable Pain,Gezebelle Gaburgably,Gaburger,11382691,a8914ad6-18ca-4019-aef7-f55d43053c46,2023,8d7739bb-ed4f-4015-91a5-11f93b1c94ab,Gezebelle Gaburgably,
spotify:track:3hJLKtTpgct9Y9wKww0BiR,Miss You - Remastered,The Rolling Stones,Some Girls,11364514,89827dcb-dee6-4212-a3af-db4f29537a29,,b071f9fa-14b0-4217-8e97-eb41da73f598,The Rolling Stones,
spotify:track:22VdIZQfgXJea34mQxlt81,Can't Feel My Face,The Weeknd,Beauty Behind The Madness,11351593,155a132c-3aea-4ab4-a83c-cebec6de391f,2015,c8b03190-306c-4120-bb0b-6f2ebfc06ea9,The Weeknd,
spotify:track:4skuEIloXWuxxgekKupkEH,Tu Falta De Querer,Mon Laferte,Mon Laferte,11345632,0a2227a5-e06d-4951-a0c1-14aeecedaf4e,2016,ab966c0f-e526-46ae-b492-82c27b87f81f,Mon Laferte,
spotify:track:39kH6C2twlYjyssIW02sbr,LAST WALTZ,TWICE,Formula of Love: O+T=<3,11343554,20035de1-94c5-4a5f-af06-dfa1695f39cf,2021,8da127cc-c432-418f-b356-ef36210d82ac,TWICE,
spotify:track:5dTHtzHFPyi8TlTtzoz1J9,Helena,My Chemical Romance,Three Cheers for Sweet Revenge,11308480,d6c5be2a-8d06-4be6-ab76-1f57d08fed59,2006,c07f0676-9143-4217-8a9f-4c26bd636f13,My Chemical Romance,
spotify:track:6nmsnhkJYvyYu8TheUa0Xf,Colony of Birchmen,Mastodon,Blood Mountain,11300022,c71b791a-aedb-40d7-ab63-928e67da89e9,2006,bc5e2ad6-0a4a-4d90-b911-e9a7e6861727,Mastodon,
spotify:track:4fZYGHiRcKxwVSnF498uaE,닐리리맘보,Block B,BLOCKBUSTER,11298949,c675bc31-60d5-4e30-9e2e-c4ee221a0adb,2012,977e9297-a7e4-449c-94f0-2c500245d07e,Block B,
spotify:track:1C1JRFoveqNAACXbHjofo4,"Alive, Always",bl4ck m4rket c4rt,Today I Laid Down,11274917,71d98b98-4898-4e6c-bd95-4da6331d6184,2023,64772898-ff1d-47a9-80e8-ba6069b2cda0,bl4ck m4rket c4rt,
spotify:track:26XfDH9AoT6dVpmKVJHBMf,Wavy Gravy,Okey Dokey,"Love You, Mean It",11254364,49850b95-0440-4af7-b433-c90cd315ab35,2016,e43d0728-df9e-4c26-ac3b-a98a91e2f314,Okey Dokey,
spotify:track:0bMWoFtQIrnW5YyNMc4aKQ,I’ll See You There Tomorrow,TOMORROW X TOGETHER,minisode 3: TOMORROW,11237730,7055f827-e0b8-421a-8760-5116d85d3946,2024,9d027d72-790e-40ec-bbb7-61aa613457de,TOMORROW X TOGETHER,
spotify:track:7aKwFwJPvt8kVkXZt970Mp,In The Music,The Roots,Game Theory,11228847,44e3493a-501f-49c8-b887-a43124965557,2006,80b3cf5e-18fe-4c59-98c7-e5bb87210710,The Roots,
spotify:track:7GonnnalI2s19OCQO1J7Tf,Kickstart My Heart,Mötley Crüe,Dr. Feelgood,11227094,ff8ac1ba-8601-4d55-b1d7-ae1842aa13de,1999,26f07661-e115-471d-a930-206f5c89d17c,Mötley Crüe,
spotify:track:3vaCSLh9vDnG75rIbD2l3f,Awaken,Stray Kids,SKZ2021,11211521,3fcb886c-8204-4e98-943c-8b0f5d8dba39,2018,142b343d-bf5a-428c-a64f-6d1a7566bbe9,Stray Kids,
spotify:track:5Xl6JRITKBQGFWursPmvd7,"Knives, Guns & Bed (feat. Clare Twiddy)",Rare Americans,Rare Americans 2,11209759,,,,,no_match
spotify:track:2P3SLxeQHPqh8qKB6gtJY2,Poetic Justice,Kendrick Lamar,"good kid, m.A.A.d city",11202636,a48fb167-a148-4046-afe5-86e14a81cfb7,2013,381086ea-f511-4aba-bdf9-71c753dc5077,Kendrick Lamar,
spotify:track:49jZ7brj34fVrIdDBfRAMp,"Shoot to kill, kill your darlings",underscores,Wallsocket,11202125,78dcdf37-bce8-481b-ad71-fbd718884f8d,2023,ab1a3f85-e0ea-470a-af5c-175447ae774c,underscores,
spotify:track:22PMfvdz35fFKYnJyMn077,Marry You,Bruno Mars,Doo-Wops & Hooligans,11195832,3e020d84-374c-4248-b747-b06d2fc57056,,afb680f2-b6eb-4cd7-a70b-a63b25c763d5,Bruno Mars,
spotify:track:23luOrEVHMfoX0AhfbQuS6,FEAR.,Kendrick Lamar,DAMN.,11194950,93a6d179-589c-44b7-9203-b3aa599cb2ae,,381086ea-f511-4aba-bdf9-71c753dc5077,Kendrick Lamar,
spotify:track:3V8vWoCbKbfjNrPaQ4YtSg,untitled 05 | 09.21.2014.,Kendrick Lamar,untitled unmastered.,11188892,25340bb4-7c6a-42bf-b086-bdee310657a5,2016,381086ea-f511-4aba-bdf9-71c753dc5077,Kendrick Lamar,
spotify:track:6nzNfcOUPy2B2PUprHGfJC,Space Out,Harper Rems,Astral White Noise,11181565,,,,,no_match
spotify:track:29udRWpKTQUjkPZZkliBVl,Soulwaves,Sky Travis,Soulwaves,11143859,,,,,no_match
spotify:track:3Z5pXxCb0O6L53vejFHhqQ,Jamba (feat. Hodgy),"Tyler, The Creator",Wolf,11129651,79af87a8-cf2c-49a7-94ee-f72e7666f7ef,2013,f6beac20-5dfe-4d1f-ae02-0b0a740aafd6,"Tyler, The Creator",
spotify:track:308Ir17KlNdlrbVLHWhlLe,The Feels,TWICE,Formula of Love: O+T=<3,11109575,acb7d2e6-4efc-435f-9962-648beb4689e0,2021,8da127cc-c432-418f-b356-ef36210d82ac,TWICE,
spotify:track:635K4hTo5J8d7q8qhfcTMH,The Boy Who Could Fly,Pierce The Veil,Selfish Machines,11101368,1098cb9c-d128-42b5-b1dc-61a4760e957e,2013,8ed919fb-eaee-45a1-ba99-b3ede9ca5f1d,Pierce the Veil,
spotify:track:6GRqJrOgXBuCA8wUOffUml,Gas Mask,Rare Americans,Gas Mask,11094132,e9329af5-b064-4922-8c4f-7ac66a62ba02,2021,78fcc713-214b-4f04-a84e-af800e2d34ba,Rare Americans,
spotify:track:3irkFAVOrI6hy6PB0C725w,Seventyseven dog years,underscores,Wallsocket,11062422,16e54bf4-a4af-4de2-8bb2-be776a53ba4b,2023,ab1a3f85-e0ea-470a-af5c-175447ae774c,underscores,
spotify:track:1nXZnTALNXiPlvXotqHm66,A BOY IS A GUN*,"Tyler, The Creator",IGOR,11054296,21d7a72b-8a71-47e8-8bd7-8c8eaea3d84d,2019,f6beac20-5dfe-4d1f-ae02-0b0a740aafd6,"Tyler, The Creator",
spotify:track:0jvZ9caE53ubCQXMki6W23,TOPLINE (Feat. Tiger JK),Stray Kids,5-STAR,11035553,,,,,no_match
spotify:track:6wmcBujtfEfVQr5kQPk7ZE,Amarillo,Gorillaz,The Fall,11028844,c7566f71-ef85-44c0-8783-d3b8bb0f1d8a,2010,e21857d5-3256-4547-afb3-4b6ded592596,Gorillaz,
spotify:track:1EWTsgQAEsUrnQ8iawhDSN,ITEM,Stray Kids,5-STAR,11016597,92768290-c037-4715-ae71-049f60fce461,2023,142b343d-bf5a-428c-a64f-6d1a7566bbe9,Stray Kids,
spotify:track:6AjYJBXVrsIJ2DJEicm6N5,Screwball,Teenage Disaster,Screwball,11009464,f917459d-e33d-4b83-a30d-2c0cd69e934a,2020,814d4a3a-e336-4043-adc4-c78e99d8ac00,Teenage Disaster,
spotify:track:2z27xc2eCnIZOBtBHuLQEQ,WILSHIRE,"Tyler, The Creator",CALL ME IF YOU GET LOST: The Estate Sale,10995525,49003d4b-2aef-49a6-968f-b018b15fa876,2021,f6beac20-5dfe-4d1f-ae02-0b0a740aafd6,"Tyler, The Creator",
spotify:track:30cPz3gEBI2A5jdRPZtm4X,Sisyphus II,Ibrahim,Sisyphus II,10994077,,,,,no_match
spotify:track:5FMXrphygZ4z3gVDHGWxgl,Copacabana (At the Copa),Barry Manilow,Dance Vault Mixes - Copacabana (At The Copa),10993720,94dddfd8-d84f-41fe-a75b-5996bef524dd,1978,7bb60591-46f3-4147-b692-1814a87e832e,Barry Manilow,
spotify:track:6imjJij6aCM0IbbODUzJQn,Kickstart My Heart,Mötley Crüe,Dr. Feelgood,10991846,ff8ac1ba-8601-4d55-b1d7-ae1842aa13de,1999,26f07661-e115-471d-a930-206f5c89d17c,Mötley Crüe,
spotify:track:2LGdO5MtFdyphi2EihANZG,Knee Socks,Arctic Monkeys,AM,10988621,e756875e-cc4f-4744-a7b8-c68ee96978fb,2013,ada7a83c-e3e1-40f1-93f9-3e73dbc9298a,Arctic Monkeys,
spotify:track:5CJwgyuXlhfXiZzJI53BUw,Addormentarsi,Natural Sample Makers,Rumori Di Notte,10972140,,,,,no_match
spotify:track:1FoyESb4w5AGYM0OAZJEuk,EXP Share,exociety,EXP Share,10969108,483b5968-f28c-4215-a27c-3fe538a3a9f5,2021,c0ddc7ce-c397-46e1-b760-9fdaca0f7a47,exociety,
spotify:track:5kr3j5Clb9rjEposoMyLVt,Welcome to Paradise,Green Day,Dookie,10957856,0115837a-baef-4fdf-a70a-9e283d067627,,084308bd-1654-436f-ba03-df6697104e19,Green Day,
spotify:track:3EfBbEWfFUDzNh9r0LWIo3,Choke,I DONT KNOW HOW BUT THEY FOUND ME,1981 Extended Play,10943199,14994cca-8ad8-477a-ada8-f7186f226872,2018,91ae77d8-3bb5-4e59-98a7-532ac0f2825d,I DONT KNOW HOW BUT THEY FOUND ME,
spotify:track:1s9dHDYdTjQo1Ow8MoF9nV,The Ring,ATEEZ,THE WORLD EP.1 : MOVEMENT,10930262,3258b26d-44b5-4b40-ba13-e6c058e77e01,2022,cf0dbc16-4e24-4957-b5b4-955c8978f690,ATEEZ,
spotify:track:6falUxHqLNf3CKSGiAVU2p,Princess Cuckoo,Vylet Pony,Monarch of Monsters,10901355,2da29b53-54a8-47de-b5a4-f5a587efbd4e,2024,6a84105c-af0a-4367-8d54-e7dd6ceb19af,Vylet Pony,
spotify:track:7zC6xvBPnIC92K06pMpstY,INCEPTION,ATEEZ,ZERO : FEVER Part.1,10886951,bd624c9b-8c0c-4918-ae7b-1dc40c885b07,2020,cf0dbc16-4e24-4957-b5b4-955c8978f690,ATEEZ,
spotify:track:6T7MAQCekVb3UnCykjX3BP,Disenchanted,My Chemical Romance,The Black Parade,10861030,85f25b0b-379a-405e-8810-68ce733d5cb8,2008,c07f0676-9143-4217-8a9f-4c26bd636f13,My Chemical Romance,
spotify:track:0M1pfDTZGWC7cBuEx3FwwT,Blackened (Remastered),Metallica,...And Justice for All (Remastered),10858561,,,,,no_match
spotify:track:0Wv8IXRUDZOfmFJHC1VOFI,Eleanor Rigby - Remastered 2015,The Beatles,1,10853340,ca6fc127-9a5a-4d84-8e61-c9f9ebcb9515,2000,b10bbbfc-cf9e-42e0-be17-e2c3e1d2600d,The Beatles,
spotify:track:3JPykcDhUA7DMrxN6eXzQ4,Rom-Com Gone Wrong,Matt Maltese,Krystal,10827676,ceeac6fc-f551-4aeb-b92f-8d91600b6908,2019,b27d089c-6b08-4067-9293-406cebde0374,Matt Maltese,
spotify:track:0aym2LBJBk9DAYuHHutrIl,Hey Jude - Remastered 2015,The Beatles,1,10813678,04b60167-122f-480f-b181-817c3b385a13,1978,b10bbbfc-cf9e-42e0-be17-e2c3e1d2600d,The Beatles,
spotify:track:4Y6GIje3GErVRIq1Ff5BJq,Black Madonna,Cage The Elephant,Social Cues,10796033,8ac94bb8-7910-497b-97ab-910be116a7fa,2019,b41b38d4-ef3e-4f37-8c75-cfe9af999696,Cage the Elephant,
spotify:track:7H9YYg1njiZt6d3irMgjWs,Back 2 10th Grade,Wavy McGrady,Back 2 10th Grade,10786842,,,,,no_match
spotify:track:6738dceRZVHz8VumfBH7aI,"FUCKING YOUNG / PERFECT (feat. Charlie Wilson, Chaz Bundick, Sydney Bennett & Kali Uchis)","Tyler, The Creator",Cherry Bomb + Instrumentals,10774900,,,,,no_match
spotify:track:0msrDPXxZpts4FRnoX0bFr,Monks,Frank Ocean,channel ORANGE,10746629,e53b9c87-fa13-4b9d-b727-85e1b8d01eea,2012,e520459c-dff4-491d-a6e4-c97be35e0044,Frank Ocean,
spotify:track:73ZmM0UGUIRwnJWz90zF6L,Winds of March,Journey,Infinity,10740555,00e20345-636e-4bd4-ba90-072bc9e0bf4b,,abd506e1-6f2b-4d6f-b937-92c267f6f88b,Journey,
spotify:track:33i3xxHB4YSYGYbtJrwwO8,Foreword (feat. Rex Orange County),"Tyler, The Creator",Flower Boy,10736117,38f9804a-fec1-4226-97e3-6c89973d2de8,2017,f6beac20-5dfe-4d1f-ae02-0b0a740aafd6,"Tyler, The Creator",
spotify:track:36kEVenDBDrAGCnKGFpCo3,Long Time,The Roots,Game Theory,10729697,c69428b6-5e0a-4855-8e20-96a1454125fe,,80b3cf5e-18fe-4c59-98c7-e5bb87210710,The Roots,
spotify:track:6BWkUW2lRiFNroYl7TcK7z,Totems of the Grizzlemaw,Russell Brower,World of Warcraft: Wrath of the Lich King Original Soundtrack,10712657,4740942c-6c18-46d6-9999-379238303c24,2008,3c84e93f-94e2-41b7-803d-ecccc61dd2de,Russell Brower,
spotify:track:7AIVTgrRcdUW8QBsqNQ33z,El Aguante,Calle 13,MultiViral,10710232,3ad9799c-6cb1-45ea-9dea-60da659c932e,2015,5be7d200-5499-4bba-b29b-1ac554199d23,Calle 13,
spotify:track:1YrnDTqvcnUKxAIeXyaEmU,How Soon Is Now? - 2011 Remaster,The Smiths,Hatful of Hollow,10709631,,,,,no_match
spotify:track:6m1w0XIdDfjFyhdg7siPVl,The Moneyz,Rare Americans,The Moneyz,10701511,bc0d0f40-aaa1-4fd9-89a1-85eca39a8405,2020,78fcc713-214b-4f04-a84e-af800e2d34ba,Rare Americans,
spotify:track:3R1Vu4Ws7UitwDxDHTol0P,"Enjoy Right Now, Today","Tyler, The Creator",Flower Boy,10700244,5afcc12c-f0c6-4ea7-b7b6-d6b02a172560,2022,f6beac20-5dfe-4d1f-ae02-0b0a740aafd6,"Tyler, The Creator",
spotify:track:44tTqUi3xi7E28QLzHVdUA,Anti-Romantic,TOMORROW X TOGETHER,The Chaos Chapter: FREEZE,10696994,14adfe15-b5c0-486c-bf1e-b783ef8a4088,2021,9d027d72-790e-40ec-bbb7-61aa613457de,TOMORROW X TOGETHER,
spotify:track:2mlGPkAx4kwF8Df0GlScsC,Buttercup,Jack Stauber,Pop Food,10662567,0863b09a-8900-4899-a0a3-2b4370f94d7b,2017,9f4c3bca-4d80-428f-9ed2-0de052d92ecc,Jack Stauber,
spotify:track:6thTjkEc9a8mQoaJrMd7Tl,CREEP U,Black Dresses,Peaceful as Hell,10661151,df54d00f-4db6-461b-bb45-ce2d9f257f20,2020,c5b2a3ca-4a5e-4ce2-a45a-ef69d909a498,Black Dresses,
spotify:track:6FBPOJLxUZEair6x4kLDhf,Any Colour You Like,Pink Floyd,The Dark Side of the Moon,10635283,250ad325-26d7-48a1-ac9b-a82e764db6a8,,83d91898-7763-47d7-b03b-b92132375c47,Pink Floyd,
spotify:track:7dqUVy6c69qzuAtIFbNeZ8,GET LIT,Stray Kids,5-STAR,10608531,e08ac794-51ee-4a7d-a9b4-14858e7008b1,2023,142b343d-bf5a-428c-a64f-6d1a7566bbe9,Stray Kids,
spotify:track:2ohegz9maxzroKBu9YhcCM,Pilot Jones,Frank Ocean,channel ORANGE,10607479,e094de66-0adf-4879-b6d9-64d2a156315b,2012,e520459c-dff4-491d-a6e4-c97be35e0044,Frank Ocean,
spotify:track:0u2P5u6lvoDfwTYjAADbn4,lovely (with Khalid),Billie Eilish,lovely (with Khalid),10599397,,,,,no_match
spotify:track:1SHOlAdcna7plmlXYRWWEu,Duhhhhhhhhhhhhhhhhh,underscores,Wallsocket,10598680,533ec4cf-e16a-42e9-8faa-16931454990c,2023,ab1a3f85-e0ea-470a-af5c-175447ae774c,underscores,
spotify:track:34j4OxJxKznBs88cjSL2j9,Never Let Me Down,Kanye West,The College Dropout,10597864,ef3aa49d-d674-4659-a21e-5494883e1120,2005,164f0d73-1234-4e2c-8743-d77bf2191051,Ye,
spotify:track:4cBFjnFYjycw2EDWwZqdAP,CCTV,underscores,Wallsocket (Director's Cut),10597488,e0200fe8-b6bd-4f22-8fc7-ec1fbcff57c1,2024,ab1a3f85-e0ea-470a-af5c-175447ae774c,underscores,
spotify:track:4BI4iNZigfF4SUq13TcFPh,INDUSTRY BABY - EXTENDED,Lil Nas X,INDUSTRY BABY 2.0,10571767,6a72fa78-58f0-4708-b10d-4381879fdfc3,2021,0b30341b-b59d-4979-8130-b66c0e475321,Lil Nas X,
spotify:track:0HFDre9WKvyi6U4Yk4uT1F,Criminal Song,Teenage Disaster,Criminal Song,10559464,eaae51cc-77c8-45b7-b5e2-daf33a997ba8,2020,814d4a3a-e336-4043-adc4-c78e99d8ac00,Teenage Disaster,
spotify:track:5ZpAU5f4jxj6i9XoKK0RaI,Burning Pile,Mother Mother,O My Heart,10556897,195c482f-8a9c-4ac6-b1e4-c6fa7a1f6584,2008,69681b02-05b8-4685-80cb-e98983b7a96f,Mother Mother,
spotify:track:3YnwIp2b99p3e5dsFTXIIx,Dunno,Mac Miller,Swimming,10541989,283e9d03-bd27-4f1b-84f7-52f39670caf3,,a0e8a1b1-5f8f-475a-a253-17415c17d0ff,Mac Miller,
spotify:track:0DJSxaA7mYjpyuI19uClRq,I Love Poland - Chengdu Remix,Hazel,I Love Poland,10534550,,,,,no_match
spotify:track:7FCf3MkIYtZw7FZizebsZY,Be,potsu,Reaching for a Star,10526468,36d9badd-a794-4d57-ad38-ed784ef737c9,2022,a0a7501e-e0b2-4d7d-a813-ee2668bcb2eb,potsu,
spotify:track:57bgtoPSgt236HzfBOd8kj,Thunderstruck,AC/DC,The Razors Edge,10518125,7124203a-2184-4dad-8f19-813de3a91e1b,,66c662b6-6e2f-4930-8610-912e24c63ed1,AC/DC,
spotify:track:7azo4rpSUh8nXgtonC6Pkq,Thriller,Michael Jackson,Scream,10514823,b0d8f05f-8dad-4ea5-9014-e27b9914aff3,1986,f27ec8db-af05-4f36-916e-3d57f91ecf5e,Michael Jackson,
spotify:track:0QW5dYn3f2pBPX69rQeYR7,Baby Sleep White Noise 1kHz,Molec,Black Forest White Noise,10497333,,,,,no_match
spotify:track:4Cyf87ul1le0xTWRFBoYd7,Killin’ Me Good,JIHYO,ZONE,10495349,0ba9778f-f16c-41c2-8912-a4b36880e7da,2023,9fc92dfd-8367-4a7e-88f5-18b24baa1b70,JIHYO,
spotify:track:6wC34zlhvci46Eq0HQX2pf,"Money Game, Pt. 2",Ren,Demos (Do Not Share),10490499,78eff0fd-d33d-4218-82f6-8b080870b489,2020,81250ee6-a008-4007-8cfd-dddc22176cac,Ren,
spotify:track:1wf4LnpdAhLaoI2WwYDKAE,Compton,Kendrick Lamar,"good kid, m.A.A.d city",10485578,0e3a3784-558d-4e6b-9b99-7b14f5847b1b,2013,381086ea-f511-4aba-bdf9-71c753dc5077,Kendrick Lamar,
spotify:track:0v1XpBHnsbkCn7iJ9Ucr1l,It's My Life,Bon Jovi,Crush,10468705,2d53a97d-fd37-443f-b60e-f84383a22f1c,,5dcdb5eb-cb72-4e6e-9e63-b7bace604965,Bon Jovi,
spotify:track:2JqyquFrqaoKt0SRr91meT,Dead Inside,Younger Hunger,Dead Inside,10464883,b54e6755-d19e-4845-988c-a13bec1bceac,2020,72431fc4-1f37-4f61-a4b0-03ccaf3f7418,Younger Hunger,
spotify:track:3bnVBN67NBEzedqQuWrpP4,Tear in My Heart,Twenty One Pilots,Blurryface,10455853,34c23bc2-755f-48bb-835e-1d54ac24ac30,2024,a6c6897a-7415-4f8d-b5a5-3a5e05f3be67,twenty one pilots,
spotify:track:5n1yzZr0sEVqYw7sRr7Bh3,White RF,Fluffy Duffy,Infrasound,10448881,,,,,no_match
spotify:track:4B3qvzOMzLQXLeYgPsG3KA,Burn,Phillipa Soo,Hamilton,10430209,7453353e-4c0f-444a-a596-2879c69e794c,2015,e98fc8a6-f523-462a-b221-b55d935f19d8,Phillipa Soo,
spotify:track:1lThXBBhj9H09ihd0ZLuMw,Ways of the Ancient Ones,Eimear Noone,World of Warcraft: Warlords of Draenor Original Game Soundtrack,10420385,,,,,wrong_artist
spotify:track:5CU1bbfY1wUPm7fU255Dhf,King of Carrot Flowers Pt. 1,Neutral Milk Hotel,In the Aeroplane Over the Sea,10373291,d909c647-4127-4b8a-b487-3c72e2858a04,,a506f761-2c22-4b2f-8a94-bd748c2c8f75,Neutral Milk Hotel,
spotify:track:7dZ1Odmx9jWIweQSatnRqo,Million Reasons,Lady Gaga,Joanne,10332344,b4214df7-c2e4-4c19-8e40-09c588c19b1d,,650e7db6-b795-4eb5-a702-5ea2fc46c848,Lady Gaga,
spotify:track:2vvNis3hkTqbs6jIsGrs3N,¡Corre!,Jesse & Joy,Soltando Al Perro,10324503,9490eff0-2732-4e15-bde8-7612a178be09,2014,64b85e52-08db-4995-a6e3-d2a6acc5a058,Jesse & Joy,
spotify:track:6g2BiiVQqY5v1S4HIrM54F,Tuyo (Narcos Theme) [Extended Version] - A Netflix Original Series Soundtrack,Rodrigo Amarante,Tuyo (Narcos Theme) [Extended Version],10323343,,,,,no_match
spotify:track:3DUNJuSAAkhiS0t2qOiEx5,Be,potsu,Reaching For A Star,10320142,36d9badd-a794-4d57-ad38-ed784ef737c9,2022,a0a7501e-e0b2-4d7d-a813-ee2668bcb2eb,potsu,
spotify:track:73OIUNKRi2y24Cu9cOLrzM,On the Run,Pink Floyd,The Dark Side of the Moon,10319700,84d44b7e-fa14-49bd-b40f-030a93bab009,1990,83d91898-7763-47d7-b03b-b92132375c47,Pink Floyd,
spotify:track:26q6YTrXt9l8qshIveiTX9,Rebirth Of Slick (Cool Like Dat),Digable Planets,Reachin' (A New Refutation Of Time And Space),10317155,a8a5f74a-f3b6-449e-ac07-15ee24e2b81f,1992,ff44f779-74ab-48f8-aac3-39ebe8f7c18e,Digable Planets,
spotify:track:7fniOAdIYsvpR8BMnGIu6d,Kinko's field trip 2006,underscores,fishmonger,10308021,3b8bbdf3-3f88-45a6-b292-82099ecbba5c,2021,ab1a3f85-e0ea-470a-af5c-175447ae774c,underscores,
spotify:track:5LUJ8X9S6lJOeUwJkWqCeX,"2SEATER (feat. Aaron Shaw, Samantha Nelson & Austin Feinstein)","Tyler, The Creator",Cherry Bomb + Instrumentals,10289322,,,,,no_match
spotify:track:4xR3MAscflQ262kMeiKshQ,Skyline To,Frank Ocean,Blonde,10270327,1cb2d6e8-22dc-44f1-b82a-bfe82f18cfde,2016,e520459c-dff4-491d-a6e4-c97be35e0044,Frank Ocean,
spotify:track:1tm7c4V0kqLiN0XPVnoUcT,Runnin' Thru the 7th with My Woadies,$uicideboy$,$outh $ide $uicide,10204831,2f57f10f-6774-40bf-898f-e5a2c56ba265,2016,ef326b3d-61f0-4379-aca0-21237d696d63,$uicideboy$,
spotify:track:22sDLvlzAJzH0BHiMSOfRP,Future Days,Pearl Jam,Lightning Bolt,10199214,42369e0c-2d7e-47e8-b326-977e77f133e4,2013,83b9cbe7-9857-49e2-ab8e-b57b01038103,Pearl Jam,
spotify:track:46OFHBw45fNi7QNjSetITR,Hey Mama,Kanye West,Late Registration,10169218,2e28dbfc-7423-4392-98d6-3cf49d7f9c76,,164f0d73-1234-4e2c-8743-d77bf2191051,Ye,
spotify:track:0QHjStuNlfyspUG0TNCbqJ,SLEEP PARALYSIS,Cemetery Drive,SLEEP PARALYSIS,10155761,81ebe14d-97cd-4ad3-a92d-ec2991c4e9db,2021,58ec903d-f1f4-42cb-9d94-174fbdf32f74,Cemetery Drive,
spotify:track:25AvaE23MXl06YRtQcQoJS,Welcome to the Internet,Bo Burnham,Inside (The Songs),10154116,6b74ecd9-c43f-4d0f-b1ba-0a6cd875c69e,2021,889db25c-d1df-457a-b0d1-c405f34a01f3,Bo Burnham,
spotify:track:10igKaIKsSB6ZnWxPxPvKO,Nothing Else Matters,Metallica,Metallica,10153059,8d57c779-33a0-4dc1-af3d-f5132b784cd7,2025,65f4f0c5-ef9e-490c-aee3-909e7ae6b2ab,Metallica,
spotify:track:0EcQQlg0DqYO5zl0Doop5G,A Good War,Neal Acree,World of Warcraft - Battle for Azeroth Soundtrack OST,10150880,1ff21a1b-a1c7-43de-b289-5ff8f8513129,2018,6647af6b-8ea2-48bd-9d24-a8c478ed45ce,Neal Acree,
spotify:track:3P7xZ0iHlxL0jHdgX35a0g,The Alien,Dream Theater,A View From The Top Of The World,10148964,5d84716d-6545-4995-9f11-8b5824876611,2022,28503ab7-8bf2-4666-a7bd-2644bfc7cb1d,Dream Theater,
spotify:track:1BlYC6saK27CyCyScZ5O1T,Netherstorm,Matt Uelmen,World of Warcraft: The Burning Crusade Original Soundtrack,10128418,72d16833-13d1-4ea2-b48d-f3ac56293470,,79dc561a-5e4f-459d-804a-13b7fc0e303b,Matt Uelmen,
spotify:track:35g2NgdfhlAYE2IeEgY82a,The Answer Lies Within,Dream Theater,Octavarium,10127696,04581939-1228-43f2-b8d2-933c5d26e90e,2005,28503ab7-8bf2-4666-a7bd-2644bfc7cb1d,Dream Theater,
spotify:track:53hH6BXRNo0tDusyNBDrGU,Clock With No Hands,The Roots,Game Theory,10124565,5dc68bd4-37bb-42f1-9f30-6369856a5ac6,,80b3cf5e-18fe-4c59-98c7-e5bb87210710,The Roots,
spotify:track:5psEZhQu6lukjhavJo4AbC,SO DONE,The Kid LAROI,SO DONE,10122584,1b28b584-1613-4d21-9db3-3b1c509f0a7e,2020,80609a00-b394-4a49-975b-2db6b543fa97,The Kid LAROI,
spotify:track:1j8bp1BNjMxUJV7nLkSUrb,Fried Noodles,Pink Guy,Pink Season,10120972,87f3c83c-8438-47e1-a7ff-43d252bc9f62,2017,16c30e33-0f97-4146-9bec-dc21d074eaec,Pink Guy,
spotify:track:5Z01UMMf7V1o0MzF86s6WJ,Lose Yourself,Eminem,Curtain Call: The Hits,10113337,c56f3c12-d3dc-46e8-b650-b5fdec97aefe,,b95ce3ff-3d05-4e87-9e01-c97b66af13d4,Eminem,
spotify:track:4YOE7li8bD3CDbhzByFKcJ,Basilisk,Cemetery Drive,Basilisk,10097088,b8dc4d60-1cdd-4dce-a30f-1597677fc88b,2019,58ec903d-f1f4-42cb-9d94-174fbdf32f74,Cemetery Drive,
spotify:track:5ff5T1YyjZJz8eoM6HFl95,Good luck final girl,underscores,Wallsocket,10094570,7ed29688-8846-4d03-a01b-5642d42081f1,2023,ab1a3f85-e0ea-470a-af5c-175447ae774c,underscores,
spotify:track:7JzTTmvNedMzaYwijsJhxA,RUIN MY LIFE,Quadeca,"Vanisher, Horizon Scraper",10084248,8bbf315a-01f5-4c53-ac60-57e3428254cf,2025,3a4024dc-cc62-4d9b-8bed-c22426136a52,Quadeca,
spotify:track:3AszgPDZd9q0DpDFt4HFBy,Hey Ya!,Outkast,The Way You Move / Hey Ya!,10060358,6f85b76d-f68f-4219-b86c-75da1fc2edde,2004,73fdb566-a9b1-494c-9f32-51768ec9fd27,OutKast,
spotify:track:5WrEilrRI5cIW0DxMvQYPZ,Jopping,SuperM,SuperM - The 1st Mini Album,10058647,74d3e222-4596-482f-aa14-ead91e6551ef,2019,5a35701f-9209-4742-ad44-7432d3230127,SuperM,
spotify:track:2Xdc6qyaFBJZ8QW1KhpVci,Soul Kitchen,The Doors,The Doors,10052592,281621b1-f58f-4719-b087-ee62f5dcc192,,9efff43b-3b29-4082-824e-bc82f646f93d,The Doors,
spotify:track:5hcvK2YKF1cr7cBNKTCKOW,White Noise Chill,Hypnotronica,White Noise Chill,10038096,,,,,no_match
spotify:track:1PS1QMdUqOal0ai3Gt7sDQ,Gold Digger,Kanye West,Late Registration,10022407,c6fad580-504a-4a0a-9ee4-19d63848b69c,2005,164f0d73-1234-4e2c-8743-d77bf2191051,Ye,
spotify:track:1XEhyHoErJvMksWXjZRauV,On The DL,The Pharcyde,Bizarre Ride II The Pharcyde,10012882,593eadc3-c0c4-4c79-bf45-d7b7b7269883,1992,d7134426-a937-43bf-bc54-f10ad8102ed9,The Pharcyde,
spotify:track:4nyNMhru6nrGyMEPYpfshO,Bozo bozo bozo,underscores,fishmonger,10011212,8f950367-5783-4db8-8d28-0610d31b8720,2022,ab1a3f85-e0ea-470a-af5c-175447ae774c,underscores,
spotify:track:3xKsf9qdS1CyvXSMEid6g8,Pink + White,Frank Ocean,Blonde,10003182,d90934be-302a-4e0d-a1dd-b94df3421f33,2016,e520459c-dff4-491d-a6e4-c97be35e0044,Frank Ocean,
spotify:track:2LMkwUfqC6S6s6qDVlEuzV,White Ferrari,Frank Ocean,Blonde,9992787,a1f25623-f56c-4f36-bcce-67488d04e7cc,2016,e520459c-dff4-491d-a6e4-c97be35e0044,Frank Ocean,
spotify:track:0thLhIqWsqqycEqFONOyhu,Lone Digger,Caravan Palace,<|º_º|>,9989734,a1a2e9d7-c33a-4712-9e33-a52b52408fa7,2025,72eabb1a-4d2c-4de6-90f2-671b2cada42b,Caravan Palace,
spotify:track:7I6p0xNYahHpUUXj785URX,Birth Of The Cruel,Slipknot,We Are Not Your Kind,9986705,684c86d1-7167-4d75-a7d7-c5524d336bb6,2019,a466c2a2-6517-42fb-a160-1087c3bafd9f,Slipknot,
spotify:track:0Gl5s8IhMmQE5YQwM8Qx1J,Never Enough,Loren Allred,The Greatest Showman (Original Motion Picture Soundtrack),9975967,d7364043-8dfe-4614-8dfe-2f3748cceec2,2017,ffb45b37-1bab-4fe1-9e31-5509acb3fd94,Loren Allred,
spotify:track:6YiKHnPQKzY0wM7zHDMPy0,Sound of the sky,Zendium,Sound of the sky,9965292,,,,,no_match
spotify:track:69G9nIj6Pb1HfqFXa9DGFs,Old money bitch,underscores,Wallsocket,9961247,fd6c6e1f-d7ff-4dca-a9d6-025b2a0ec269,2023,ab1a3f85-e0ea-470a-af5c-175447ae774c,underscores,
spotify:track:3VbpuVvobZbMJ86p1w3GKK,うたかた花火,supercell,うたかた花火/星が瞬くこんな夜に,9958371,f894177b-0822-44bb-b559-2c344bfdd497,2012,9b15ff5e-5bd1-43c2-821d-e31240aad334,supercell,
spotify:track:36fC4xtAucJ7KH6sdSDDo7,madhouse,Matt Maltese,madhouse,9947957,43ce45c4-0645-4bf2-a66e-50c05d4c8e01,2020,b27d089c-6b08-4067-9293-406cebde0374,Matt Maltese,
spotify:track:2JZ5IQ76eAViQPtba2lWpe,Bathed in Venom,Deadlights,Bathed in Venom,9941891,06a9f7d4-0b91-439e-84c9-d76449dcff23,2019,50cca42e-6573-4f49-b039-b56430220c6d,Deadlights,
spotify:track:7l9CE3wmEGOUYw1j4ETjnL,Saturnz Barz (feat. Popcaan),Gorillaz,Humanz,9934623,,,,,no_match
spotify:track:09i5WtpyEswhWwzmucaAVw,Boxer,Stray Kids,SKZ2020,9912177,f3b92f81-cb61-4f3f-acec-f3efbdbf758a,2019,142b343d-bf5a-428c-a64f-6d1a7566bbe9,Stray Kids,
spotify:track:0nqhje0KL5GccsNDvPFd5r,Hot Stuff,The Rolling Stones,Honk,9910508,80d11e24-0640-48cd-95c6-d50131c0d24c,1989,b071f9fa-14b0-4217-8e97-eb41da73f598,The Rolling Stones,
spotify:track:2nZ33CKRbgpJQJJQKHuGXb,Plastic Beach (feat. Mick Jones and Paul Simonon),Gorillaz,Plastic Beach,9909602,,,,,no_match
spotify:track:23SZWX2IaDnxmhFsSLvkG2,Gorgeous,Kanye West,My Beautiful Dark Twisted Fantasy,9901988,78983bbd-a1c7-4740-9016-bec613f1dacf,2005,164f0d73-1234-4e2c-8743-d77bf2191051,Ye,
spotify:track:295uck3ky42Qj4rxbISGG5,Dreams & Calmness,X.L.T,Dreams & Calmness,9901812,,,,,no_match
spotify:track:60qaApzoNFsAXhhPc5zDxh,Johnny johnny johnny,underscores,Wallsocket,9868849,4aa930bd-9395-4cc5-8d56-ac4ecbcd5e62,2023,ab1a3f85-e0ea-470a-af5c-175447ae774c,underscores,
spotify:track:3dQHtmVxm44ctQOIovPP8w,Barstool Warrior,Dream Theater,Distance Over Time,9861037,c944d2f6-3116-4de2-8139-1e45a17e3734,2019,28503ab7-8bf2-4666-a7bd-2644bfc7cb1d,Dream Theater,
spotify:track:6QDcmN2Avrim8kNoCHkw9s,This World,ATEEZ,THE WORLD EP.2 : OUTLAW,9859228,6eb0d3ee-ed2b-407b-bf34-322cf7d0ee71,2023,cf0dbc16-4e24-4957-b5b4-955c8978f690,ATEEZ,
spotify:track:7DbUDCoC1XwQ3Xq4R1Nf8T,White Arctic Noise,Focus Noise,Fluffy Winds,9854484,,,,,no_match
spotify:track:3EKh7JNsBrGoh2xqPotBKT,Hell Above,Pierce The Veil,Collide With The Sky,9831941,ea5f3856-d4de-4f02-a21c-674672b80c36,,8ed919fb-eaee-45a1-ba99-b3ede9ca5f1d,Pierce the Veil,
spotify:track:2t59Nh57fvHOwfiV7aZwTn,Wide Skies (Noise),NatuREM,Calm Sleep (Noise),9816337,,,,,no_match
spotify:track:2N44AK2fe2jZaUujA15l4w,Someday,Ciara Renée,The Hunchback of Notre Dame (Studio Cast Recording),9798633,f8f7732c-a0f6-40a9-a6d9-e45b18f8c9d8,2016,cd5aa535-0e40-4aef-9747-a3c22f3c0289,Ciara Renée,
spotify:track:7onLbJEZjADTmezCnSWND5,Soothing Deep,Focus Noise,Fluffy Winds,9787864,,,,,no_match
spotify:track:4fiOTntQKr24p07FvQDHZE,Raining Blood,Slayer,Reign In Blood,9781977,8194811c-2248-4e02-ac20-160fec6d2a8b,1991,bdacc37b-8633-4bf8-9dd5-4662ee651aec,Slayer,
spotify:track:1OzmA3aBR7QK94L2tReAeD,NO QUESTIONS ASKED,Quadeca,"Vanisher, Horizon Scraper",9770852,5e147c1f-901f-4622-bf07-6dcf6a81910f,2025,3a4024dc-cc62-4d9b-8bed-c22426136a52,Quadeca,
spotify:track:2yY3WvOQRPyUXb8gYeyH5S,BOSOZOKU,WHOKILLEDXIX,19,9759700,36b8d03f-0bfd-4fd7-a57a-11a4d6d2f23e,2020,a8f890d7-2763-438e-8548-747c47e8e136,WHOKILLEDXIX,
spotify:track:0ZsB17r7du0FbzRI73PqYA,Snowflake Serene,Valdervande,Snowflake Serene,9756354,,,,,no_match
spotify:track:1kChx0uGraDIIyOVtBVawU,Watch Me Bleed,Tears For Fears,The Hurting,9756284,5b073feb-5ab0-44f1-b462-a9e25c2cfe51,,7c7f9c94-dee8-4903-892b-6cf44652e2de,Tears for Fears,
spotify:track:4UzVcXufOhGUwF56HT7b8M,My Immortal,Evanescence,Fallen,9747611,1a674d0f-32ac-4ab2-b34d-74e2ae0b2a04,,f4a31f0a-51dd-4fa7-986d-3095c40c5ed9,Evanescence,
spotify:track:3Ua0m0YmEjrMi9XErKcNiR,Like Crazy,Jimin,FACE,9743784,2070aff4-5a79-4772-b08e-254a0832eb64,2023,d2582c77-6b0f-4b2f-802f-8f3cad1a5fec,Jimin,
spotify:track:5JJPfHpByZ66XsEyCNVi2p,Krystal,Matt Maltese,Krystal,9735222,484dae02-c9f8-426a-be87-eb0235ae4b39,2019,b27d089c-6b08-4067-9293-406cebde0374,Matt Maltese,
spotify:track:16Vewnjl60wKkzZb8bz0Hp,White Noise for Baby Sleep,Sleep Alphabet,White Noise,9727307,,,,,no_match
spotify:track:1170VohRSx6GwE6QDCHPPH,Kilby Girl,The Backseat Lovers,When We Were Friends,9702617,e68c3749-9c73-41a0-b2b0-105e3f7abd8e,2021,7b46472b-adda-4a9e-a6e7-824dedff9200,The Backseat Lovers,
spotify:track:5OhLBEgXp9TPGlnFw5pXeK,Besitos,Pierce The Veil,Selfish Machines,9676218,fc76b669-0857-4b7a-bb1a-4f16b862274a,2013,8ed919fb-eaee-45a1-ba99-b3ede9ca5f1d,Pierce the Veil,
spotify:track:0VaeksJaXy5R1nvcTMh3Xk,"Darling, I (feat. Teezo Touchdown)","Tyler, The Creator",CHROMAKOPIA,9673119,,,,,no_match
spotify:track:0EdMqiKs9LKXhspeQhl4RZ,Time is Running Out,Muse,Absolution,9664344,748792d0-7631-4166-9749-2e6930d27de3,2010,9c9f1380-2516-4fc9-a3e6-f9f61941d090,Muse,
spotify:track:0ZPjVmof45INEERgYfadtv,Chasing That Feeling,TOMORROW X TOGETHER,The Name Chapter: FREEFALL,9657341,230b436a-4f4c-4711-af6d-aaf1e55d00e4,2023,9d027d72-790e-40ec-bbb7-61aa613457de,TOMORROW X TOGETHER,
spotify:track:10nyNJ6zNy2YVYLrcwLccB,No Surprises,Radiohead,OK Computer,9652135,7a2b082b-9676-459f-9ffb-394a7c8b7c94,,a74b1b7f-71a5-4011-9441-d0b5e4122711,Radiohead,
spotify:track:2uCFIzwRm3AnoL1GtCoRzA,"...and, as her howl echoed unto eventide, she became the far seer's hunting dog...",Vylet Pony,Monarch of Monsters,9650161,eeb28f48-c7eb-4e79-a0ce-78c22bdf2572,2024,6a84105c-af0a-4367-8d54-e7dd6ceb19af,Vylet Pony,
spotify:track:5uM7vIssqMbDXsUsHh49js,Calming White Noise Frequencies,Crystal Slowdown,Relaxing Sounds of White Noise,9606373,,,,,no_match
spotify:track:48X2dWdhT84ZS6lj6ZDjoD,Beneath The Surface,Sleeping Ocean,Beneath The Surface,9604492,,,,,no_match
spotify:track:2FEWcWHnDmGD6WSqpW4VYu,This I Love,Guns N' Roses,Chinese Democracy,9580795,878234ac-77f9-45fb-8c1c-4a41554e4d2c,2018,eeb1195b-f213-4ce1-b28c-8565211f8e43,Guns N’ Roses,
spotify:track:33vfE5bxDMHpOFHMSgxehR,"Can't Stop (Seungmin, I.N)",Stray Kids,MAXIDENT,9564700,,,,,no_match
spotify:track:2bHFzB6CUQSQ6hX9URt9bX,White Noise - Augen Zu,Ozeanus,Augen Zu,9563601,,,,,no_match
spotify:track:2FmnSVqvETrDLJ3nlbhAcd,Trapdoors That Open,bl4ck m4rket c4rt,Today I Laid Down,9553274,79daf5ad-2368-40d8-a9bd-d8dd55debe51,2023,64772898-ff1d-47a9-80e8-ba6069b2cda0,bl4ck m4rket c4rt,
spotify:track:2WfaOiMkCvy7F5fcp2zZ8L,Take on Me,a-ha,Hunting High and Low,9518883,2aa37a8b-e90f-4d6f-8075-46a0c2d21470,,7364dea6-ca9a-48e3-be01-b44ad0d19897,a‐ha,
spotify:track:0wEC0GNF74lAqrEFZJMl1m,PUPPET,"Tyler, The Creator",IGOR,9516100,7cc1648b-0acc-4155-8b8c-20ff5d803ffd,2019,f6beac20-5dfe-4d1f-ae02-0b0a740aafd6,"Tyler, The Creator",
spotify:track:5DBmXF7QO43Cuy9yqva116,Family Business,Kanye West,The College Dropout,9513111,f7113a40-a47a-4aad-8784-7125a1418389,2004,164f0d73-1234-4e2c-8743-d77bf2191051,Ye,
spotify:track:1YdtGoSYDvVQKoUqSDXX41,Noid,"Tyler, The Creator",CHROMAKOPIA,9511984,8e3545d0-c3a0-4c38-a627-7b7fea8b5fea,,f6beac20-5dfe-4d1f-ae02-0b0a740aafd6,"Tyler, The Creator",
spotify:track:15c2zMsCNesWFgtW7jgSvy,Crimson Forest,Glenn Stafford,World of Warcraft - Battle for Azeroth Soundtrack OST,9502755,50a55101-15bf-439a-af8d-f17d0257b9bc,2018,2465d7da-7da3-42ea-8440-e701775d856b,Glenn Stafford,
spotify:track:5FVbvttjEvQ8r2BgUcJgNg,Life Goes On,BTS,BE,9499936,7e36230c-fc8b-44f7-ad0b-6924bf34dde0,2020,0d79fe8e-ba27-4859-bb8c-2f255f346853,BTS,
spotify:track:3zhuUY5Z1NzYp2aipg3Ek4,Full Fat White,Slumberatronics,White Full Noise,9496373,,,,,no_match
spotify:track:6PypGyiu0Y2lCDBN1XZEnP,Everybody Hurts,R.E.M.,Automatic For The People,9491881,92fbb641-4746-46e5-8f25-fd7095736468,2003,ea4dfa26-f633-4da6-a52a-f49ea4897b58,R.E.M.,
spotify:track:6hpIW8zOcktH6AbRuDWwjr,Walk Alone,Anberlin,Walk Alone,9491298,3b0c6d9b-6979-4fb9-94ee-e20e6575f89d,2024,c648509e-9916-4c56-ab63-652a03da16dd,Anberlin,
spotify:track:3soKdLpgZNCtYLRsnwxwfB,Trigger Of Love,JAWNY,For Abby,9469071,555855fa-0755-48c9-8933-f8112fa41cf8,,db3de4ac-af35-49b1-92c1-10a932c7ef59,JAWNY,
spotify:track:1EUTUbuBNWwyVNMr1Jxp9w,White Night Noise,Ambientics,White Evening Noise,9460015,,,,,no_match
spotify:track:7xHWNBFm6ObGEQPaUxHuKO,The Greatest (feat. Kendrick Lamar),Sia,This Is Acting (Deluxe Version),9451893,,,,,no_match
spotify:track:3vrJPA36sdHEnMBQ0AUXjr,White Noise for Insomnia,Linus Xio,White Noise For Sleep,9439524,,,,,no_match
spotify:track:0Bh8FWmJSlJXUhVcSVN5g7,Cross the Sun,Freddie Sunshine,Cross the Sun,9436898,,,,,no_match
spotify:track:195AO4g5cBQScmtDWNdm1C,You don't even know who I am,underscores,Wallsocket,9434947,787ed8ac-72d1-49bf-ac5b-96ef1428280d,2023,ab1a3f85-e0ea-470a-af5c-175447ae774c,underscores,
spotify:track:21aOLk12MksET8AsbU0SI6,LO$ER=LO♡ER,TOMORROW X TOGETHER,The Chaos Chapter: FIGHT OR ESCAPE,9423306,7e24207d-f5dd-45e9-805b-8f184adb6ca7,2021,9d027d72-790e-40ec-bbb7-61aa613457de,TOMORROW X TOGETHER,
spotify:track:6KuXb26rHuRy3ZDse1VRmx,Where This Flower Blooms (feat. Frank Ocean),"Tyler, The Creator",Flower Boy,9421704,9bc876fb-9d71-44f3-af9c-da355ad6960c,2017,f6beac20-5dfe-4d1f-ae02-0b0a740aafd6,"Tyler, The Creator",
spotify:track:4Yqy0GpeDEXLibWJCZyQew,Kickstart My Heart,Mötley Crüe,Dr. Feelgood,9408743,ff8ac1ba-8601-4d55-b1d7-ae1842aa13de,1999,26f07661-e115-471d-a930-206f5c89d17c,Mötley Crüe,
spotify:track:6CSPVBlbevUtDHATKActwo,It Was You,Rare Americans,Rare Americans,9406083,0298bfee-2d34-4d00-ba39-675d08d2f2a3,2018,78fcc713-214b-4f04-a84e-af800e2d34ba,Rare Americans,
spotify:track:5Asz0Oq8YPGfnPcoOJb3x9,The Mellow White Noise,Universal Waves,The Mellow White Noise,9400022,,,,,no_match
spotify:track:1T0hdoMSjzoKUPbKRmrDg3,twilight,Stray Kids,ATE,9389252,,,,,no_match
spotify:track:4IkVHt61qt8XAJA81MhuS0,Still White Noise,Cumulus Clouds,White Noise Oasis,9385800,,,,,no_match
spotify:track:70LcF31zb1H0PyJoS1Sx1r,Creep,Radiohead,Pablo Honey,9382500,c5b644d0-c748-44c0-bebc-0f58140aaa83,,a74b1b7f-71a5-4011-9441-d0b5e4122711,Radiohead,
spotify:track:4G1fh9Ou6F4rb4HXV4OjLl,Gas Mask,Rare Americans,Rare Americans 2,9377895,e9329af5-b064-4922-8c4f-7ac66a62ba02,2021,78fcc713-214b-4f04-a84e-af800e2d34ba,Rare Americans,
spotify:track:4uWfYg5cKcpkqpz04L5DrA,S.O.S. - Remastered 2016,Stratovarius,Destiny (Reissue 2016),9362137,1bc2080d-c20f-4be3-9ba4-4c582db0ca2e,2016,c3d6fdd5-67c5-453e-87e3-d17a00a52879,Stratovarius,
spotify:track:2iZAAO5JEjMvClQ2W7VmSM,Deep & Dark - Seamless,Mentatranque,White Dreams,9330799,b56ed20d-c628-4756-b13c-8a288409f0c5,2022,ba6b0048-8d97-4d91-bcb1-0db7c83647d5,Mentatranque,
spotify:track:0ghq9ciZLPrFmlRCIUXgj0,Moby Dick,Jakey,Moby Dick,9310791,5c80cf06-d74c-4bda-b77d-078490c573ac,2017,b06ca342-eff9-46a0-ae15-bf610b820f7d,Jakey,
spotify:track:1XrSjpNe49IiygZfzb74pk,What Once Was,Her's,Songs of Her's,9305936,3605eba7-c5f4-4965-8378-042fdcce807b,2016,da357978-095d-4621-a7ee-2c0f336c5e8a,Her’s,
spotify:track:1MfHkpXhhKMfqXiiCZFpBA,That's Amore,Dean Martin,Dino: The Essential Dean Martin,9303562,c82c0a1d-6f50-4554-81a2-f7d7f15910d6,,5e6c760b-42e0-4df4-a221-0269355da00a,Dean Martin,
spotify:track:5nMbf1TCIXxtgWjcCT7pzs,Every Night White Noise,The Noisy Outdoors,Every Night White Noise,9294314,dd0a54ba-2311-4b99-8c39-180c280f626a,2021,944ae7f1-0d31-4c32-943d-b17988c5de94,The Noisy Outdoors,
spotify:track:1RJzmTHWNvmbqyQrLtVE5q,Living Is a Problem Because Everything Dies,Biffy Clyro,Puzzle,9288580,8da1c97d-2017-4294-b3ef-c9613fe9d213,2007,892500b7-09a6-4049-ba92-2d192dd70563,Biffy Clyro,
spotify:track:7CSyKHxzIlsG6iOkQXC81T,Sacrificed Sons,Dream Theater,Octavarium,9284943,b6f9308d-c305-4da3-96bb-a40954de7d14,2008,28503ab7-8bf2-4666-a7bd-2644bfc7cb1d,Dream Theater,
spotify:track:2M5GmVLeQ3C1aTuifurrve,Officer,The Pharcyde,Bizarre Ride II The Pharcyde,9276684,8ec715cb-f02f-419d-b2ce-ba2a5662f6d4,1992,d7134426-a937-43bf-bc54-f10ad8102ed9,The Pharcyde,
spotify:track:7d82hWI28luZcFv2y3cdbT,[untitled],Neutral Milk Hotel,In the Aeroplane Over the Sea,9265009,445559b0-6d2a-4bf1-b758-cdda2e5865f5,,a506f761-2c22-4b2f-8a94-bd748c2c8f75,Neutral Milk Hotel,
spotify:track:5ghIJDpPoe3CfHMGu71E6T,Smells Like Teen Spirit,Nirvana,Nevermind,9262850,0ef2f43e-51d4-4930-9052-3820358044d5,1991,5b11f4ce-a62d-471e-81fc-a69a8278c7da,Nirvana,
spotify:track:3tXTu7hcpy4clOR2VBVNUk,Good enough,Xdinary Heroes,Deadlock,9256368,3442a4e6-5a41-41ef-9e6e-1f260af978bf,2023,d95a463f-e7d3-4c97-98ba-57f75cb4fda2,Xdinary Heroes,
spotify:track:4P5KoWXOxwuobLmHXLMobV,Come As You Are,Nirvana,Nevermind,9254968,89eb99c8-8ced-4157-a73d-6ab8098ce63e,1994,5b11f4ce-a62d-471e-81fc-a69a8278c7da,Nirvana,
spotify:track:5roJHNawFJN8OObQtPr4vm,Lobster,Boy Called Cute,Should Have & Could've Beens,9244738,1e99a4b0-aba3-482a-b67d-1b0a9fd5f36a,2018,ba64f4f1-574a-4039-bee2-9f63e4026c8a,Boy Called Cute,
spotify:track:3nRv6eO0ZxOnwr8n62QTvH,Hemelse Witte Ruis,Audio signaal,Stille Witte Ruis,9243667,,,,,no_match
spotify:track:6c7l5gpEyCNGr86jsWneGy,Awkward,"Tyler, The Creator",Wolf,9223571,bf9d6595-0dde-4e41-a681-134f96c45386,2013,f6beac20-5dfe-4d1f-ae02-0b0a740aafd6,"Tyler, The Creator",
spotify:track:0f0SbtoKGe41cX5LzlnX6X,Tinnitus (Wanna be a rock),TOMORROW X TOGETHER,The Name Chapter: TEMPTATION,9219131,7f20a953-cb24-4451-b5e0-e1fd3734c53e,2023,9d027d72-790e-40ec-bbb7-61aa613457de,TOMORROW X TOGETHER,
spotify:track:3CGAqoFwTRCC9Y8NLZCbPH,Butterflies,Samsa,Butterflies,9199597,bbfad489-44bd-418d-81ea-104510b86b28,2017,569c3c80-418b-4189-aa9d-dfae91a751cb,Samsa,
spotify:track:4TTV7EcfroSLWzXRY6gLv6,Alexander Hamilton,Leslie Odom Jr.,Hamilton,9198376,6d3f3086-dedd-4d3b-a791-99a4a3f4f141,2015,36f83895-5a69-47c1-a4a2-e2449acbf64a,"Leslie Odom, Jr.",
spotify:track:3po8Ur8zo1NZ6mbk0nxUAJ,Ljudet av en skugga,Akvavit,Vitt Brus,9159210,,,,,no_match
spotify:track:2Yb1KyfzxHic2wa68leXN7,Keep to Myself,The Mellowells,Head Space,9157001,6c3acb5b-832a-4633-ad12-24293eff3186,2016,8b0d5f41-41d4-4bd2-9ad0-9d343af32073,The Mellowells,
spotify:track:3NM41PVVUr0ceootKAtkAj,As the World Caves In,Matt Maltese,Bad Contestant,9156307,2c29e442-ebce-4340-8cca-2224705ce263,2017,b27d089c-6b08-4067-9293-406cebde0374,Matt Maltese,
spotify:track:4GmlgTUcOTyRKT1I4NL6ZB,Smooth & Cozy White Noise,Heavenly Fluff,Smooth & Cozy White Noise,9137146,,,,,no_match
spotify:track:1IT0WQk5J8NsaeII8ktdlZ,King For A Day,Pierce The Veil,Collide With The Sky,9132115,aaa5e94a-ec26-4c36-b647-e073b4bdd5c1,,8ed919fb-eaee-45a1-ba99-b3ede9ca5f1d,Pierce the Veil,
spotify:track:3mdZaRNblDtvpwSrjZef4p,Magic Baby Noise,Dr. Dreammaker,Baby Noise Machine,9130175,,,,,no_match
spotify:track:0HVQuuXGAcQ2P5mBN521ae,War Pigs,Black Sabbath,The Ultimate Collection,9108947,8279d821-6f43-40c2-9507-2d7296f68705,1997,5182c1d9-c7d2-4dad-afa0-ccfeada921a8,Black Sabbath,
spotify:track:3Idgk0phpc2oewAJzKgoU4,Ya Mama,The Pharcyde,Bizarre Ride II The Pharcyde,9108915,949e8fc6-fac4-4c80-9ae5-0666aff3c84e,1992,d7134426-a937-43bf-bc54-f10ad8102ed9,The Pharcyde,
spotify:track:742apIRA23YNnENap1s4xV,Hontoni White Noise,Noizu Deluxe,White Noizu,9108390,,,,,no_match
spotify:track:4QGwbpwHwpzK4dNRkt6dqf,NIGHTMARE CITY,Camellia,Blackmagik Blazing,9105136,,,,,no_match
spotify:track:6csR3yrfPS2i8qD9XXVPG3,Nasty * Nasty * Spell,Camellia,Blackmagik Blazing,9101642,,,,,no_match
spotify:track:03WUbMynf7AyLWSMzZKLsQ,METÀ VITA,Freddie Dredd,METÀ VITA,9071046,af1117eb-e946-4a8c-b573-fa83f53ccfad,2018,a40ea317-e531-428a-909b-da1e68700573,Freddie Dredd,
spotify:track:0y9uTzK9cNKSAEHnpeRG8C,DUCKWORTH.,Kendrick Lamar,DAMN.,9054893,98db3c60-131c-4d82-92cc-a7774cdc6f72,2017,381086ea-f511-4aba-bdf9-71c753dc5077,Kendrick Lamar,
spotify:track:5CoMPmAsnk95FviCoqPFAk,Say What - Pisk Electro Swing Remix,Cut Capers,Say What,9049504,,,,,no_match
spotify:track:4FIEtn5MqtRyAHpPJDsDkj,19,Stray Kids,SKZ2020,9049289,2436e12c-d39a-4fbc-825f-a6cccc17f61e,2019,142b343d-bf5a-428c-a64f-6d1a7566bbe9,Stray Kids,
spotify:track:20FfCMC46eOIIrxCUdSNZT,LALALALA (Rock Ver.),Stray Kids,ROCK-STAR,9044367,09ceee00-7290-443c-8ea7-cc168f974d6a,2023,142b343d-bf5a-428c-a64f-6d1a7566bbe9,Stray Kids,
spotify:track:0VNjaRcmIowjLbPtYDhLuh,Your favorite sidekick,underscores,fishmonger,9028202,d585a8ce-f906-4db7-8cbb-266ced665514,2021,ab1a3f85-e0ea-470a-af5c-175447ae774c,underscores,
spotify:track:3OhW68CiyfCoeGntozuUMl,Super Bowl,Stray Kids,5-STAR,8995086,e096e94a-1212-4dc1-ab64-ea6b714caf8c,2023,142b343d-bf5a-428c-a64f-6d1a7566bbe9,Stray Kids,
spotify:track:3UygY7qW2cvG9Llkay6i1i,Going Under,Evanescence,Fallen,8993657,e0a6cec4-3e80-440f-95e0-ebff367d3b0d,,f4a31f0a-51dd-4fa7-986d-3095c40c5ed9,Evanescence,
spotify:track:3IOQZRcEkplCXg6LofKqE9,Iron Man - 2012 - Remaster,Black Sabbath,Paranoid,8992409,,,,,no_match
spotify:track:2vl8uOnazEHvcFPmEKGL3o,something cool,saoirse dream,saoirse dream,8980655,604ae6ba-0d12-4e5e-97de-ac349f86fdf0,2024,af0c4afb-8717-4dad-b453-6b015c0d8bdc,saoirse dream,
spotify:track:3I0FBDc1c1BLNtXWKVjmFg,untitled 02 | 06.23.2014.,Kendrick Lamar,untitled unmastered.,8976381,1881e2eb-fc60-424b-9a2e-59137e573790,2016,381086ea-f511-4aba-bdf9-71c753dc5077,Kendrick Lamar,
spotify:track:1mZrMMxn7NiWOHMOnbpJ3r,In Somnio,Zendium,In Somnio,8967000,,,,,no_match
spotify:track:3888prAY7qaqRx1vjQZSdI,MIROH,Stray Kids,SKZ2020,8963598,edd64657-5788-48c1-ae6f-cfff23d65684,2019,142b343d-bf5a-428c-a64f-6d1a7566bbe9,Stray Kids,
spotify:track:0rhI6gvOeCKA502RdJAbfs,Sugar Rush Ride,TOMORROW X TOGETHER,The Name Chapter: TEMPTATION,8951541,28abb9f2-46fe-4099-b293-68de0dffe50f,2023,9d027d72-790e-40ec-bbb7-61aa613457de,TOMORROW X TOGETHER,
spotify:track:5bBUDJUfGcG7eFy3Bf4fXv,untitled 08 | 09.06.2014.,Kendrick Lamar,untitled unmastered.,8946282,cb049809-3753-4adb-8f9c-02d45d27855f,2016,381086ea-f511-4aba-bdf9-71c753dc5077,Kendrick Lamar,
spotify:track:5hp3696ywpyZDYSdsFybzH,I Had it Coming,Rare Americans,Rare Americans,8934163,cdb118a1-1441-413d-988e-8ea69b894d6d,2018,78fcc713-214b-4f04-a84e-af800e2d34ba,Rare Americans,
spotify:track:2K87XMYnUMqLcX3zvtAF4G,Drag Me Down,One Direction,Made In The A.M.,8933111,73870a9b-6ef5-4b29-ba65-fab85e6f3482,2015,1a425bbd-cca4-4b2c-aeb7-71cb176c828a,One Direction,
spotify:track:4iYRa2btalAzPZoSYfROqF,XXX. FEAT. U2.,Kendrick Lamar,DAMN.,8926015,,,,,no_match
spotify:track:1pAgEx6lFs4E66192Vd56Y,Finale,The Hunchback of Notre Dame Company,The Hunchback of Notre Dame (Studio Cast Recording),8924199,,,,,no_match
spotify:track:2dxjKgT0li4qBI3QwuN9Ih,Touch The Sky,Kanye West,Late Registration,8916820,038ffd68-09f6-4476-a7a9-fb393ea61564,2010,164f0d73-1234-4e2c-8743-d77bf2191051,Ye,
spotify:track:2IZZqH4K02UIYg5EohpNHF,Zombie,The Cranberries,No Need To Argue,8915819,8a525c46-4bce-41e6-a41e-7ef9b066c4f0,2019,c98d40fd-f6cf-4b26-883e-eaa515ee2851,The Cranberries,
spotify:track:71wHIsJhgisABD0DtB1T8w,Ethereal White Noise,Noise Advisor,Ethereal White Noise,8900755,,,,,no_match
spotify:track:2Z7Q9xBlQvzsJ0AAUyKr7J,Fast Times at Clairemont High,Pierce The Veil,Selfish Machines,8897753,3cf249d0-0fa9-456e-9bef-070f29f1d145,2013,8ed919fb-eaee-45a1-ba99-b3ede9ca5f1d,Pierce the Veil,
spotify:track:7dFxI3iA38EzPGv7FoJg5e,TAHITI BL33DIN,Sugs,TAHITI BL33DIN,8897669,,,,,no_match
spotify:track:2nTNILkx5NP5aoEYa1m7zr,Peaceful White Noise,Recordings From Earth,Peaceful White Noise,8883811,,,,,no_match
spotify:track:0rUNZQuYQvOz6A6zwyT6tM,This Is How I Disappear,My Chemical Romance,The Black Parade,8882460,7e8b5860-f1d8-4302-a294-65a4e5eb7b62,2007,c07f0676-9143-4217-8a9f-4c26bd636f13,My Chemical Romance,
spotify:track:0dfmnkAfTRMdvVp5gqI8VG,Money Game,Ren,Money Game,8881438,112f33d3-222d-47f8-9e48-8c195e10ada9,2019,81250ee6-a008-4007-8cfd-dddc22176cac,Ren,
spotify:track:4AmFTQxJgYaPZckC2yvP3y,Coming of Age,The Mellowells,Head Space,8869396,b878758a-86f3-4643-a36d-be33e72093e5,2016,8b0d5f41-41d4-4bd2-9ad0-9d343af32073,The Mellowells,
spotify:track:6ie0uyyvOKTTuIFBMPiNIl,Judge Judy,"Tyler, The Creator",CHROMAKOPIA,8864137,b42b441a-0ff3-4286-9251-503e978e293f,,f6beac20-5dfe-4d1f-ae02-0b0a740aafd6,"Tyler, The Creator",
spotify:track:5qeh0TEQCFdmUVnSRKG9md,Speeding Cars,Imogen Heap,Goodnight And Go,8862202,97da6350-7be9-4e45-97a3-d604e9433df3,2006,328d146c-79f1-4eb6-9e40-8ee5710c14e5,Imogen Heap,
spotify:track:2kd0T6zgABT8P0s2h9QU5O,Es Épico,Canserbero,Muerte,8861070,34d55f08-63fc-4a83-af1d-ca1e8fe9aead,2012,70a3344d-3f48-4843-ac93-e9e031d86b01,Canserbero,
spotify:track:0n97PkKoTpnp5L343TMAgB,Communist Daughter,Neutral Milk Hotel,In the Aeroplane Over the Sea,8857602,e22ec9ef-4eb1-40eb-9ec7-50a9cb6580f4,1998,a506f761-2c22-4b2f-8a94-bd748c2c8f75,Neutral Milk Hotel,
spotify:track:7ypFllJwlotXBJfLjsXhvo,Dear Sputnik,TOMORROW X TOGETHER,The Chaos Chapter: FREEZE,8852597,e5a6212e-3bf7-4a2b-9336-452173a9e0d5,2021,9d027d72-790e-40ec-bbb7-61aa613457de,TOMORROW X TOGETHER,
spotify:track:6BSHFyKbY8UtRzraHpbrBp,Beyond White Noise,White Textures,Beyond White Noise,8849123,,,,,no_match
spotify:track:22jTdzsf7YHTnBja5IMwD0,White Altitude,Sky Travis,White Altitude,8841903,,,,,no_match
spotify:track:2E691vZJRMdpiiHFjd5YUi,Noise & Sleep,All Night Chill Makers,Endless Noise,8832581,43d07621-21a6-41e6-a781-3730ae823eda,2021,6f58e106-5324-4bf3-a373-a38881dd6cb2,All Night Chill Makers,
spotify:track:2KoeSRTm9cRulYnkaEyUaP,Crazy Form,ATEEZ,THE WORLD EP.FIN : WILL,8811756,db7daabd-9790-40ad-916e-64aceeb8a76d,2023,cf0dbc16-4e24-4957-b5b4-955c8978f690,ATEEZ,
spotify:track:5xF0OHxJ8J7M1laGVQDB31,Tiny Beds,The Mellowells,Head Space,8807908,d71678a3-0b96-4248-84ef-46d5794afcd0,2016,8b0d5f41-41d4-4bd2-9ad0-9d343af32073,The Mellowells,
spotify:track:59WN2psjkt1tyaxjspN8fp,Killing In The Name,Rage Against The Machine,Rage Against The Machine - XX (20th Anniversary Special Edition),8799375,524a5c43-323e-4874-aa03-98682dc566b2,,3798b104-01cb-484c-a3b0-56adc6399b80,Rage Against the Machine,
spotify:track:6oGusfRLODBoByI6VTjQAh,Noise Rhythm,Natural Sound Makers,Noise Rhythm,8788011,,,,,no_match
spotify:track:3nSyllwWNp9XuLKqCWswVv,Monster,DAY6,Band Aid,8786139,,,,,no_match
spotify:track:5RbVq0wsb6uAwFBYNzqHuD,White Noise asleep on my feet,A Dreaming Machine,White Noise Sleep Frequencies,8775167,,,,,no_match
spotify:track:7BSadtswKNAyWfiuHZNeih,The Fool,Neutral Milk Hotel,In the Aeroplane Over the Sea,8772816,c9b33b27-0313-41d0-901a-aa6cfe4a0d20,,a506f761-2c22-4b2f-8a94-bd748c2c8f75,Neutral Milk Hotel,
spotify:track:25yQPHgC35WNnnOUqFhgVR,Lucy In The Sky With Diamonds - Remastered 2009,The Beatles,Sgt. Pepper's Lonely Hearts Club Band,8756910,075e2dd0-421f-44ae-9515-8f8a6bf7febe,2015,b10bbbfc-cf9e-42e0-be17-e2c3e1d2600d,The Beatles,
spotify:track:3tUJq43sUSw2zasgNjRY7S,Cosmic Freeway,Yeek,Sebastian,8749298,08549c41-8c96-466c-b599-bbe16fbab246,2017,a5b20ca2-55ee-4d1c-8236-7c38f5398997,Yeek,
spotify:track:5byMQvWH7RUCFVrYgiYluo,White Oasis,Deepnoum,White Dreams,8741596,1a683cfa-e0f6-4c3e-af45-fbdd8e9acf09,2023,7c889907-5c9f-4441-bdeb-4cf78b1e9e32,Deepnoum,
spotify:track:1tTPC0hsnXq1IGpvWY54JC,Fuel,Metallica,Reload,8733206,9f271483-bd7e-4238-a013-acef2409bc5a,2007,65f4f0c5-ef9e-490c-aee3-909e7ae6b2ab,Metallica,
spotify:track:6gLn8QhAYL4dEwdpVjfCPl,I Never Told You What I Do for a Living,My Chemical Romance,Three Cheers for Sweet Revenge,8720807,69c30802-6c5d-4f14-bff9-310a198501b6,2025,c07f0676-9143-4217-8a9f-4c26bd636f13,My Chemical Romance,
spotify:track:7ao1T99JJqBhQz6BdanOUS,Noise & Relaxation,Librarical Nature,Noise & Relaxation,8716261,,,,,no_match
spotify:track:1Zv6xilw5El5P6frlNnYcH,The Tortoise and the Hare,Stray Kids,IN LIFE,8712662,,,,,no_match
spotify:track:0si1zT7kLVP0SECUsm9uPn,Noise Rest,Ambi Val,Noise For Relaxation,8710693,84549a74-cf0e-4978-92c1-c237b89c6a9c,2022,092c6a8b-f89f-4f24-832e-eb98ae358548,Ambi Val,
spotify:track:06FCvd7rrRcF3DdvWH5Isp,LUST.,Kendrick Lamar,DAMN.,8707115,312d4f9b-7230-4d59-b642-bcf5b20edac1,2017,381086ea-f511-4aba-bdf9-71c753dc5077,Kendrick Lamar,
spotify:track:4yedP4mfgP5Te1ehqicPTU,"Twist It, Shake It. Rock & Roll",Trudy and the Romance,Junkyard Jazz,8702108,6c12bb9f-78c6-4be9-9a48-63e534ccacba,2017,8c058282-ba69-4fab-9aad-2c609da200eb,Trudy and the Romance,
spotify:track:5red1fJgDMQQwOHe0DBud1,Restoring the Balance,Russell Brower,World of Warcraft: Cataclysm Original Soundtrack,8687867,1b08e721-9c0c-42bc-8c53-0e6a1547a24a,2010,3c84e93f-94e2-41b7-803d-ecccc61dd2de,Russell Brower,
spotify:track:5AnVuHLmgipXkFmBvj2Q6H,Colossus,"Tyler, The Creator",Wolf,8683235,8ae1e574-66d5-4ba5-a29b-5f946b0c8b13,2013,f6beac20-5dfe-4d1f-ae02-0b0a740aafd6,"Tyler, The Creator",
spotify:track:4yxF9Td9YF4xiBLyyQOMGT,XYMPHONY,Xdinary Heroes,LIVE and FALL,8677510,fe7921b3-db1b-438c-bd53-8f7d67699475,2024,d95a463f-e7d3-4c97-98ba-57f75cb4fda2,Xdinary Heroes,
spotify:track:4BeOHtksAeQvGcIm5zPRzH,Sheep Theme,samlrc,A Lonely Sinner,8647782,e2e18f6a-c360-4a3e-a2a6-850a82c6d5e8,2023,c9b8053b-e81d-486c-b117-dc15bd3bb604,samlrc,
spotify:track:346SJSEbB6pNZMpwovxDiu,Mother I Sober (feat. Beth Gibbons of Portishead),Kendrick Lamar,Mr. Morale & The Big Steppers,8645135,,,,,no_match
spotify:track:7yNK27ZTpHew0c55VvIJgm,Dark Fantasy,Kanye West,My Beautiful Dark Twisted Fantasy,8631263,9fafb80a-5599-49bd-9cdd-1a34ba5c59bc,2023,164f0d73-1234-4e2c-8743-d77bf2191051,Ye,
spotify:track:6dGnYIeXmHdcikdzNNDMm2,Here Comes The Sun - Remastered 2009,The Beatles,Abbey Road,8629196,5ff5ff66-3285-48cd-8ea2-5ab65639a119,2008,b10bbbfc-cf9e-42e0-be17-e2c3e1d2600d,The Beatles,
spotify:track:0UbaQxJaWOxM537N5H6UI7,Fighting in the Car,Joe P,Emily Can't Sing,8629078,2eaee773-dbc9-4bfa-901d-9fe35545037a,2021,73ae4a8d-861e-4cfc-97a4-c61f2f48708c,Joe P,
spotify:track:5bK257lisOTZ4punQrykJ7,LNC Cypher,DisMissedFit,Silent Crowns,8627641,4538ddf1-c744-4161-9eca-3a054e2972e0,2017,21228f86-5768-4563-83fa-25375c29f21f,DisMissedFit,
spotify:track:3R3Rn4uwNYxAQPT7aPWUQ6,Ruido Blanco Natural,Audiose,Ruido Blanco Natural,8619024,,,,,no_match
spotify:track:18YCiWMIpTOhDY1Yz4exMs,Nippy,student 1,Nippy,8611686,83c77549-71bf-44e2-8213-b1502fc2d015,2020,4b879e3d-7d1a-4bc2-a08e-3f92df54dc97,student 1,
spotify:track:1wUzoaQgii2QrgnqlcRPAC,Harmonious,Somnography,Harmonious,8610346,,,,,no_match
spotify:track:1s8YWgAwKQVzgkptAAlBkt,These Walls,Dream Theater,Octavarium,8609361,bec95e8f-6a8d-4d10-ad71-70218314107c,2005,28503ab7-8bf2-4666-a7bd-2644bfc7cb1d,Dream Theater,
spotify:track:2AF08isqOBU068WJF0CtoH,Blunts & Clementines,exociety,deception falls,8592301,7addf5c8-29cf-4ca1-a7e0-cd555d1893f6,2022,c0ddc7ce-c397-46e1-b760-9fdaca0f7a47,exociety,
spotify:track:5dLz8bhINeCWgppiUIcafp,HAZARD DUTY PAY!,JPEGMAFIA,OFFLINE!,8583906,3661e73b-4c16-45ae-b04b-2d77853d5451,2023,c42e60f4-4520-4954-b6e4-82bbdf532c11,JPEGMAFIA,
spotify:track:4SJTFnmmfxotIdw2psMeDp,System Shutdown,Synthetic Architect,Digitalion,8579673,,,,,no_match
spotify:track:0ONrfTPB8dvQf8ZcQCSHTm,Focus Noise,Likko Sol,Focus White Noise,8579358,,,,,no_match
spotify:track:6dgZEk3lBngRHrUodnCY3y,Snowy Serenity,Lavender Balm,Gentle White Noise,8567737,,,,,no_match
spotify:track:3tCj4PMMeTC5FRYS4eKTuW,White Noise Tiefschlaf,Three Peels,White Noise Tranquility,8555046,,,,,no_match
spotify:track:5wTpnBRTx1HSGQVDZQ2VSh,Slater (feat. Frank Ocean),"Tyler, The Creator",Wolf,8530355,46116821-b1eb-46c4-9e22-bc488e7643fd,2013,f6beac20-5dfe-4d1f-ae02-0b0a740aafd6,"Tyler, The Creator",
spotify:track:3IdPtyJHB1WVPM4eCiCAKM,Answer,ATEEZ,TREASURE EPILOGUE : Action To Answer,8528538,c103daba-ad17-4201-b76e-071f9b041f20,2020,cf0dbc16-4e24-4957-b5b4-955c8978f690,ATEEZ,
spotify:track:6SpGZZfyk0CDprwBe7iTb7,Sleepwalking White Noise,EXOA,Sleepwalking White Noise,8526853,,,,,no_match
spotify:track:6OkDb9fyi22Pr6QJIrUNdJ,Rhymes Like Dimes,MF DOOM,Operation: Doomsday (Complete),8519729,675a6a30-2520-46da-87cc-4fc4a83a33bd,,188711ed-c99b-439c-844a-ca831f63a727,MF DOOM,
spotify:track:0lP4HYLmvowOKdsQ7CVkuq,The Kill,Thirty Seconds To Mars,A Beautiful Lie,8519062,37fed211-1351-4dd6-904d-9f6461f58583,2005,d8354b38-e942-4c89-ba93-29323432abc3,Thirty Seconds to Mars,
spotify:track:1O0hVzXi8JaV6ZFm0oqli4,Resting Noise,Evomin,White Noise Comfort,8512542,,,,,no_match
spotify:track:4X30Fcf0nPgTSwLQLxzZlI,Wrath of the Lich King (Main Title),Russell Brower,World of Warcraft: Wrath of the Lich King Original Soundtrack,8508173,9f603e78-5175-4a11-b01c-6d154335633a,2008,3c84e93f-94e2-41b7-803d-ecccc61dd2de,Russell Brower,
spotify:track:3BAUrjO1MvnrTPtEGje79S,White Tonality,Blazerod,White Tonality,8503926,,,,,no_match
spotify:track:31iZ1tfXqTBH4xUQ6GM0tK,Junkyard Cat,Trudy and the Romance,Junkyard Jazz,8490270,33c3f4d0-dc0a-44cb-b60b-31b68c10787c,2017,8c058282-ba69-4fab-9aad-2c609da200eb,Trudy and the Romance,
spotify:track:0KNJrBUU6A93gsBlPo9F7Q,Tunnel Noise,Ecstatix,Tunnel Noise,8489723,,,,,no_match
spotify:track:6wNUBZNWFxdUGof6vkaykE,One For The Road,Arctic Monkeys,AM,8486169,ccec496b-7604-4ef7-8736-97fa13ab290c,2013,ada7a83c-e3e1-40f1-93f9-3e73dbc9298a,Arctic Monkeys,
spotify:track:4mTW7Djq9tWyi9WmlQn1jK,Face Off,Tech N9ne,Face Off,8481951,a11e0d74-4e28-4d61-bfd0-a4fb6e039e54,2021,dde3d9b1-0e44-48bc-b0c9-d739b3570000,Tech N9ne,
spotify:track:5CpO6xt7x795F0gl4pAXoY,Take It There,The Roots,Game Theory,8478747,da6a23c4-6628-4726-899d-fd8e8bb0d54a,,80b3cf5e-18fe-4c59-98c7-e5bb87210710,The Roots,
spotify:track:5c2gzZ7ZjePKD9jq2Fw3im,White Noise for Productivity,Noise Makers,White Noise Meditation Realm,8467765,,,,,no_match
spotify:track:0kc4G5tEdtmTB0w3gYmb01,Desencuentro (feat. Soko),Residente,Residente,8458730,,,,,no_match
spotify:track:0JkBnFAZXUfwhLKwubShWi,Castaways,Derek Duke,World of Warcraft: Cataclysm Original Soundtrack,8450106,4a181a5e-4502-4ae7-9d1f-6474ebd038a9,2010,ef8d7a94-64a3-4362-b81f-b5999fb246de,Derek Duke,
spotify:track:4MvBQ9lNhzsWArenVOYsOC,ayla,atlas,ayla,8440537,df9c27f3-386d-4169-931d-89af57e9b4c9,2018,d604a2f1-6397-458a-be95-ab47403a3e9f,Atlas,
spotify:track:3hRQVUaNrPJlnzudLutmSa,"We All Lift Together (From ""Warframe"")",Keith Power,"We All Lift Together (From ""Warframe"")",8432920,,,,,no_match
spotify:track:7dUCFnaGSWLH6SdDP08NLP,Enormous Penis,Da Vinci's Notebook,Brontosaurus,8427649,e04dabf4-8870-4416-8b84-0f5da897b756,2001,f62d7df2-aace-460e-a9bc-d1d01c06e6ca,Da Vinci’s Notebook,
spotify:track:3dVazyzNwvYlkN1QYIHerW,Sleeping Forever,Storms and Lightz,World Noises,8422838,,,,,no_match
spotify:track:7iG17BHNVVEUr5gIiJX2xX,Te Veo,Lasso,Sin Otro Sentido,8416377,236710a2-55fa-4051-9e55-f094f7241373,2011,feb0a14b-63c9-43f9-958b-148488c79f23,Lasso,
spotify:track:5kBJH5gU89axZDauhfddpy,Silent Cry,Stray Kids,NOEASY,8409743,4391357d-24f9-4e1a-b163-bb0cf6d87c02,2021,142b343d-bf5a-428c-a64f-6d1a7566bbe9,Stray Kids,
spotify:track:6GAemDMWAXa8wZOBkO1gar,Buggin' Out,A Tribe Called Quest,The Low End Theory,8407455,0d8fb9af-f181-4643-93cd-0676a5d974ee,2011,9689aa5a-4471-4fb4-9721-07cecda0fa9f,A Tribe Called Quest,
spotify:track:4zB544yCIaSw3cuHltMCRJ,The End of the Game,Weezer,The End of the Game,8403445,838381b8-ca3f-4735-8d42-f8fc23e5349c,2019,6fe07aa5-fec0-4eca-a456-f29bff451b04,Weezer,
spotify:track:0wXuerDYiBnERgIpbb3JBR,Redbone,Childish Gambino,"""Awaken, My Love!""",8401634,90401b17-f5f3-4357-8d08-e7676c950b0d,2021,7fb57fba-a6ef-44c2-abab-2fa3bdee607e,Childish Gambino,
spotify:track:7wSj4AlKlO12ap51ugHXhh,Bread And Butter,The Roots,Game Theory,8400276,43ca9739-4f99-432a-a475-29864693072f,2006,80b3cf5e-18fe-4c59-98c7-e5bb87210710,The Roots,
spotify:track:3s9itRgJYcKhem01P17865,Say No to This,Jasmine Cephas-Jones,Hamilton,8394165,924b2655-39c3-4fe1-b10d-361dadff25be,2015,0de620fe-8d4d-4be0-b6ae-2669ef948b2e,Jasmine Cephas‐Jones,
spotify:track:79CQKhCglufZyFy2cM4zAI,Pride and Penance,Jake Lefkowitz,World of Warcraft: Shadowlands Original Soundtrack,8391628,fc0f4828-9ad5-47fc-abfd-56ba20c2e187,2020,96afb04e-f03c-44c1-9a00-9eb31dd031da,Jake Lefkowitz,
spotify:track:259rzFIqJmv7xCqPB4fL2E,White Noise Is Bright,Sampling Specialists,Resting Noise,8385602,,,,,no_match
spotify:track:5QwAdWCnauw0GpDzM3glrO,Shogeki,Yuko Ando,Shogeki,8385521,,,,,no_match
spotify:track:3TfuiALDQLKQqqTirOLu4q,Es Por Ti - Remastered 2022,Juanes,Un Día Normal,8384037,d8656c18-0f31-492d-bf13-4613b25acc41,2003,8b0f05ce-354e-4121-9e0b-8b4732ea844f,Juanes,
spotify:track:40i81AcCCxiVEFUWElcjZC,Sarcasm,Get Scared,Best Kind Of Mess,8379283,ab16aae4-3471-4acd-94e8-f48a14366da4,2010,24a60384-83b0-4cfb-abba-d97075e83e52,Get Scared,
spotify:track:02FXRgUVdbsuooQQ7apx02,Show No Regret,Daniel Caesar,Pilgrim's Paradise,8375640,96658ffe-85b7-43eb-9bc0-90210b893111,2015,b46e298d-d3a5-4695-a03e-63e8c523b23e,Daniel Caesar,
spotify:track:1mWdTewIgB3gtBM3TOSFhB,Butter,BTS,"Butter (Hotter, Sweeter, Cooler)",8372061,4b38141e-404e-4a32-bbf6-6a0c3dacc377,,0d79fe8e-ba27-4859-bb8c-2f255f346853,BTS,
spotify:track:26PPEd7Q5tpmFLpAFmpUIl,Incomprendido,Rawayana,Incomprendido,8363914,91eef1b8-27e2-4684-8c9e-73c39ca4598f,2023,7de398f0-b4cf-476d-ac60-41d47d3511ca,Rawayana,
spotify:track:5gVCEqLQrHkZPQzLw8pTXC,Breakfast,NCT 127,Sticker - The 3rd Album,8362127,8d28ae81-b4d6-4e0e-bb0a-a3bb6c3dc467,2021,9d17d14a-e81c-410e-a90b-b02b0a9de6f8,NCT 127,
spotify:track:1S0lzMgHZ1vsisgz3x7h9v,Deception (Demo),Spaze,Experimental Demo Age,8351584,,,,,no_match
spotify:track:52gLFB1JwnwesroSmsqkok,Whirl of White Noise,Wax Walls,Study White Noise,8345354,,,,,no_match
spotify:track:5t8TV1U5vmKL5UIQo5pNtN,Little Things,Xdinary Heroes,Troubleshooting,8331315,,,,,no_match
spotify:track:4Enk3Ss0Mp6L8eCgL2WbEv,Calmed By Rest,StyccO,Calmed By Rest,8308593,661e94bb-375a-43c8-a743-f7a730a8e37e,2021,5caa5f3c-9131-41e0-94ba-234fc3e27368,StyccO,
spotify:track:5ib1aoddT4tWvUDQM1z4KY,Beyond the Geostationary Orbit Level,Camellia,heart of android,8305852,,,,,no_match
spotify:track:6vB49BJ70zBpDrrAPwdaB8,Drive Slow,Kanye West,Late Registration,8281760,1e4a1a44-0c60-4333-bcac-f1527c30a559,2013,164f0d73-1234-4e2c-8743-d77bf2191051,Ye,
spotify:track:3QZY1nrt8MKrlnotFwRwcm,"OKAGA, CA (feat. Alice Smith, Leon Ware & Clem Creevy)","Tyler, The Creator",Cherry Bomb + Instrumentals,8269969,,,,,no_match
spotify:track:1FDncYodOcfTivPnCjBpU1,Paranoid,Xdinary Heroes,Livelock,8269694,82e384e4-a86d-44d6-8c14-86c669ceffa4,,d95a463f-e7d3-4c97-98ba-57f75cb4fda2,Xdinary Heroes,
spotify:track:6OkOFxU6j0UufR97VgSnS7,untitled 01 | 08.19.2014.,Kendrick Lamar,untitled unmastered.,8259820,ab5a9941-e46c-4c94-83cc-456a44adbe7a,2016,381086ea-f511-4aba-bdf9-71c753dc5077,Kendrick Lamar,
spotify:track:3jE1ffzfKtnALJVGlXgl7D,Pack The Pipe,The Pharcyde,Bizarre Ride II The Pharcyde,8248296,b22de1a1-3260-48d7-8bec-a5486390e2df,2009,d7134426-a937-43bf-bc54-f10ad8102ed9,The Pharcyde,
spotify:track:1PEPcLm2QEo0HCRIhQjPq1,Second hand embarrassment,underscores,fishmonger,8244651,254e732a-77cf-4c22-ace0-d061fa33c2d9,2021,ab1a3f85-e0ea-470a-af5c-175447ae774c,underscores,
spotify:track:0tLEIlkASxhTDOf9MClveA,OLeander,hannah bahng,perfect blues,8241943,b3828de3-8fed-4efa-bf3d-1c3066d79ef9,2024,7ea00d04-8663-4d28-a6d5-50e43934596b,Hannah Bahng,
spotify:track:3Vo4wInECJQuz9BIBMOu8i,Finesse - Remix; feat. Cardi B,Bruno Mars,Finesse (Remix) [feat. Cardi B],8233756,,,,,no_match
spotify:track:2Rg4BcHufRsM6KN2r5M1Ix,Money On My Mind,Xdinary Heroes,Troubleshooting,8220298,abb80de9-a816-4fb7-adc6-a1981d7c53f9,2024,d95a463f-e7d3-4c97-98ba-57f75cb4fda2,Xdinary Heroes,
spotify:track:7IVukH71OXfAu3KudrrizN,Japanese Denim,Daniel Caesar,Get You - Single,8220044,8979c29a-6c76-4b66-bf71-2ec4a15187c4,2017,b46e298d-d3a5-4695-a03e-63e8c523b23e,Daniel Caesar,
spotify:track:4AJWlmqzFwDuCWozzjxTjO,WAGING WAR,Quadeca,"Vanisher, Horizon Scraper",8211608,1719ddf3-8263-41d8-93ab-0fb522669bbb,2025,3a4024dc-cc62-4d9b-8bed-c22426136a52,Quadeca,
spotify:track:4YZbVct8l9MnAVIROnLQdx,Forrest Gump,Frank Ocean,channel ORANGE,8207453,98b769b8-8b9f-438d-af89-50846240ca44,2012,e520459c-dff4-491d-a6e4-c97be35e0044,Frank Ocean,
spotify:track:2O4EqQrqVGUWiAci1pXsYb,Сало,Сергій Брайлян,На гулянці у Піщанці,8205854,,,,,no_match
spotify:track:6HGDxEtcoUsztb2xeVOXTP,arrow,half•alive,"Now, Not Yet",8191051,05ed7f3c-032e-4ec5-a51f-093537aacc5f,,00d0f0fa-a48c-416d-b4ff-25a290ce82d8,half•alive,
spotify:track:34KUIBsIUiPV7oCIzSdDAU,Diamonds From Sierra Leone - Remix,Kanye West,Late Registration,8181631,5bb317dc-2a5f-4faf-8244-e8a394e67f2d,2006,164f0d73-1234-4e2c-8743-d77bf2191051,Ye,
spotify:track:2NZXTmbGiP91ND9N5pC1xs,Hellboy,SWMRS,Berkeley's On Fire,8178549,02a65c9a-e32d-4e1f-a883-a2fb0c9c3d50,2019,e02ea2a6-b58e-4b6c-8538-5b1cf3bf2fe8,SWMRS,
spotify:track:6sUY8p4taLXxhqoo3JbOhR,Delicate White Noise,Noise Advisor,Delicate White Noise,8170675,,,,,no_match
spotify:track:5FQ9NDyx3KZXhovWWq4Gxo,Should've Been Me,Mitski,Laurel Hell,8168934,56782cfe-84b3-4326-a83b-62ef5bdcb3a9,2022,fa58cf24-0e44-421d-8519-8bf461dcfaa5,Mitski,
spotify:track:5stdbOKs3VMtpZECe20GX7,The Gates of Ahn'Qiraj,Russell Brower,World of Warcraft: The Burning Crusade Original Soundtrack,8168023,1d713f03-3c99-4d95-b9c6-4a7dd3ab1fe0,2007,3c84e93f-94e2-41b7-803d-ecccc61dd2de,Russell Brower,
spotify:track:4Edx0nvrHGwfQRJ9yg65xc,Dreaming Girl,Xdinary Heroes,Troubleshooting,8167537,,,,,no_match
spotify:track:5dUjBnP5zrWpWA5RGrr73g,Cover Me,Stray Kids,ROCK-STAR,8167155,a1d74612-1ece-4a65-8eda-86005a8b8641,2023,142b343d-bf5a-428c-a64f-6d1a7566bbe9,Stray Kids,
spotify:track:0ifHbaA9IQANMOS9HkLVsM,Bad Kid,Sugs,Bad Kid,8163188,,,,,no_match
spotify:track:5lWFrW5T3JtxVCLDb7etPu,Bad - 2012 Remaster,Michael Jackson,Bad 25th Anniversary,8159817,,,,,no_match
spotify:track:0Tq7v8YAmwdnAYBwyR1pZ4,"Earth, Wind & Fire",BOYNEXTDOOR,HOW?,8150806,2db7407a-6380-4bc4-a684-402bad90f1ea,,656d0024-7b5f-4089-9d3e-ce383f15f1b7,BOYNEXTDOOR,
spotify:track:3flgdcFBWI84DPi4s1jhhd,Savannah,flipturn,Something You Needed,8147683,02c6032c-c72d-4f75-87de-119434f47661,2020,0c97b403-1aae-4315-93ab-af54fe2169d6,flipturn,
spotify:track:01Mpj13vURSO3cCLprPt5T,Raining Blood,Slayer,Reign In Blood,8146383,8194811c-2248-4e02-ac20-160fec6d2a8b,1991,bdacc37b-8633-4bf8-9dd5-4662ee651aec,Slayer,
spotify:track:6LJUlREHwzx1Z2BcqOdJSW,The fish song,underscores,fishmonger,8146150,9ce9804f-e1b5-4fd3-abfb-2a4579b80797,2021,ab1a3f85-e0ea-470a-af5c-175447ae774c,underscores,
spotify:track:6th8IdY4lYeM0QlSQJhhkp,LOST IN THE CITADEL,Lil Nas X,MONTERO,8139431,3fbb86d3-e31e-4cbf-8b7e-ae7942f8b05e,2021,0b30341b-b59d-4979-8130-b66c0e475321,Lil Nas X,
spotify:track:0yLOvc7uYLtk4nk0N6vpqu,moon reflection white noise,nite sky,white noise in space,8109364,,,,,no_match
spotify:track:6WjIuiDbLuCvEQPiKBog8m,No Swinggity,Minimatic,No Swinggity,8107891,672c2fbf-538b-4f89-9a4c-a3b61808a815,2015,b80ce407-9501-49be-afe3-09268f88ff43,Minimatic,
spotify:track:1xShPgQbOUa98avWJQFDBY,Personal Jesus - Original Single Version,Depeche Mode,Personal Jesus,8106349,,,,,no_match
spotify:track:2pMPWE7PJH1PizfgGRMnR9,Bad Religion,Frank Ocean,channel ORANGE,8104056,ff53b338-2e3d-4f2d-aa9e-5c100c79be3f,2012,e520459c-dff4-491d-a6e4-c97be35e0044,Frank Ocean,
spotify:track:76LGCP0g9nVknR7HD2Jjyp,Not The American Average,Asking Alexandria,Stand Up And Scream,8067195,bce73efc-e67c-419c-ad09-f6e0ea6f1b40,2008,9d2fde91-4633-430d-87f0-2b9bbb7fa451,Asking Alexandria,
spotify:track:3ivdlmTbUSv5JN9W8Tk9V1,Brought The Heat Back,ENHYPEN,ROMANCE : UNTOLD,8061081,fa5ce69f-fbe1-4f74-b3f2-5febe23de4c6,2024,95663592-1447-4579-90f7-c94733476667,ENHYPEN,
spotify:track:1em5BWekmSTC4eNEJ0jsMD,"30,000 Feet Air",Ozonezzz,Noise Comfort (Brown Noise),8059888,,,,,no_match
spotify:track:6zi5c5WJkdu6ipnP6HMiqs,Recovery White Noise 510Hz,Valdervande,on the edge of White Noise,8058011,,,,,no_match
spotify:track:2pwEbLrm8PkgplnTRG6bSL,WDIG (Where Do I Go),ATEEZ,THE WORLD EP.1 : MOVEMENT,8045098,,,,,no_match
spotify:track:2r5Or2HpU3j5GcpjYW3AL9,False Media,The Roots,Game Theory,8030957,1e9f5303-30f6-42e6-acfd-0fcca2b91c92,2006,80b3cf5e-18fe-4c59-98c7-e5bb87210710,The Roots,
spotify:track:6UKGwtoh2dvrAzYNTqJRqz,White Stillness,Chome,White Stillness,8027950,,,,,no_match
spotify:track:44btkUhFqMzjkhClQXUEiC,Baggage,Rare Americans,Baggage,8023914,3a7f166d-c566-4fac-8698-3d92991346a2,2022,78fcc713-214b-4f04-a84e-af800e2d34ba,Rare Americans,
spotify:track:2gSNBigeWMVtY3QBIvPAEc,Bad - 2012 Remaster,Michael Jackson,Bad,8023290,,,,,no_match
spotify:track:5QvBXUm5MglLJ3iBfTX2Wo,RUNNING OUT OF TIME,"Tyler, The Creator",IGOR,8015066,ed1638ba-a3ab-4bd1-a37b-7ff1c1e52ac7,2019,f6beac20-5dfe-4d1f-ae02-0b0a740aafd6,"Tyler, The Creator",
spotify:track:3qBMFORCRUKzBPiftvwaJn,Light White Noise,Evomin,White Noise Comfort,8010783,,,,,no_match
spotify:track:4KFY4EEv9CN6ivrzD6vEvg,Breathe In Breathe Out,Kanye West,The College Dropout,8002326,54750cb1-431c-4abe-9ea2-3d311c41c7f0,,164f0d73-1234-4e2c-8743-d77bf2191051,Ye,
spotify:track:5ZBeML7Lf3FMEVviTyvi8l,Twist And Shout - Remastered 2009,The Beatles,Please Please Me,8001039,355170e0-c865-4336-84b4-5bea2c26d7ab,1980,b10bbbfc-cf9e-42e0-be17-e2c3e1d2600d,The Beatles,
spotify:track:5u7BfGhAyEdDOuE7SwKmPn,Dreamy Noise,Peaceful Me,White Dream Noise,7995733,,,,,no_match
spotify:track:6u0x5ad9ewHvs3z6u9Oe3c,Under Cover of Darkness,The Strokes,Angles,7991491,1917599b-c749-46a2-ae98-3cbd494aaaf4,2016,f181961b-20f7-459e-89de-920ef03c7ed0,The Strokes,
spotify:track:4g5gCgZ18USag5WBe2vSIX,Mono Chamber,A.I.C 83,Brown Noise,7991032,,,,,no_match
spotify:track:2hjjUjikOa29kImnI5kQPw,Cowboy,"Tyler, The Creator",Wolf,7990060,bcfa8b0a-8d25-4b1a-83ec-35021cc16eb8,2013,f6beac20-5dfe-4d1f-ae02-0b0a740aafd6,"Tyler, The Creator",
spotify:track:1HY5hiKQhtp0rBqeclaakw,Sleeping Winds,Hybrid Treasure,White Glaciers,7979939,,,,,no_match
spotify:track:6jbYpRPTEFl1HFKHk1IC0m,Like Him (feat. Lola Young),"Tyler, The Creator",CHROMAKOPIA,7978524,,,,,no_match
spotify:track:4jEXTrcfXvLjt88SKlWOHK,Give and Take,Poor Man's Poison,In the End,7974493,6d0528e2-92f0-4559-a6fb-8d26ff00de0d,,f0433178-6b43-4a2c-86e1-bbfeb296cdf1,Poor Man's Poison,
spotify:track:6kpj39kjc6RXinIQSMn36K,Heavenly White,Waves Of Time,Heavenly White,7974050,,,,,no_match
spotify:track:1HwbgJAU9PZ7YbzKgVgoIF,Sierra Leone,Frank Ocean,channel ORANGE,7968492,e5743152-57f0-4a3c-ad17-720cef11917c,2012,e520459c-dff4-491d-a6e4-c97be35e0044,Frank Ocean,
spotify:track:35LDid9nvuYrUyZk5qGD0i,Belief,John Mayer,Continuum,7966170,4bfa932e-5c93-464c-93f0-b76e589abde9,2006,144ef525-85e9-40c3-8335-02c32d0861f3,John Mayer,
spotify:track:4M2t7bP4Mq87mGMn0PObUX,untitled 06 | 06.30.2014.,Kendrick Lamar,untitled unmastered.,7956021,f6067612-3fd0-4160-98d8-ecb25173de35,2016,381086ea-f511-4aba-bdf9-71c753dc5077,Kendrick Lamar,
spotify:track:08mG3Y1vljYA6bvDt4Wqkj,Back In Black,AC/DC,Back In Black,7947217,4ae3b1e3-6c1a-4e49-988c-0dea8c501c72,2000,66c662b6-6e2f-4930-8610-912e24c63ed1,AC/DC,
spotify:track:7rfyK5CqNvDHC4EtZ0hfuE,from the ending of a tragedy,DAY6 (Even of Day),Right Through Me,7942060,242beb64-6e95-4361-a6d5-8cde323c4e32,2021,af2320d6-948e-499a-8bcf-83c93e0a80fb,DAY6 (Even of Day),
spotify:track:3aAnwyBJY9OLNLqSgd4fZU,Deja Vu,TOMORROW X TOGETHER,minisode 3: TOMORROW,7937891,4462c706-3e98-4bf7-babd-2349ce0dd18c,2024,9d027d72-790e-40ec-bbb7-61aa613457de,TOMORROW X TOGETHER,
spotify:track:4cxvludVmQxryrnx1m9FqL,My Shot,Lin-Manuel Miranda,Hamilton,7931755,4a049090-0b6c-427f-a8c2-9c9a61432f0a,2014,925c7673-0e85-410f-b7e4-d9705a7aa619,Lin‐Manuel Miranda,
spotify:track:4vuJuTLFomqItDrn482nzV,Move,Saint Motel,saintmotelevision,7923486,5e7d45f0-8ebc-47f0-aa29-9b8fb4b997c2,2016,5c2593bc-1621-4c4d-821b-b7bb6ff213b5,Saint Motel,
spotify:track:1UBLglX9fPtTBZSwJj4yVG,Parking Lot (feat. Casey Veggies & Mike G),"Tyler, The Creator",Wolf,7918037,1bd89776-40e4-4384-89cf-50e7840f88b2,2013,f6beac20-5dfe-4d1f-ae02-0b0a740aafd6,"Tyler, The Creator",
spotify:track:4LGg8tvQxix9thK83jjhm1,I Wake Up With Noise,Hz Catchers,Peaceful Noise,7913305,,,,,no_match
spotify:track:0Se7OnifRxYPVsimoV1Yyb,The Dark White Noise,Universal Waves,The Deep White Noise,7904506,,,,,no_match
spotify:track:4zmoFp81KN2FO6VQecSpae,The Moneyz,Rare Americans,The Moneyz,7900578,bc0d0f40-aaa1-4fd9-89a1-85eca39a8405,2020,78fcc713-214b-4f04-a84e-af800e2d34ba,Rare Americans,
spotify:track:0FRB1hRh8V1Ul2X7qebZs9,My Heart Is Broken,Evanescence,Synthesis,7899786,1dfab4ab-9e81-4906-8b06-747fb9c91972,2018,f4a31f0a-51dd-4fa7-986d-3095c40c5ed9,Evanescence,
spotify:track:52O3MLLIHlQ4FDItAOsEDt,Whiteosphere,Spiritual Essence,Whiteosphere,7890432,,,,,no_match
spotify:track:7tJ8jCSe5XPIkRluGfZTu3,AT A TIME LIKE THIS,Quadeca,"Vanisher, Horizon Scraper",7886837,885e4bc9-a6a2-4edf-9da5-f2f43f721a26,2025,3a4024dc-cc62-4d9b-8bed-c22426136a52,Quadeca,
spotify:track:0LEdc9Pc65evNjDiUaOB2P,The Grand Bazaar,David Arkenstone,World of Warcraft - Battle for Azeroth Soundtrack OST,7875385,138d0cc5-1a53-4188-a837-ca00d0969786,2018,50a45c3d-b54b-4fd5-bb83-5046e4ff6813,David Arkenstone,
spotify:track:00GOPLxW4PGQuUYdPJh8K1,IV. Sweatpants,Childish Gambino,Because the Internet,7866823,f5c8178b-e30b-401f-ab4d-fd28464d73b8,2020,7fb57fba-a6ef-44c2-abab-2fa3bdee607e,Childish Gambino,
spotify:track:2aZ2Co4NeQRsqWcU930zHT,Shot At The Night,The Killers,Direct Hits,7862222,10f6a667-18a0-4169-9bc6-b19a74679205,,95e1ead9-4d31-4808-a7ac-32c3614c116b,The Killers,
spotify:track:3rs3ODQlgeSRPZhEJ0qnSM,Allegiances,Sam Cardon,World of Warcraft: Warlords of Draenor Original Game Soundtrack,7841055,c798d2bf-b51f-4cbb-8779-a34003f9153c,2014,dcda3f67-9097-41da-b7a7-612ade6385c0,Sam Cardon,
spotify:track:0Cx0rSjGfg5nQ81YWp4ywH,Horror movie soundtrack,underscores,Wallsocket,7831609,2267cca8-291a-4c9b-8ceb-11dd2ca0019b,2023,ab1a3f85-e0ea-470a-af5c-175447ae774c,underscores,
spotify:track:6CbPp21JO1ZFFVkP9vism2,Tranquility,Somnolence,Tranquility,7820461,63686405-b94a-4f9d-8ffd-35debd08e071,2021,4987db0b-63fc-4ff2-b8f9-3cbcdc17b2a9,Somnolence,
spotify:track:2e2ZQeXucqSEI00D8smDqP,After Hours,Hentai Dude,After Hours,7820448,,,,,wrong_artist
spotify:track:6UPCQYqVGYMq2Zuq39nEUV,Kiss of Fire,Hugh Laurie,Didn't It Rain,7810460,3a4902b2-0796-4fd6-81f7-02c54c108295,2013,4b90c344-31bd-48d1-aa58-8e061a8251c9,Hugh Laurie,
spotify:track:7Fys0m6kGltWbqYeSAGAMx,White Stars,Dormant Clouds,White Stars,7803129,,,,,no_match
spotify:track:5cy5IStIn7OSHDEIgXeDyq,Debaser,Pixies,Doolittle,7801039,75b5fc6c-cd7d-4e37-8967-05223f73b3d1,,b6b2bb8d-54a9-491f-9607-7b546023b433,Pixies,
spotify:track:7gFFwqPDBlJ3qw4WccSDA8,Caroline,Lowertown,Friends,7798153,f1fc0673-f474-4282-9301-37cdd235f3d6,2019,32b742e1-2a14-49e1-9c00-fa2c28189e97,Lowertown,
spotify:track:5p7GiBZNL1afJJDUrOA6C8,Hurt Feelings,Mac Miller,Swimming,7782030,30758121-7fb6-4eea-8bcc-7eb7aa2f3664,,a0e8a1b1-5f8f-475a-a253-17415c17d0ff,Mac Miller,
spotify:track:03n6VoKqqa3KMlMfyVtMEY,Today I Laid Down,bl4ck m4rket c4rt,Today I Laid Down,7774243,5a8f68be-3c75-405f-af94-d9504748c926,2023,64772898-ff1d-47a9-80e8-ba6069b2cda0,bl4ck m4rket c4rt,
spotify:track:5Gt9bxniM1SxN61yRzRhXL,United In Grief,Kendrick Lamar,Mr. Morale & The Big Steppers,7772571,aef9f380-f090-41d2-9126-97b620e05a41,,381086ea-f511-4aba-bdf9-71c753dc5077,Kendrick Lamar,
spotify:track:2P4OICZRVAQcYAV2JReRfj,Waiting For Love,Avicii,Stories,7754164,3ea8e8b4-8b53-47c0-b996-3aab5623cd16,2015,c85cfd6b-b1e9-4a50-bd55-eb725f04f7d5,Avicii,
spotify:track:24NwBd5vZ2CK8VOQVnqdxr,Sweet Emotion,Aerosmith,Toys In The Attic,7751166,c4aef69c-1621-473e-a286-4322d80b2445,2000,3d2b98e5-556f-4451-a3ff-c50ea18d57cb,Aerosmith,
spotify:track:0COqiPhxzoWICwFCS4eZcp,Bring Me To Life,Evanescence,Fallen,7747702,e408cf50-3439-4c7e-928c-487081f3c9dc,,f4a31f0a-51dd-4fa7-986d-3095c40c5ed9,Evanescence,
spotify:track:4HbsrCIJF5atM7vivDoXLF,El Encuentro,Residente,LAS LETRAS YA NO IMPORTAN,7746747,a1a5c311-3c3d-4399-8776-de65865ba5f8,2024,b38a00f2-3746-4e9e-93de-8257ca5b1680,Residente,
spotify:track:4xe3UHiQOH2RNBXcuAKDvG,Feed the Machine,Poor Man's Poison,Feed the Machine,7738049,be728228-5734-4ded-8d01-1502a76fbdc0,2020,f0433178-6b43-4a2c-86e1-bbfeb296cdf1,Poor Man's Poison,
spotify:track:2pZXlPFnqc1uqEKFE7SjwQ,Hold Your Colour,Pendulum,Hold Your Colour,7730298,101ee374-4934-4240-8e94-91033f6a3c10,2008,beff21d3-88c7-4ee0-8b7a-40b6db22c6d7,Pendulum,
spotify:track:43ay9lQZ5rfNcOOHhRF2cM,The Greatest Show,Hugh Jackman,The Greatest Show,7719715,80463d48-9eb7-4122-9aa5-8fdd977d81b7,2017,7f378f19-4686-41aa-b83e-3df359ae1578,Hugh Jackman,
spotify:track:77wq6jYIE2g0VcMjRfHdY0,Black Betty,Caravan Palace,Black Betty - Single,7716925,597065d5-3e1c-4752-8c9e-1a3985d48936,2017,72eabb1a-4d2c-4de6-90f2-671b2cada42b,Caravan Palace,
spotify:track:0VQ3GSPdl4njPOr3lyaoaD,Dancing With The Devil,Demi Lovato,Dancing With The Devil…The Art of Starting Over,7703738,5b11f0a3-fbb9-42ce-9510-8fd15f9acaf3,2021,faf4cefb-036c-4c88-b93a-5b03dd0a0e6b,Demi Lovato,
spotify:track:06XQvnJb53SUYmlWIhUXUi,怪物,YOASOBI,怪物,7703285,fbb78c87-66fa-49d0-8089-22d1b46aad99,2021,df6c619f-4334-43e2-8b6a-4a32af1e4f85,YOASOBI,
spotify:track:3LklW07tvdx2AHsgfi1Mng,I Wish,Skee-Lo,I Wish,7698725,f3335ea2-bcb6-468e-8292-b018b9a85435,1996,9341a67c-4f0c-43c2-9ec4-c222d2cb97f3,Skee‐Lo,
spotify:track:3Umj02ZNl4d356pS1D38mn,Hey Jane,"Tyler, The Creator",CHROMAKOPIA,7696386,f73be72f-60ad-4317-a4c9-9030c700a00f,2024,f6beac20-5dfe-4d1f-ae02-0b0a740aafd6,"Tyler, The Creator",
spotify:track:183kx2jL8gZpaJ8CGVQLdo,Baby,The Roots,Game Theory,7689812,46fc0009-373f-4a38-ade5-5139329cb8f2,1993,80b3cf5e-18fe-4c59-98c7-e5bb87210710,The Roots,
spotify:track:7krbQbYq63hcwVMNW1R0tD,A Pillow of Winds,Pink Floyd,Meddle,7688577,c3a68359-81f6-477b-8294-9052144a2540,,83d91898-7763-47d7-b03b-b92132375c47,Pink Floyd,
spotify:track:0br9vcQnqeqp9PKCGsrxAF,No One Mourns the Wicked,Wicked Movie Cast,Wicked: The Soundtrack,7685495,,,,,wrong_artist
spotify:track:3DB8IXuuM19xX92qpX7Fax,Shreddy Krueger,Manwolves,Shreddy Krueger,7678516,56da9bac-cc30-4f29-9d21-17785aa3abed,,507d821a-dd31-426c-8bae-4006148f7ca1,Manwolves,
spotify:track:1tDWVeCR9oWGX8d5J9rswk,Eclipse,Pink Floyd,The Dark Side of the Moon,7677541,a54089b3-7d98-43d4-a782-2412553e22dc,1990,83d91898-7763-47d7-b03b-b92132375c47,Pink Floyd,
spotify:track:5Gm2m36Ulr81esrI69pjFr,Cold's in the Sidewalk,The Mellowells,Head Space,7660573,336dd5d9-e238-4fdb-bb92-7a66d919ec64,2016,8b0d5f41-41d4-4bd2-9ad0-9d343af32073,The Mellowells,
spotify:track:1mCMRPk1BSqTAAq4mLn5Qx,White Noise for the Dreamers,Xella Machina,White Noise for Dreaming,7652003,,,,,no_match
spotify:track:4HbdRcLLnUHgBVBDVRD14M,White Noise Rauschen,Night Time Sounds,White Noise On My Mind,7650324,,,,,no_match
spotify:track:54MXF9I8s3DuiQo3g0gZ5k,A Match Into Water,Pierce The Veil,Collide With The Sky,7645659,8e57019e-b2b8-4965-a442-63993c3d1216,2012,8ed919fb-eaee-45a1-ba99-b3ede9ca5f1d,Pierce the Veil,
spotify:track:2TKQ2Ia0YvoBKE0LZWnBiU,Sleeping Shades,Panoramia,Sleeping Shades,7644003,,,,,no_match
spotify:track:5kc5p2mwO2GFq93zw5ZFWV,Ash,SEVENTEEN,SEVENTEEN 4th Album 'Face the Sun',7643323,609f028d-aef2-454f-ad8e-2e23a5ab560c,2022,e04d239e-9fa8-49b3-b9b7-9e439c3cb1d1,SEVENTEEN,
spotify:track:5wilF6g0r4VpNqQsV8fWKr,Never Make It,Creo,Never Make It,7641044,b69be613-01e1-4a17-acab-9ceeab511489,,754e2a05-7f44-4898-bcfd-64a837a6b05f,Creo,
spotify:track:0n4AllHzf3ma4ki20Y9h00,No Leaf Clover - Live with the SFSO,Metallica,S&M,7632387,,,,,no_match
spotify:track:7B3Vdf5mRnM3CfTVuLKMcd,Brothermanbill,TerribleTim,Terribletim Spreads Love,7626143,,,,,no_match
spotify:track:5mGPuajka7C75r5sFwbN10,Echoes From Nowhere,Aguamenti,Stillness Speaks,7618839,,,,,no_match
spotify:track:3jfZ9M23l0L7RxzYMTgBTv,Looking Out for You,Joy Again,Looking Out for You,7616302,47125aa0-58c2-47d5-a8e9-25d9781b6fac,2015,2123417c-f562-4461-9873-8910ffece5d6,Joy Again,
spotify:track:24Pc46dlvmlLOCWocbNJby,Mercy Mercy,The Rare Occasions,Into The Shallows,7614053,ae88b6b3-8fa6-406b-8c3b-27920ef286f4,2018,37177491-dc86-4536-8ac2-51887ccfa0bb,The Rare Occasions,
spotify:track:02ITwC4ncYoPQp7bZnSkMh,White Noise Calm,Relaxatron,White Noise Calm,7595620,,,,,no_match
spotify:track:0JkTVcN5kilfMztDb3bKZk,Tomorrow,BTS,Skool Luv Affair,7592292,34ad7c0f-6f8f-429a-b7bd-b35a3625ce5c,2014,0d79fe8e-ba27-4859-bb8c-2f255f346853,BTS,
spotify:track:3tFed7YsjGnIfxeLEQwx3R,"Sticky (feat. GloRilla, Sexyy Red & Lil Wayne)","Tyler, The Creator",CHROMAKOPIA,7591354,,,,,no_match
spotify:track:6qWinensb7zhg61J7kRw1R,Kingdoms Will Burn,Russell Brower,World of Warcraft: Legion (Original Game Soundtrack),7589231,5ab822fb-7ebb-46b0-9a2b-791471e46ff7,2016,3c84e93f-94e2-41b7-803d-ecccc61dd2de,Russell Brower,
spotify:track:0mBKv9DkYfQHjdMcw2jdyI,Chunky,Bruno Mars,24K Magic,7585370,b610490e-f477-4445-a508-6e499e217d04,2016,afb680f2-b6eb-4cd7-a70b-a63b25c763d5,Bruno Mars,
spotify:track:3ZoQVbQygzjKMERzQCuUll,Nap Noise,Alpha Noise,Sounds of Serenity,7584016,,,,,no_match
spotify:track:5b2FFKC64kxqcfaFnIZxoM,Get Em High,Kanye West,The College Dropout,7582022,8f3b5fa9-1156-420f-8f97-3406badb0f59,,164f0d73-1234-4e2c-8743-d77bf2191051,Ye,
spotify:track:2zYzyRzz6pRmhPzyfMEC8s,Highway to Hell,AC/DC,Highway to Hell,7581100,f5bc6cc9-83ca-4616-b2c0-65aca3395271,2004,66c662b6-6e2f-4930-8610-912e24c63ed1,AC/DC,
spotify:track:4Hib9DZdiZoRBaUn6SBcUA,Zone In,Selective Sounds TTA,Calm Down Hertz,7573040,,,,,no_match
spotify:track:145tqlcE6YFsjNfxi9K3AE,"LOVE, MONEY, FAME (feat. DJ Khaled)",SEVENTEEN,SEVENTEEN 12th Mini Album 'SPILL THE FEELS',7562400,,,,,no_match
spotify:track:2mNPKvpfSD2KZv9f0s8qQl,No Turning Back - Remastered 2016,Stratovarius,Destiny (Reissue 2016),7554972,5fe58792-0c71-442f-a494-b66b576bd6f4,1998,c3d6fdd5-67c5-453e-87e3-d17a00a52879,Stratovarius,
spotify:track:6JilkMFtcNB0qEPlaPw1ku,Reaper Weekend,Gezebelle Gaburgably,Gaburger,7551887,a06c8c0f-7d92-4ca3-b6f6-a144a6d53562,2023,8d7739bb-ed4f-4015-91a5-11f93b1c94ab,Gezebelle Gaburgably,
spotify:track:7j31rVgGX9Q2blT92VBEA0,Teenagers,My Chemical Romance,The Black Parade,7550590,9252d9f2-e48d-42c3-9ab2-543f8dc49c60,,c07f0676-9143-4217-8a9f-4c26bd636f13,My Chemical Romance,
spotify:track:2T84BDtgg2rXkiCzyGdJXh,Carne,VHS,Carne,7537111,a8120ab1-7929-4f64-a9f5-68ed14b14dd3,2018,520d25e0-e92a-4e59-be47-56a305bb4b0f,VHS,
spotify:track:1Ob4J4MFHI4o8yW1uphlYE,Take On Me,Reel Big Fish,The Best Of Us For The Rest Of Us,7533136,350fa257-01e3-40e6-9c91-b09bb98467e1,2003,5e5480be-eded-44ad-9c45-f6136ec2f5db,Reel Big Fish,
spotify:track:5qbhVL3vB7HwWvb0042B7y,The Heart Part 5,Kendrick Lamar,Mr. Morale & The Big Steppers,7531886,f845d711-724e-432e-b3b7-9a5de25991f2,,381086ea-f511-4aba-bdf9-71c753dc5077,Kendrick Lamar,
spotify:track:1MCYnC24tTK0gtJnfc2ESg,Catching White Noise,XY Clouds,Catching White Noise,7529788,,,,,no_match
spotify:track:7c0H5pm4XvkhYyyxk4Ifm3,Scandinavian Air,Fizzonaut,Scandinavian Air,7527879,,,,,no_match
spotify:track:09t2lW7CV9yWaoEpxTTC9F,bug,saoirse dream,saoirse dream,7517362,75bd287d-3df5-4bbb-a532-c95f3f2e6d65,2024,af0c4afb-8717-4dad-b453-6b015c0d8bdc,saoirse dream,
spotify:track:6PouzZCmnTiMoTTyjEx09Q,One Of A Kind,DUSTY,One Of A Kind,7510048,,,,,no_match
spotify:track:1VrUeEmCs6wGwPkWuEFr09,little person,Matt Maltese,madhouse,7504638,27a3e178-06a1-4db5-bf9d-2887ebef5f74,2020,b27d089c-6b08-4067-9293-406cebde0374,Matt Maltese,
spotify:track:0SSBFh1Xmzu4IvSIJNEYmV,Night Raid with a Dragon,Camellia,Blackmagik Blazing,7503249,,,,,no_match
spotify:track:2fgAJeky8Cpsr8Cfvn2NVp,untitled 03 | 05.28.2013.,Kendrick Lamar,untitled unmastered.,7497127,996edb01-0616-4f19-b062-5168bde4bbd5,2016,381086ea-f511-4aba-bdf9-71c753dc5077,Kendrick Lamar,
spotify:track:6vNSgnLXJXCGulVmrU2Ngg,Brittle Bones Nicky 2,Rare Americans,Rare Americans 2,7486535,0172b77f-c63a-4316-b3eb-edba9b60e2da,2021,78fcc713-214b-4f04-a84e-af800e2d34ba,Rare Americans,
spotify:track:7kaFsQygyiCqRboWCXztxZ,Do It Like That,TOMORROW X TOGETHER,Do It Like That,7485414,0d3c8a5f-278b-47cd-8f9b-8b2938e952f0,,9d027d72-790e-40ec-bbb7-61aa613457de,TOMORROW X TOGETHER,
spotify:track:5VsZwt7AyePLXFrlHhMvoI,Freefall (feat. Oliver Tree),Whethan,Freefall (feat. Oliver Tree),7479281,,,,,no_match
spotify:track:2LTlO3NuNVN70lp2ZbVswF,FEEL.,Kendrick Lamar,DAMN.,7466642,194b7699-71d0-4064-9ac7-bff3735a4b03,2017,381086ea-f511-4aba-bdf9-71c753dc5077,Kendrick Lamar,
spotify:track:2sVtrcj32v3fR8mLjqWziv,Sherlock (Clue + Note),SHINee,Sherlock - The 4th Mini Album,7453659,9b3710a5-d61e-4e61-a3cf-4bea6957afcd,2018,70e5098b-c4ae-4cd7-9799-3c1b9b57c753,SHINee,
spotify:track:23UoI3jlFiWdo5jadUYo69,Bulls In The Bronx,Pierce The Veil,Collide With The Sky,7439318,a10dff27-3cf2-4703-ab23-31116f69a044,2013,8ed919fb-eaee-45a1-ba99-b3ede9ca5f1d,Pierce the Veil,
spotify:track:1unaFsNuBizFWSv9zJ6Lyv,White Noise Theme,Enhanced Audio,White Noise Theme,7438016,,,,,no_match
spotify:track:5Ps6yt0FmXilnOeq1Djg9O,No Strings Attached,Swingrowers,Outsidein,7422399,738bc789-0291-40d8-b0b9-4bc13ef65d6c,2018,3c011436-48f6-4f9a-8930-8430afdfd328,Swingrowers,
spotify:track:32yMMKHYAHurmRasdJPfTb,Chocolate,Jesse & Joy,Electricidad,7421164,1a9fe971-110a-4240-a48d-fe03d53cab11,2009,64b85e52-08db-4995-a6e3-d2a6acc5a058,Jesse & Joy,
spotify:track:6IU1Kudk9VqYfQa4vy2AX8,Guerra Lenta,Caramelos De Cianuro,Flor De Fuego,7419631,452d09ad-238c-48b4-b833-aab4601fe46e,2006,3ee62edc-3521-4c39-89ce-081aafa79c00,Caramelos de Cianuro,
spotify:track:43xqZEtdM1Keyma9cy3rjQ,There Is No Mathematics To Love And Loss,Anberlin,Cities,7416831,eee23de6-8d27-4b55-90c0-49865edc51d9,2021,c648509e-9916-4c56-ab63-652a03da16dd,Anberlin,
spotify:track:2DHNCWZYmVr1Lv08q5b0kB,Roses,Kanye West,Late Registration,7399583,bf91133f-e0cd-4b0f-a940-ba7be12b75b9,2005,164f0d73-1234-4e2c-8743-d77bf2191051,Ye,
spotify:track:2dgrYdgguVZKeCsrVb9XEs,What's the Use?,Mac Miller,Swimming,7399471,107e8b2d-4bb6-4286-9572-9451918ff664,,a0e8a1b1-5f8f-475a-a253-17415c17d0ff,Mac Miller,
spotify:track:0jdny0dhgjUwoIp5GkqEaA,Praying,Kesha,Rainbow,7399334,7f76b5ed-232f-4f30-b0c3-2f33112e206c,2017,fab34286-b8e1-4879-bce3-194e1358fbd2,Kesha,
spotify:track:5dfMZKLa5AmXmsMmkQgu0t,Keep Your Distance,Ameer Vann,Keep Your Distance,7394352,13a03b3d-33d4-4bd8-b235-ea121fd9737a,2020,10299fc6-ace5-4c3c-bec9-0e12dd141d9e,Ameer Vann,
spotify:track:2ru8dFIqepHbdYj4fuFGtl,BLISS AND STUPIDITY,Black Dresses,Peaceful as Hell,7392338,766d2faf-a013-437b-94e5-4fdf117f25fe,2020,c5b2a3ca-4a5e-4ce2-a45a-ef69d909a498,Black Dresses,
spotify:track:2uvTqA4hY5Tsqgeu6iTTO2,Freaking Out,The Wrecks,Infinitely Ordinary,7385190,9c5013ea-1f5e-4470-8c1b-c6764fb47bd4,2019,3f194516-6f0d-4d26-b631-71117f3bc41d,The Wrecks,
spotify:track:0mDQqx2jS7Da0kok7oUiiJ,Pause The Noise,Deep Horizon Waves,Oblivious Noise,7375831,f7096fcb-323e-4c92-a110-60947fc1996a,2021,755b2396-01e7-4db0-bac5-3be58965aa20,Deep Horizon Waves,
spotify:track:2OMqSRS11ly56zg9u5za6c,Still Waiting,Sum 41,Does This Look Infected?,7371276,a1b506ea-7f6b-493e-afad-7014f6120ea8,2003,f2eef649-a6d5-4114-afba-e50ab26254d2,Sum 41,
spotify:track:5TXDeTFVRVY7Cvt0Dw4vWW,Revenge,XXXTENTACION,17,7361129,1b53241e-5233-4be1-947b-2106fcadc89c,2017,61af87f4-16ee-4431-8504-cc06187079fb,XXXTENTACION,
spotify:track:1qOGac4gI48XN0JNl03Qt9,Outlaw,Creo,Outlaw,7360097,50ffae06-205e-4454-aebf-2f2a346be83d,2018,754e2a05-7f44-4898-bcfd-64a837a6b05f,Creo,
spotify:track:3fH4KjXFYMmljxrcGrbPj9,Don't You (Forget About Me),Simple Minds,Once Upon A Time,7355651,35858c5f-13d0-4c44-a033-bf15d4ca6d56,1998,f41490ce-fe39-435d-86c0-ab5ce098b423,Simple Minds,
spotify:track:0nwTMzpatarzvLvtwwzdCt,Thunderous,Stray Kids,NOEASY,7353385,34a35bcc-eef5-41d7-876f-7f91f77465c6,2021,142b343d-bf5a-428c-a64f-6d1a7566bbe9,Stray Kids,
spotify:track:0qaFcuTx3BEEu4ZSaKCfiu,The Deep White,Taekoma,The Deep White,7351500,,,,,no_match
spotify:track:4TcUrupOgbkEf6J4dGRWZY,Out of Ordinary,Oliver Tree,Out of Ordinary,7348379,4fcb2de0-cedf-4452-9a61-f6503d821f56,2021,1fa3bded-908f-47be-9784-3c9ef850682b,Oliver Tree,
spotify:track:5ocSQW5sIUIOFojwXEz9Ki,Supernatural,NewJeans,Supernatural,7340167,b8526072-3a60-426b-850c-5a9fb2257dbf,2024,49204a7a-ed85-407a-828f-6fd46f1d8126,NewJeans,
spotify:track:5sdQOyqq2IDhvmx2lHOpwd,Super Shy,NewJeans,NewJeans 'Super Shy',7326410,d4e6c885-3533-499c-abcb-169a5db174c7,,49204a7a-ed85-407a-828f-6fd46f1d8126,NewJeans,
spotify:track:5LvQxdpf7SPx0ZkpkftwwN,Terrapin,Ben Beal,Don't Feed the Birds,7323817,f88b4a8f-3252-4539-9697-2142895fe4ad,2020,921ab387-f3b5-4392-8583-adfff42aff23,Ben Beal,
spotify:track:5S8VwnB4sLi6W0lYTWYylu,hey now (feat. dody6),Kendrick Lamar,GNX,7323550,,,,,no_match
spotify:track:5Dz1lxtIg3Z9Nnm7Mnk5b5,NIGHTSTAND,KXLLSWXTCH,DISORDER,7318437,0a84142c-a286-4e09-bdad-16714c810993,2021,7d577034-18d3-4066-85c7-157d3bcce6b5,Kxllswxtch,
spotify:track:1QoyuMHNBe7lg3YW4Qtll4,St. Chroma (feat. Daniel Caesar),"Tyler, The Creator",CHROMAKOPIA,7310194,,,,,no_match
spotify:track:1sM1cTedFQCsxzLIm5oJYb,White Noise Slumber,Jim Efforts,The Wavy White Noise,7309891,,,,,no_match
spotify:track:6PbKci69DtLKqooe9FGbQZ,The Pylons,Sugs,The Pylons,7291938,30d296eb-2e95-4c9a-96eb-7cfcf79bda5f,2021,8623a957-7d28-499e-9485-aa9374159887,Sugs,
spotify:track:0kEZlJh4mK1QRfb3CT5LPk,Kill Yourself (Part III),$uicideboy$,My Liver Will Handle What My Heart Can't,7288580,e443b3af-f3a6-4a38-a0ed-bc0197934fbd,2015,ef326b3d-61f0-4379-aca0-21237d696d63,$uicideboy$,
spotify:track:3ViTZxW9satrTEMRu1GCLV,Spiders,Slipknot,We Are Not Your Kind,7281867,c42050fa-a85c-4d61-8844-711fa84a1336,2019,a466c2a2-6517-42fb-a160-1087c3bafd9f,Slipknot,
spotify:track:3v6SdZsS8zR6Go257tldbB,SMUCKERS (feat. Lil Wayne & Kanye West),"Tyler, The Creator",Cherry Bomb + Instrumentals,7281155,,,,,no_match
spotify:track:2aYHxnMF2umAavtgBvmkY1,Thought I Was Dead (feat. ScHoolboy Q & Santigold),"Tyler, The Creator",CHROMAKOPIA,7280023,,,,,no_match
spotify:track:3fzhpLNMFSey1z987S7F15,Ruido Blanco Por La Mañana,Vizzionz,Ruido Blanco Por La Manana,7280010,,,,,no_match
spotify:track:6klFWv2xDGeTDoiKTtx4hg,Everyone Adores You (at least I do),Matt Maltese,Good Morning It's Now Tomorrow,7275164,71cf610c-1948-4a2d-8e94-87212d85c09f,2021,b27d089c-6b08-4067-9293-406cebde0374,Matt Maltese,
spotify:track:1Jmqubf9kGkWeYQXQKImL5,People Are Strange,The Doors,Strange Days,7272685,d5caa37b-48ee-49a8-b18d-397ed4fa4fde,2000,9efff43b-3b29-4082-824e-bc82f646f93d,The Doors,
spotify:track:2YoK3Ug8SAEnMkwPXvK1HD,god knows i could tear us apart,saoirse dream,saoirse dream,7272463,50ba3a12-286f-4af7-b92b-2f31de5f52f3,2024,af0c4afb-8717-4dad-b453-6b015c0d8bdc,saoirse dream,
spotify:track:50yqgMpBLVqqKJsSxcFfbE,Boy Comics,Xdinary Heroes,Open ♭eta v6.1,7269389,,,,,no_match
spotify:track:0Ktg4Qp4RHMfEcVWAs80NB,HEARTSTICKY!,Cemetery Drive,HEARTSTICKY!,7267170,dbf053d4-fb37-4a12-9ab9-1b9259c18f9c,2021,58ec903d-f1f4-42cb-9d94-174fbdf32f74,Cemetery Drive,
spotify:track:4BSR9I4ExlCJdXJo2GpBD5,Take Your Mask Off (feat. Daniel Caesar & LaToiya Williams),"Tyler, The Creator",CHROMAKOPIA,7255594,,,,,no_match
spotify:track:4vCG26vd7hzGdLq84pl1tf,Nomadic,Slipknot,.5: The Gray Chapter,7240163,7672bf7d-035d-4567-91f3-6e1c40e1ece2,2014,a466c2a2-6517-42fb-a160-1087c3bafd9f,Slipknot,
spotify:track:6eDfe957aV4sqGnDhlSikJ,Drive Safe,Rich Brian,The Sailor,7236883,2be6f521-c4c3-44d7-bce4-291163820a1e,2019,49d67664-6962-4f69-adc4-f52208c78dd2,Rich Brian,
spotify:track:1ZGOCNA6FyUWENWHYhjEzl,My Pain,Slipknot,We Are Not Your Kind,7230530,783cc235-9084-44be-870a-ba0e5b4258b9,2019,a466c2a2-6517-42fb-a160-1087c3bafd9f,Slipknot,
spotify:track:1dvOwoHwZB9SwvRw2Gv3nz,To Binge (feat. Little Dragon),Gorillaz,Plastic Beach,7228913,,,,,no_match
spotify:track:5gLqCEQLokLFPNntARBsag,obsessed (user covr <3),User-177606669,"Despite Everything, It's Still User",7220498,,,,,no_match
spotify:track:11H4Lf2KEsLQmTLfYmwhQR,IM A FREAK CUZ IM ALWAYS FREAKED OUT,Black Dresses,Peaceful as Hell,7216008,fe3b3d9a-b0d3-4ffa-abf0-3c3b5e331140,2020,c5b2a3ca-4a5e-4ce2-a45a-ef69d909a498,Black Dresses,
spotify:track:089PFeXotzDLNQz9NCk6pF,No More Dream,BTS,2 Cool 4 Skool,7214915,2da0d7f3-787f-44ee-b81e-5a7d68ba88a4,2013,0d79fe8e-ba27-4859-bb8c-2f255f346853,BTS,
spotify:track:4pU7rgTDiVrCGwFhM4u3Rm,Doze Off,Static Harmony,Doze Off,7214038,,,,,no_match
spotify:track:1OOtq8tRnDM8kG2gqUPjAj,Beat It,Michael Jackson,Thriller 25 Super Deluxe Edition,7213787,8c6b46ae-351a-485e-86e8-743c410824f3,1992,f27ec8db-af05-4f36-916e-3d57f91ecf5e,Michael Jackson,
spotify:track:62wtttQzoIA9HnNmGVd9Yq,Two Words,Kanye West,The College Dropout,7210508,bb3107a1-aa02-43b2-8bf5-8b0328095cdd,2005,164f0d73-1234-4e2c-8743-d77bf2191051,Ye,
spotify:track:7DEKa5Z7Cl8s3Y7imb88OM,The Truth Untold (feat. Steve Aoki),BTS,Love Yourself 轉 'Tear',7209577,,,,,no_match
spotify:track:799f6Ih1Pu4AUApMyXhxUc,Bonfire,Childish Gambino,Camp,7206882,8c18221a-becb-44d1-b23c-3d5e2b369b2e,2011,7fb57fba-a6ef-44c2-abab-2fa3bdee607e,Childish Gambino,
spotify:track:4tJAU2kX083drQqhOzPSAQ,Artemecia,Mr.Tree,Splitting,7204515,,,,,no_match
spotify:track:1wYZZtamWTQAoj8B812uKQ,Here,Alessia Cara,Know-It-All,7202383,0d149b10-d2a5-4967-9c78-a0303549e425,2016,97e69730-3791-423b-9770-287261588854,Alessia Cara,
spotify:track:6S0RDUDISN61Us3Xr2wYFv,Knee-Deep in the Dead [At Doom's Gate E1M1] (DooM),Daniel Tidwell,Versus Video Games 3,7198169,,,,,no_match
spotify:track:5Wdp9jmSOnwnqNaus5hnTT,Over The Clouds White Noise,Synthetic Architect,Over The Clouds White Noise,7192754,,,,,no_match
spotify:track:3PUnku87booODLtX6VVHwN,Soda,Nothing But Thieves,Broken Machine (Deluxe),7190471,8aac87e3-fb1b-428c-9eba-41c6c2957241,2017,7e2e4e3a-4e85-4d5a-b78e-5e4afd467a3e,Nothing But Thieves,
spotify:track:2gZUPNdnz5Y45eiGxpHGSc,POWER,Kanye West,My Beautiful Dark Twisted Fantasy,7189875,8120ca03-dd0b-4d26-a6e1-7e70acbde74a,2024,164f0d73-1234-4e2c-8743-d77bf2191051,Ye,
spotify:track:00wTgWOnpWPlTvFsAkZBme,Blue Heart,IVE,IVE SWITCH,7184836,df7aab9e-f9de-4ae0-ba61-ee12fed78a5f,2024,b2f2216a-d7a9-4ce0-8b8f-f494d9a8c196,IVE,
spotify:track:7FXj7Qg3YorUxdrzvrcY25,Fly Me To The Moon - 2008 Remastered,Frank Sinatra,Nothing But The Best,7178234,,,,,no_match
spotify:track:4oKIBC6p9UF0ZshZxnmX11,Gundabad,Jay Joseph,Gundabad,7172054,5ea02e67-fb5e-4c49-a57d-19ef69c7376e,2021,1ef116e4-1f6e-47b8-839d-30f7fdf9df9b,Jay Joseph,
spotify:track:4LpUpiYoZ2M3Z1kmhn4EQo,Still Beating,Mac DeMarco,This Old Dog,7162129,cb85b719-144e-4bf8-8bee-c5fa57ee30b1,2017,f2492c31-54a8-4347-a1fc-f81f72873bbf,Mac DeMarco,
spotify:track:27bIik73QCu8Xzt3xpG1bI,Candy,NCT DREAM,Candy - Winter Special Mini Album,7146463,68af4e3f-89eb-41b4-a4ac-668a11d84173,2022,dc7c8277-d4b6-4bca-bdfe-50eee42536ac,NCT DREAM,
spotify:track:43mnNatwMMydJ4CxMdQVnJ,"Farewell, Neverland",TOMORROW X TOGETHER,The Name Chapter: TEMPTATION,7141808,4f0002d4-4757-42d6-9377-0132931c0db9,2023,9d027d72-790e-40ec-bbb7-61aa613457de,TOMORROW X TOGETHER,
spotify:track:0I1eFRytp4XRhLCjT6tZm7,I Can't Handle Change,Roar,I Can't Handle Change,7137105,23677c24-d1bf-4579-ab46-09446c1e348c,2010,18de31c0-5c6e-4fa5-89e7-456012fbf7e9,ROAR,
spotify:track:1ExfPZEiahqhLyajhybFeS,The Lazy Song,Bruno Mars,Doo-Wops & Hooligans,7135084,041b2830-8096-4744-9ef7-5812a6d95ab7,2011,afb680f2-b6eb-4cd7-a70b-a63b25c763d5,Bruno Mars,
spotify:track:75ode1strBzY1PmksSEWvz,Wavy Gravy,Okey Dokey,"Love You, Mean It",7133107,49850b95-0440-4af7-b433-c90cd315ab35,2016,e43d0728-df9e-4c26-ac3b-a98a91e2f314,Okey Dokey,
spotify:track:7MBSbBrx0TvBYyKEcpGcJb,Sweet Marie,The Walters,Young Men,7126060,83b361ab-910c-4153-a7b1-713fece3f7f3,2015,61cdb045-7f89-4eb1-b3ed-35db94d9ab99,The Walters,
spotify:track:7efOZRH7Zu4oCvQwZ8ppIq,Fuori Zona,Molecualar Binary,Fuori Zona,7121885,740292a8-7be3-4c78-b890-a99e534aa4e2,2022,741666ad-cee4-43ce-bca8-70e9a42139b5,Molecualar Binary,
spotify:track:0t89zjm5vxQCuW4jkOfT93,Terrapin,Ben Beal,Don't Feed the Birds,7112733,f88b4a8f-3252-4539-9697-2142895fe4ad,2020,921ab387-f3b5-4392-8583-adfff42aff23,Ben Beal,
spotify:track:73wCXKPj8RcLRaCo82tJgm,Fountains From Wonderland,Skiez,Fountains From Wonderland,7100161,,,,,no_match
spotify:track:41ZPPTp7Hj9Bhy361OKtfK,Mystery,Matt Maltese,Good Morning It's Now Tomorrow,7097264,649623f7-1d57-480b-8631-047e16263ba3,2021,b27d089c-6b08-4067-9293-406cebde0374,Matt Maltese,
spotify:track:3BKp3p9HF9nMP4CcSsOBAf,Picture Frames,rei brown,raybaboon,7090068,,,,,<urlopen error timed out>
spotify:track:730Nt9NnPQ5tComIwFCVOw,Sleepy Whites,Trap Of Sounds,Soothing Noise,7080098,,,,,no_match
spotify:track:2iCnOTsu6UPuKGfATR4BdP,LEFT ARM OF LIFE,Black Dresses,Peaceful as Hell,7075208,6a9359e1-2cc2-4453-b3a4-b7482a062c26,2020,c5b2a3ca-4a5e-4ce2-a45a-ef69d909a498,Black Dresses,
spotify:track:5g9KoHDyxATo61JvDagr7M,Tall Buildings,Matt Maltese,Krystal,7066867,803cb547-a2e0-49fe-8e65-148c3aa4531d,2019,b27d089c-6b08-4067-9293-406cebde0374,Matt Maltese,
spotify:track:3x0EoMEp16dyEcraUR1beL,Focus Waves,Jaded Birds,Focus Waves,7056008,,,,,no_match
spotify:track:1HmzAZUvhQLhLo2z3ocpZI,Radio Ga Ga - Remastered 2011,Queen,The Works - Deluxe Remastered Version,7053061,ee8cf198-b502-413b-8cbe-7a8148cb1a3e,1992,0383dadf-2a4e-4d10-a46a-e9e041da8eb3,Queen,
spotify:track:6sEeaMuuF5xx6xHGMUWdot,White Noise Lullaby,Day Nappers,Sheets of White Noise,7050972,,,,,no_match
spotify:track:4E5rL7YL0hVUPqeMSpjEF2,Yesterday - Remastered 2015,The Beatles,1,7049499,796d226c-0018-47c4-8f52-98b9d147536f,1996,b10bbbfc-cf9e-42e0-be17-e2c3e1d2600d,The Beatles,
spotify:track:6XnY3gVL4HXpzJV8vEKCvp,White Noise for Babies,Noise Chillantro,White Noise Waves,7039629,,,,,no_match
spotify:track:59hBR0BCtJsfIbV9VzCVAp,Set Me Free Pt.2,Jimin,Set Me Free Pt.2,7035851,535500b8-8d11-4a8a-ac88-72da6d3069f0,2023,d2582c77-6b0f-4b2f-802f-8f3cad1a5fec,Jimin,
spotify:track:2tJulUYLDKOg9XrtVkMgcJ,Grenade,Bruno Mars,Doo-Wops & Hooligans,7031849,4d3d4006-8571-404f-8044-5ac12fc0709f,2011,afb680f2-b6eb-4cd7-a70b-a63b25c763d5,Bruno Mars,
spotify:track:1w6b63TmaXFk1jhPOY0FkY,Do not touch,MISAMO,Do not touch,7025192,9ed59ae3-7a2b-4d62-9680-bc7b69ef801d,2023,e148e786-f078-49e2-a9fb-fd044bd68905,MISAMO,
spotify:track:0tJOyDhgMffaHniH0GXxSK,Steady White Noise,Inscription,Steady White Noise EP,7022189,,,,,no_match
spotify:track:7rx73Y7UB1gy6bOLqJvsRe,200,MARK,200,7018968,87d8c393-bec1-447c-b5ae-2f1dc9d9daab,2024,1d673024-a339-4b97-9f41-52cdc47498c6,MARK,
spotify:track:50JPMi1xBBgSEVEmoawxkf,The Beauty of the Present Moment,samlrc,A Lonely Sinner,7005580,fe82f163-619b-4925-9f75-27e5cdfc6126,2024,c9b8053b-e81d-486c-b117-dc15bd3bb604,samlrc,
spotify:track:7dD3etWhKwTaEwy0VinwAY,White Serenity,Deepnoum,White Dreams,6988379,7dc5e52f-1cf5-407f-bae8-ba3ee5123c8d,2023,7c889907-5c9f-4441-bdeb-4cf78b1e9e32,Deepnoum,
spotify:track:6oVFpdtDzSgRLv8rUgFVUW,Lone,"Tyler, The Creator",Wolf,6987630,709e360c-4053-4dad-a02c-a7314ffee8eb,2013,f6beac20-5dfe-4d1f-ae02-0b0a740aafd6,"Tyler, The Creator",
spotify:track:1xdJg7JZW9qf8ea0aHzWqL,Lamb Theme,samlrc,A Lonely Sinner,6987310,646433aa-99b7-4ac1-a60b-e6384f03f0f6,2024,c9b8053b-e81d-486c-b117-dc15bd3bb604,samlrc,
spotify:track:0XymKofC03Psmdmjj8PnY3,Noise Waterfalls,Misa Bee,Noise Waterfalls,6987014,,,,,no_match
spotify:track:4PHAHCAJJx997egFWiqx0P,pg baby - Remix,redveil,pg baby - Remix,6976073,be9a98d5-592c-46e4-95fd-bec1d053f9d5,2022,f76307c7-b9da-45ce-99e7-49181dd43e47,redveil,
spotify:track:2m3nqd70klWytX8tQmKTzR,Reverie White Noise,Biologique,Beautiful White Noise,6973153,,,,,no_match
spotify:track:6Jtn48XLCtq3aVsqfmZ7g6,The Path Of The Tushui,Russell Brower,World of Warcraft: Mists of Pandaria Soundtrack,6965042,2c00dabf-d72d-4d00-8581-155c55ccec93,2012,3c84e93f-94e2-41b7-803d-ecccc61dd2de,Russell Brower,
spotify:track:3a9Qmzy2dqZsa8QAggkioN,MONDAY,Quadeca,"Vanisher, Horizon Scraper",6964579,fe81cf67-2398-49b9-8a5a-354a6b928d39,2025,3a4024dc-cc62-4d9b-8bed-c22426136a52,Quadeca,
spotify:track:6Vc5wAMmXdKIAM7WUoEb7N,Say Something,A Great Big World,Is There Anybody Out There?,6960843,14c962b3-f0c3-4584-a749-19d4507fcd0f,2018,6958e806-1e14-4844-a0a7-07a27756aa0f,A Great Big World,
spotify:track:60b6B2ULC85t4Y5IjZvP7A,Tamale,"Tyler, The Creator",Wolf,6954703,44b559a1-9ce7-4ae0-9140-677fece37301,2013,f6beac20-5dfe-4d1f-ae02-0b0a740aafd6,"Tyler, The Creator",
spotify:track:5tFkeXbut9UEYCRO6ngFb6,Happy Death Day,Xdinary Heroes,Happy Death Day,6945381,1f17f6ac-6d28-46db-a262-6e6aa61e21ed,2021,d95a463f-e7d3-4c97-98ba-57f75cb4fda2,Xdinary Heroes,
spotify:track:4gZGAVECoiutzp64KSHNjE,MIC Drop,BTS,Love Yourself 承 'Her',6941998,642eae84-6fb4-4738-8490-022b1bebc429,2014,0d79fe8e-ba27-4859-bb8c-2f255f346853,BTS,
spotify:track:5ruzrDWcT0vuJIOMW7gMnW,The Adults Are Talking,The Strokes,The New Abnormal,6896802,6e667b69-d824-4580-8921-56e2a8ddcaf9,,f181961b-20f7-459e-89de-920ef03c7ed0,The Strokes,
spotify:track:6t7WriKgVszATnrdBKSUAf,Just One Day,BTS,Skool Luv Affair,6881415,8c498e50-16ca-4a76-a51b-a63ca3a02161,2014,0d79fe8e-ba27-4859-bb8c-2f255f346853,BTS,
spotify:track:6dwkUG6XuuBClWEuVjinz6,Defenders of Azeroth,Neal Acree,World of Warcraft: Cataclysm Original Soundtrack,6869845,0341ff9e-0c17-40b8-976d-857210169abb,2010,6647af6b-8ea2-48bd-9d24-a8c478ed45ce,Neal Acree,
spotify:track:2OaPyH3JLuft6iuNFHFJl0,"Trashwang (feat. Na-Kel Smith, Jasper Dolphin, Lucas, L-Boy, Taco, Left Brain & Lee Spielman)","Tyler, The Creator",Wolf,6869806,156f627d-a90d-4f10-9204-b431405b5cc4,2013,f6beac20-5dfe-4d1f-ae02-0b0a740aafd6,"Tyler, The Creator",
spotify:track:1sRHSTwu0bdXCAOoRT2Kl4,Balmoral Hotel,Rare Americans,Rare Americans,6869126,e78ef109-7678-4d5c-8bba-6034c3bdbf5c,2022,78fcc713-214b-4f04-a84e-af800e2d34ba,Rare Americans,
spotify:track:66sCxW9FxEbL0gQzeMVg4G,Fan,Dream Shard,Baby Sleep Pink Noise,6856881,,,,,no_match
spotify:track:7DqTiksMnzXDEb3WPh2VVC,Smooth White Noise,Focus Finders,Smooth White Noise,6856760,,,,,no_match
spotify:track:10BpvV0IRrd7D0gtHrBTN2,Rubia Sol Morena Luna,Caramelos De Cianuro,Caramelos de Cianuro,6849412,6d714969-43c6-4274-a8e9-49417e7a077e,2010,3ee62edc-3521-4c39-89ce-081aafa79c00,Caramelos de Cianuro,
spotify:track:4jXl6VtkFFKIt3ycUQc5LT,Circles,Mac Miller,Circles,6845753,5d3bf64f-17d9-4e67-82f7-32e3f67aa9ab,2020,a0e8a1b1-5f8f-475a-a253-17415c17d0ff,Mac Miller,
spotify:track:35CL23NpSaz8lM9CVvg8Oq,THAT'S WHY,Quadeca,"Vanisher, Horizon Scraper",6833134,5b986154-29b6-4f83-a35c-be7a342869f1,2025,3a4024dc-cc62-4d9b-8bed-c22426136a52,Quadeca,
spotify:track:5M0j0DvBgr65ucv46jxkzE,Viva La Vida,David Garrett,Music,6832459,21b037bb-1d91-4bb6-85a4-16cbee9e720b,2012,88be1fb5-0112-4549-9608-526591c7f415,David Garrett,
spotify:track:2ETVDjAaPKXu0YTiiMfBzk,"1,000 Years in the Sea",Rav,Beneath the Toxic Jungle,6830416,bf428b39-af71-48de-8425-f7cb87205d15,2015,dd2ae026-4144-4ee3-a7b4-09434a465c34,Rav,
spotify:track:47GTjjYT0NgsS7azPR67dH,Destiny - Remastered 2016,Stratovarius,Destiny (Reissue 2016),6826874,d996e520-4bea-4d09-ad8a-c562c27b4328,1998,c3d6fdd5-67c5-453e-87e3-d17a00a52879,Stratovarius,
spotify:track:3x1BtwpOBgsXVPHG6nSkpm,WHAT KINDA RAPPIN' IS THIS? - OFFLINE,JPEGMAFIA,OFFLINE!,6824628,,,,,no_match
spotify:track:0kIpcu3DQacQObHVyra9Jx,'39 - Remastered 2011,Queen,A Night At The Opera,6824063,8344b380-1dbe-4987-93ae-d4e19a94efe4,1977,0383dadf-2a4e-4d10-a46a-e9e041da8eb3,Queen,
spotify:track:7gyYjuFYMqe6newbb6wKEI,White Noise - 70 Hz Cut,Inscription,Dream Hunting,6820913,,,,,no_match
spotify:track:5RjbFGeWVsCpw8EcE8OrvZ,Gone,Kanye West,Late Registration,6801376,304005df-253b-4dbe-a57b-674f51fedf7f,2013,164f0d73-1234-4e2c-8743-d77bf2191051,Ye,
spotify:track:6k67RdkVjTZj79c1cRz7IQ,WONDERLAND,ATEEZ,TREASURE EP.FIN : All To Action,6793420,f79ff8dc-c44e-4e43-b498-74a04fd4a2a7,2019,cf0dbc16-4e24-4957-b5b4-955c8978f690,ATEEZ,
spotify:track:5Rs9vGkDAYsrPyn9fCG1Df,Highmountain,Glenn Stafford,World of Warcraft: Legion (Original Game Soundtrack),6793267,08103e8e-b510-46f4-a4cd-b4b45fc16dce,2016,2465d7da-7da3-42ea-8440-e701775d856b,Glenn Stafford,
spotify:track:5HbKNT3keqFwtFNqhzMV9J,Shiver,False Noise,Shiver,6790178,e6d66b1f-6b02-4239-9b93-2fd8d871e338,2018,64e632fa-7f23-4b05-b178-572086f80b73,False Noise,
spotify:track:7ujzo30mU9xLCzl8E3O02q,Verónica,Caramelos De Cianuro,Interstellar,6785875,cf870a3e-f199-425e-bcad-e137b784c268,2019,3ee62edc-3521-4c39-89ce-081aafa79c00,Caramelos de Cianuro,
spotify:track:0WSa1sucoNRcEeULlZVQXj,Can You Feel My Heart,Bring Me The Horizon,Sempiternal,6785535,b44bd79d-e3e4-4444-b77a-2914f2418665,2015,074e3847-f67f-49f9-81f1-8c8cea147e8e,Bring Me the Horizon,
spotify:track:6O734u9qnz6B4gWMyszWhi,Silver Spoon,BTS,The Most Beautiful Moment in Life Pt.2,6779134,31209355-cec7-4ad1-a525-9953f9c8b9f2,,0d79fe8e-ba27-4859-bb8c-2f255f346853,BTS,
spotify:track:6yIjtVtnOBeC8SwdVHzAuF,Heard 'Em Say,Kanye West,Late Registration,6777085,838db018-12ee-4d53-828f-304769f1933d,,164f0d73-1234-4e2c-8743-d77bf2191051,Ye,
spotify:track:7r8aFgJzUbqpApUNmzV5yY,Growing Pain,TOMORROW X TOGETHER,The Name Chapter: FREEFALL,6752765,f0c2e7e5-59ce-4f60-9c80-cd6bef18c0e6,2023,9d027d72-790e-40ec-bbb7-61aa613457de,TOMORROW X TOGETHER,
spotify:track:5nT35ED3QmCiSzzMl78BaT,Cinnamon Girl - Sun Dub Edit,[dunkelbunt],Cinnamon Girl,6750436,,,,,no_match
spotify:track:1uY1X8YeBixs1FdQ3fQ7d4,Auntie Diaries,Kendrick Lamar,Mr. Morale & The Big Steppers,6749132,0a90a4c8-09ea-4ca2-a754-5a655bdb220f,2022,381086ea-f511-4aba-bdf9-71c753dc5077,Kendrick Lamar,
spotify:track:2KfLH77WUxnPq28o3SZsFp,Lean Noise,Factorial FX,Lean Noise,6726516,,,,,no_match
spotify:track:5cc9Zbfp9u10sfJeKZ3h16,3005,Childish Gambino,Because the Internet,6725771,ee292c70-30b7-4093-b9b1-4cf19163fb3f,2014,7fb57fba-a6ef-44c2-abab-2fa3bdee607e,Childish Gambino,
spotify:track:5KaR60ue2myx5Y1ImL0STA,Come on Feel the Noise,Snake Wind,Come on Feel the Noise,6724287,,,,,no_match
spotify:track:0LRrtw1MFASb7tgyHqVXnh,The New National Anthem,Pierce The Veil,Selfish Machines,6721296,dc866ccb-9380-4b35-a330-c28f4fed56ad,2013,8ed919fb-eaee-45a1-ba99-b3ede9ca5f1d,Pierce the Veil,
spotify:track:0lXJL0unztXDdIOXu5xCML,RUNITUP (feat. Teezo Touchdown),"Tyler, The Creator",CALL ME IF YOU GET LOST: The Estate Sale,6717971,,,,,no_match
spotify:track:3lqIHMPvL6ef6t2xKD8ZVH,MASSA,"Tyler, The Creator",CALL ME IF YOU GET LOST: The Estate Sale,6712635,a88723c1-32d4-45bc-951c-3fa075f67114,2021,f6beac20-5dfe-4d1f-ae02-0b0a740aafd6,"Tyler, The Creator",
spotify:track:0QsZ3W21xNvnUnUMbiAY4z,spy?,WHOKILLEDXIX,19,6699199,41030e09-44b9-41f6-9482-4c1284967eaf,2020,a8f890d7-2763-438e-8548-747c47e8e136,WHOKILLEDXIX,
spotify:track:2XgTw2co6xv95TmKpMcL70,Square Hammer,Ghost,Meliora,6695281,dc8ecac2-32d1-4390-93dc-11ede6117b36,2016,2bcf2e02-5bc3-4c76-bf76-41126cb11444,Ghost,
spotify:track:3DgC6dMvMSU72n4D3SSPMF,W-Noise FX,FX Soundtrap,Calmed By The White Noise,6689036,,,,,no_match
spotify:track:0aYUqsvZG7bAslrUkd9Z0g,Hello,Evanescence,Fallen,6678857,0a148dd3-d50d-40bb-b920-46be5ba4ff4a,,f4a31f0a-51dd-4fa7-986d-3095c40c5ed9,Evanescence,
spotify:track:7rbECVPkY5UODxoOUVKZnA,I Wonder,Kanye West,Graduation,6676233,b3a7eae7-1515-45ae-8ca1-ee05544e8965,2007,164f0d73-1234-4e2c-8743-d77bf2191051,Ye,
spotify:track:78Ii0NNdsL7wSQbYE50kAk,Chant,Hadestown Original Broadway Company,Hadestown (Original Broadway Cast Recording),6675365,,,,,wrong_artist
spotify:track:2sR1e5YFAvXVN6EiIwR2is,Nuts,RM,"Right Place, Wrong Person",6673541,602c5a16-5ede-439e-85e9-c22fa4c4e512,2024,58f1e354-ecbc-4fd3-aa25-97eb1d9bd8b9,RM,
spotify:track:4RXpgGM7A4Hg7cFBoH5KyF,Hey Brother,Avicii,True,6671484,c31d4bb5-2140-4f7e-b3b1-44da84edd7b5,2016,c85cfd6b-b1e9-4a50-bd55-eb725f04f7d5,Avicii,
spotify:track:1SOClUWhOi8vHZYMz3GluK,Infinity,Jaymes Young,Feel Something,6669225,46bc4b1d-e225-40d0-a6fd-5317fdbf522a,2017,1c494195-f8b9-456f-8516-42695bfae57b,Jaymes Young,
spotify:track:3IkWmgGsXbsafrunwPojXO,From Now On,Hugh Jackman,The Greatest Showman (Original Motion Picture Soundtrack),6667496,200c8778-8705-4c1e-a031-51b43eeae65a,2017,7f378f19-4686-41aa-b83e-3df359ae1578,Hugh Jackman,
spotify:track:2JZpS2sOdJy37oBpn1GuPW,WOLF,"Tyler, The Creator",Wolf,6656072,3c17f879-339a-4a74-a880-b6b167f1658f,2013,f6beac20-5dfe-4d1f-ae02-0b0a740aafd6,"Tyler, The Creator",
spotify:track:0vfWzo75MKGYiQSiT5jEzt,Goodnight and Go,Imogen Heap,Speak for Yourself,6653186,e0b4e2fc-adf5-4c00-b39a-b5799d3b9041,2006,328d146c-79f1-4eb6-9e40-8ee5710c14e5,Imogen Heap,
spotify:track:3F4lHPNHlvr3RpO4tpVOIs,In Bloom,ZEROBASEONE,YOUTH IN THE SHADE,6646240,c7a81881-2d7c-41e3-833e-6f2d699612ce,,fe038151-1099-4de8-901b-39be66d6e493,ZEROBASEONE,
spotify:track:17yrCsl1Ai6CZLBmGj6d6p,Pretty Sweet,Frank Ocean,Blonde,6645166,ab8d011f-b42a-4cd9-88e8-c0fac54f20a8,2016,e520459c-dff4-491d-a6e4-c97be35e0044,Frank Ocean,
spotify:track:0SpRJy7ZneLgG9l5XheSiY,Tokyo,Matt Maltese,Krystal,6640160,ceb795dc-3e0c-466c-8015-f8aae7bb5104,2019,b27d089c-6b08-4067-9293-406cebde0374,Matt Maltese,
spotify:track:3Bgl1xMI00capuTqUHBNUW,Valley of Lies,TOMORROW X TOGETHER,Valley of Lies,6639384,97b6aae5-723e-47a6-9536-66f13344b726,2022,9d027d72-790e-40ec-bbb7-61aa613457de,TOMORROW X TOGETHER,
spotify:track:1LqGBnl9m1duX1XWopugaf,Turn It Up (feat. Tommy Cash),Oliver Tree,Turn It Up (feat. Tommy Cash),6636385,,,,,no_match
spotify:track:2QWEMqQMJR1KDf6hDjJOs6,Arson,j-hope,Jack In The Box,6635807,b5bf933e-b878-4d47-9998-d5c1db824b36,2022,b3977da4-f899-4328-921b-ecc599a5618a,j‐hope,
spotify:track:38LDKVgDA7DlB4eMuB8rxF,White Noise Retreat,Noise Retreat,White Noise Retreat,6629891,,,,,no_match
spotify:track:6HZILIRieu8S0iqY8kIKhj,DNA.,Kendrick Lamar,DAMN.,6629227,898059a0-753c-4943-9604-d3c0e2929d81,2017,381086ea-f511-4aba-bdf9-71c753dc5077,Kendrick Lamar,
spotify:track:4xyWJM4kscTROV2RESdwpd,Orion (Remastered),Metallica,Master of Puppets (Remastered Deluxe Box Set),6625113,,,,,no_match
spotify:track:2i28I5oI7HrkYxX1zS91AK,"36,201 feet",Year of the Deer,Rainy Day in Okinawa,6621567,,,,,no_match
spotify:track:2ov8L95QD25TLpZAZPYWXL,Mr. Crowley,Ozzy Osbourne,Blizzard Of Ozz,6606832,d90f02eb-957b-4636-ac74-a39e18ad4263,2018,8aa5b65a-5b3c-4029-92bf-47a544356934,Ozzy Osbourne,
spotify:track:5UAN0uymtMZfsQFlDiEIyy,the locket,Nohidea,Lost / Found,6605454,5aba3e79-b9cf-406f-9c56-3831353f9699,2020,fa08b579-5692-42c8-967c-d4dfc6d823bf,nohidea.,
spotify:track:32iahzg5BD6uZQgTNOyrxs,이산 시간,멀리 이동하려면,이산 시간,6603494,,,,,no_match
spotify:track:4cCqICfmKHFWq6MVyJN2kf,(The) Red * Room,Camellia,U.U.F.O.,6596954,,,,,no_match
spotify:track:5RpqglzYhFDpxDlQXwol9P,Low Slow Noise,Soundstars,Low Slow Noise,6596633,,,,,no_match
spotify:track:39sg6MZC2ZqrEJLViWsWEF,Explorer,Cemetery Drive,Explorer,6595444,1fb75106-dd7c-4395-9b24-88714a46e1f8,2019,58ec903d-f1f4-42cb-9d94-174fbdf32f74,Cemetery Drive,
spotify:track:1Qw280ocXYS2wSo48wj24O,Shaboom,ATEEZ,GOLDEN HOUR : Part.1,6585033,14e4bcae-704d-4203-9ee6-bd71e7a9bbc7,,cf0dbc16-4e24-4957-b5b4-955c8978f690,ATEEZ,
spotify:track:266Vb7ItE3o1q8HdJ9QOvn,Verbatim,Mother Mother,Touch Up,6581203,a321281c-beb3-45b6-bc6b-19ab1dc977e8,,69681b02-05b8-4685-80cb-e98983b7a96f,Mother Mother,
spotify:track:1u5MQb9kiGdcmrzslHpdUn,No Food,bl4ck m4rket c4rt,Today I Laid Down,6580521,ae4ddc2d-bca3-4edc-9706-9b8d013058c9,2023,64772898-ff1d-47a9-80e8-ba6069b2cda0,bl4ck m4rket c4rt,
spotify:track:15G1ufSqK86CwmrOV2C5Vs,Through the Roof of the World,Neal Acree,World of Warcraft: Shadowlands Original Soundtrack,6577627,a42c098c-94fc-4db4-994a-ed60df48bfc9,2020,6647af6b-8ea2-48bd-9d24-a8c478ed45ce,Neal Acree,
spotify:track:0NfpKl9qIUFuzGrSksafRQ,Te Quise Tanto,Coti,Lo Dije Por Boca De Otro,6573311,40d240dc-2fcc-4813-b8f3-407533c845e4,2016,8a806a55-fa0d-4060-82e5-ecfbd24a5bc3,Coti,
spotify:track:7KXjTSCq5nL1LoYtL7XAwS,HUMBLE.,Kendrick Lamar,DAMN.,6560490,e9c6dcc8-6c03-439e-bbda-67402d530353,,381086ea-f511-4aba-bdf9-71c753dc5077,Kendrick Lamar,
spotify:track:2lee8gma4eQvovI8ug2zX5,Run from the Sun,The Mellowells,Head Space,6559354,7ba2397a-4140-4ddc-b8e4-535d782ba580,2016,8b0d5f41-41d4-4bd2-9ad0-9d343af32073,The Mellowells,
spotify:track:3SCRXReEFR5yhw5jnMA0zE,Songbird - Japanese Ver.,NCT WISH,Songbird,6548086,,,,,no_match
spotify:track:7h2nmmoWDi2UpfYKLKWLYB,Sunflower,Rex Orange County,Sunflower,6541817,4191461c-676d-4e7f-8a1f-44da802cead7,2017,883cbf1f-dcaa-4d17-b9ed-394e1fdabc87,Rex Orange County,
spotify:track:5QQokK9WJa28KhXLP9mpPb,Fish in the Sea,Liana Flores,The Water's Fine!,6541219,1e5a0fca-7d08-4782-90d6-632da336f1e6,2018,9f93c34a-2dc2-400e-ada5-937c3efc3437,Liana Flores,
spotify:track:2bDw3T1U9YDWAj7BtXsRMP,White Noise In The Sky,Evomin,White Noise Comfort,6541043,,,,,no_match
spotify:track:0tIkUSA5njpsBaTAx3z25z,Better Than Gold,NCT DREAM,Glitch Mode - The 2nd Album,6540573,ff2fa368-23db-4056-a99a-d1d381e1db41,2022,dc7c8277-d4b6-4bca-bdfe-50eee42536ac,NCT DREAM,
spotify:track:4Vqw8dAFAVITkiALTRo2HA,White Noise Eternity,Reality Sound,Founded Noise,6540025,,,,,no_match
spotify:track:2GblQ918RbkOs4Yo1Rpkcj,Rolling In The Deep,Adele,Pay Close Attention : XL Recordings,6535716,ff2b9a72-7544-429b-a7a5-7b3bbebc2456,2011,cc2c9c3c-b7bc-4b8b-84d8-4fbd8779e493,Adele,
spotify:track:3nXRk1FGLTteaw4syQWBW4,Vuelo,Ricardo Arjona,5to Piso,6527306,b93e59aa-c3cd-4792-b27b-301ce0e7c3d1,2008,40627299-0979-45ba-8924-2af5fdc36ea8,Ricardo Arjona,
spotify:track:4I2WSkwqRf5wJC1WxlcqYk,Sky Full Of Noise,Libronics,Sky Full Of Noise,6526536,,,,,no_match
spotify:track:6jdH1T167abmhAvIz0M3CR,White Home Noise,Rocket FX,White Home Noise,6524975,,,,,no_match
spotify:track:6phik4BkqTBtDodw8ZJJ5Q,GODSTAINED,Quadeca,"Vanisher, Horizon Scraper",6514413,55fd425a-2f31-4244-9890-d9dc1ad358a4,2025,3a4024dc-cc62-4d9b-8bed-c22426136a52,Quadeca,
spotify:track:4CKC1yQYAr64kRHH7AW85j,Settle Back,Fall Asleep Machine,Full Focus,6513480,daee0674-5b0a-485a-b376-a81dea4c0c31,2022,e1fb9572-3a3b-44c3-863e-dcdef7300394,Fall Asleep Machine,
spotify:track:2q0s8snCetYtH8yx4t0L3s,Lo Que Está Bien Está Mal,Ricardo Arjona,Independiente,6508506,5682d43d-1db2-4f8a-985d-f6db10ebc5e9,2013,40627299-0979-45ba-8924-2af5fdc36ea8,Ricardo Arjona,
spotify:track:7snQQk1zcKl8gZ92AnueZW,Sweet Child O' Mine,Guns N' Roses,Appetite For Destruction,6506538,d0a552ce-84ef-4b25-88f2-f2954ed5a542,,eeb1195b-f213-4ce1-b28c-8565211f8e43,Guns N’ Roses,
spotify:track:7w87IxuO7BDcJ3YUqCyMTT,Pumped Up Kicks,Foster The People,Torches,6502285,b37ebf81-1d00-46e0-a0d1-60f9efebfdbb,2012,e0e1a584-dd0a-4bd1-88d1-c4c62895039d,Foster the People,
spotify:track:0Wk0nw1fuN1yTtNoGKBfqs,Never Bloom,il Westo,Never Bloom,6501139,,,,,no_match
spotify:track:3SUusuA9jH1v6PVwtYMbdv,Last Nite,The Strokes,Is This It,6494643,686af23d-c57c-4923-a2f2-05012a4472d1,,f181961b-20f7-459e-89de-920ef03c7ed0,The Strokes,
spotify:track:6wX556YsvyvopdDHKPSeyu,Softserve,Liana Flores,The Water's Fine!,6482557,a0e5b9f4-200f-456d-8b6e-df79789d6109,2018,9f93c34a-2dc2-400e-ada5-937c3efc3437,Liana Flores,
spotify:track:630sXRhIcfwr2e4RdNtjKN,Rewrite The Stars,Zac Efron,Rewrite The Stars,6481519,08fd37a0-2a72-43e1-b28b-3ff245967007,2017,b25c6c3f-3861-4687-be1d-3c8d238cfb34,Zac Efron,
spotify:track:51vRYl0OqozBFkhBzAPzKI,Stupid (Can’t run from the urge),underscores,Wallsocket (Director's Cut),6477032,404bd1ba-e91a-401c-b4b3-1626cebae07c,2024,ab1a3f85-e0ea-470a-af5c-175447ae774c,underscores,
spotify:track:01MV13Hg9sfFNtgcMidjgE,Focus On Noise,Hovar,Lean Noise,6473065,,,,,no_match
spotify:track:1f3LdJBszUvOMtr647XMkg,Para Que Me Quieras Como Quiero,Ricardo Arjona,Adentro,6469692,,,,,no_match
spotify:track:48PFfbnf0ZRcGCxO4zApPp,Flowers,Eva Noblezada,Hadestown (Original Broadway Cast Recording),6466246,15d13096-ab1f-4aff-8121-070b0c24f0d0,2019,da5cd367-04ab-4ae8-9346-84ba9047417d,Eva Noblezada,
spotify:track:6u07FgqVJkHZiSa09Kslw1,Good Morning Texts,bl4ck m4rket c4rt,Today I Laid Down,6450396,1bf6ab94-9e5b-4d84-a9bb-c2df604f615d,2023,64772898-ff1d-47a9-80e8-ba6069b2cda0,bl4ck m4rket c4rt,
spotify:track:1vgzkcfEz9ECMVtbEakgmw,Speed of Light,CatDany,follow catdany on *******,6449527,27368e0e-f6e9-4de9-8e70-0591d88ec3ae,2019,a3e6b986-9ba2-4089-8157-bc92e9c471af,CatDany,
spotify:track:5nUw3Mump4rtpDUuEJ3fDG,Malibu,PATTERN,Malibu,6440372,c5103fab-0eb5-41e8-a472-e6c3ee334890,2022,6f6e8712-d494-481e-8882-c1ea08d65978,PATTERN,
spotify:track:50WeOnXhM1H7AZEeIDoWfZ,Show Yourself,Idina Menzel,Frozen 2,6439249,3a26c9d1-d826-4aad-8e61-e4764ede9f5f,2019,929ca8c3-5df3-4fe9-bc59-f8d603780bce,Idina Menzel,
spotify:track:5sG4E4Kgw4PvW5Qi7XjJ7b,The Homeworld Beckons,Clint Bajakian,World of Warcraft: Warlords of Draenor Original Game Soundtrack,6430044,14ab9542-2330-475a-83ce-4acb08452849,2014,e79dc7f7-7a9c-4058-b9cc-372fb8b3da1c,Clint Bajakian,
spotify:track:0dcnrLo8s1rhjm8euGjI4n,DARARI,TREASURE,THE SECOND STEP : CHAPTER ONE,6427942,1c96e65e-749b-42f2-9286-7bb3e08fc5b4,2022,6a64307a-1806-428c-9bee-4afb13b27042,TREASURE,
spotify:track:0BpKPyXhWsTaWkgXeOd1Sn,Thank You for the Venom,My Chemical Romance,Three Cheers for Sweet Revenge,6425573,bd7e5efd-efb0-463e-bdad-38b003ec3baa,2025,c07f0676-9143-4217-8a9f-4c26bd636f13,My Chemical Romance,
spotify:track:4IA6pgGRmqfxWGAfyZ8cgR,Verbatim,Mother Mother,Touch Up,6420440,a321281c-beb3-45b6-bc6b-19ab1dc977e8,,69681b02-05b8-4685-80cb-e98983b7a96f,Mother Mother,
spotify:track:758mQT4zzlvBhy9PvNePwC,Butter,A Tribe Called Quest,The Low End Theory,6410250,f85fc41f-bca9-420d-85a3-25e2a03113bb,2009,9689aa5a-4471-4fb4-9721-07cecda0fa9f,A Tribe Called Quest,
spotify:track:6rdkCkjk6D12xRpdMXy0I2,New Jeans,NewJeans,NewJeans 'Super Shy',6408379,b8be1b29-3092-4b72-8715-d95518bb7d98,,49204a7a-ed85-407a-828f-6fd46f1d8126,NewJeans,
spotify:track:37mfTcSlX60JtAvAETytGs,Choke,I DONT KNOW HOW BUT THEY FOUND ME,Choke,6405099,846c8d32-8ed9-4865-804b-b3245e219907,2018,91ae77d8-3bb5-4e59-98a7-532ac0f2825d,I DONT KNOW HOW BUT THEY FOUND ME,
spotify:track:7AalBKBoLDR4UmRYRJpdbj,Fearless,Pink Floyd,Meddle,6403748,92c7c7ec-3a6d-4f17-8f21-bb7d7a8a4435,,83d91898-7763-47d7-b03b-b92132375c47,Pink Floyd,
spotify:track:4bmak6Hd7NPwVrY26TjKNT,Innuendo - Remastered 2011,Queen,Innuendo,6403096,d8f93b56-bad3-46f7-b136-e95d78d6c155,1991,0383dadf-2a4e-4d10-a46a-e9e041da8eb3,Queen,
spotify:track:4w7AoDUjhgtwUFMA62K4V3,Clan Warsong,Neal Acree,World of Warcraft: Warlords of Draenor Original Game Soundtrack,6402350,a9b64832-6e18-495a-87d9-2543d7c91eb2,2014,6647af6b-8ea2-48bd-9d24-a8c478ed45ce,Neal Acree,
spotify:track:2ucxenk7DMnImzGMXOIFrd,I Wait,DAY6,SUNRISE,6400923,17867e82-53e0-4cd8-b5d3-f35f043afb3b,2017,77191d5f-1045-4b3b-ad7f-12ea398db929,DAY6,
spotify:track:11iIikXxC6NP0Ma8vMD27x,Alien Blues,Vundabar,Gawk,6397269,4b95928f-5bb5-433e-9b57-c6b275c12bd8,2015,e9113fb7-350c-4975-9b16-af633f23cf66,Vundabar,
spotify:track:5bIV0X5jTmFPrTNMF4HLmF,679 & No Diggity,Jackson Breit,Covers,6378526,a1ee44d4-8021-4dc1-ac78-03ce07cbcbee,2016,b285738d-c672-4157-bc11-03fed10f984b,Jackson Breit,
spotify:track:46eHxWRKmtYhUHPDRgclt6,Careless Whisper,Seether,Finding Beauty In Negative Spaces,6377935,9711f5fb-ebde-41f6-87ed-9cda2d6d8ac1,2007,fbcd7b29-455f-49e6-9c4f-8249d20a055e,Seether,
spotify:track:1Pl6WfpPcicGFAlaQZoQcJ,I DREAM ABOUT SINKING,Quadeca,"Vanisher, Horizon Scraper",6375523,b9dd4868-e5ed-4622-ba2c-a32fb6b9fda4,2025,3a4024dc-cc62-4d9b-8bed-c22426136a52,Quadeca,
spotify:track:3v2fpbBTm5m0uPU15qnQ36,LOVE and FEAR,Xdinary Heroes,Open ♭eta v6.2,6352423,e86df02d-bdce-4dba-ab29-e9b4a3eb04c7,2024,d95a463f-e7d3-4c97-98ba-57f75cb4fda2,Xdinary Heroes,
spotify:track:75kiQfmmuQwgquZ9RLSvuA,Domo23,"Tyler, The Creator",Wolf,6351572,7ce2106b-d044-4b1e-8ba0-fdbbf09040bf,2013,f6beac20-5dfe-4d1f-ae02-0b0a740aafd6,"Tyler, The Creator",
spotify:track:4gT3mNJA8lnlkYFqGZ8IA2,Small Worlds,Mac Miller,Swimming,6337552,85a4dd13-cb6f-4aa6-967a-e72be2144c6a,2018,a0e8a1b1-5f8f-475a-a253-17415c17d0ff,Mac Miller,
spotify:track:1n4kT38WJy4bLKajINLIbi,Spaceful White,Dark Momentum,Spaceful White,6333588,,,,,no_match
spotify:track:04boE4u1AupbrGlI62WvoO,White Noise 3 Hour Long,Erik Eriksson,White Noise 3 Hour Long,6301337,,,,,no_match
spotify:track:73COZ4eUn4qeLtMJe3fYYP,Pride of the Seas,Sam Cardon,World of Warcraft - Battle for Azeroth Soundtrack OST,6295206,091a43ce-5927-48b6-85d1-7685de003264,2018,dcda3f67-9097-41da-b7a7-612ade6385c0,Sam Cardon,
spotify:track:2IXaB1yvaLjyy8YBoC7lHY,The King Of Lions,Camellia,INVAIDAS FROM DA JUNGLE,6291257,,,,,no_match
spotify:track:5RePVWy39tLpHH0WwXgBsK,Rah Tah Tah,"Tyler, The Creator",CHROMAKOPIA,6291022,f4558067-f73c-48d1-a584-53a2a48622db,2024,f6beac20-5dfe-4d1f-ae02-0b0a740aafd6,"Tyler, The Creator",
spotify:track:4MdEYuoGhG2RTG3erOiu2H,Vibes and Stuff,A Tribe Called Quest,The Low End Theory,6290283,f4e768f7-dd83-4423-873c-f1edbb6afd63,2009,9689aa5a-4471-4fb4-9721-07cecda0fa9f,A Tribe Called Quest,
spotify:track:6s2yqZbiPNPL1B2IeCMsUA,The End.,My Chemical Romance,The Black Parade,6285235,32e6d4d4-fc29-4d5f-950d-aca78e22f574,2007,c07f0676-9143-4217-8a9f-4c26bd636f13,My Chemical Romance,
spotify:track:6n0BKHkxvYD56dS6JnSK7P,I Would Walk 500 Miles,Desmond Bale,Old Rock Anthems: Best Classsic Songs of the 60's 70's Oldies Music Hits,6282810,,,,,no_match
spotify:track:0MmIurGTmaW1LkSUD5qcd1,Hay Amores,Ricardo Arjona,Independiente,6282708,4c2a499d-9023-424e-94d9-bd1fe9e8477a,2013,40627299-0979-45ba-8924-2af5fdc36ea8,Ricardo Arjona,
spotify:track:1zng9uqqXoPkmU05nsAlsw,Bed Of Roses,Bon Jovi,Keep The Faith,6282183,966817e5-11e4-4bd9-b623-700ff25036c4,1994,5dcdb5eb-cb72-4e6e-9e63-b7bace604965,Bon Jovi,
spotify:track:6kz3FLaVhtcUECyMYR9BCR,HOT WIND BLOWS (feat. Lil Wayne),"Tyler, The Creator",CALL ME IF YOU GET LOST: The Estate Sale,6281970,,,,,no_match
spotify:track:1gXH8hT9dxsBqbRy7h2iC8,F*ck Your Ethnicity,Kendrick Lamar,Section.80,6274171,,,,,no_match
spotify:track:5KUNwkaNf8l5A9sXZhiCgI,Rapp Snitch Knishes,MF DOOM,MM..FOOD,6271951,2de8944e-b7a9-480c-99f8-e7a0d5e6e0b4,2020,188711ed-c99b-439c-844a-ca831f63a727,MF DOOM,
spotify:track:1RicAcSoaMIq6dpyWrSE1m,Lobster,Boy Called Cute,Should Have & Could've Beens,6271710,1e99a4b0-aba3-482a-b67d-1b0a9fd5f36a,2018,ba64f4f1-574a-4039-bee2-9f63e4026c8a,Boy Called Cute,
spotify:track:7ratGZAkdFspHgYsK4otGM,Noise over the Pacific Ocean,Sams Sampling,Dreams of White Noise,6269609,,,,,no_match
spotify:track:2kMjk14RmYyYhhSbipoa9U,The Sharpest Lives,My Chemical Romance,The Black Parade,6268267,b96d69c7-4509-46e1-b491-c1c8e6d0d728,2016,c07f0676-9143-4217-8a9f-4c26bd636f13,My Chemical Romance,
spotify:track:0fX4oNGBWO3dSGUZcVdVV2,N95,Kendrick Lamar,Mr. Morale & The Big Steppers,6265339,4db70f94-30fd-49bd-9487-7baa740b3a51,,381086ea-f511-4aba-bdf9-71c753dc5077,Kendrick Lamar,
spotify:track:6Rm4mEvAJcYPtEHc42kWDy,Cheers,Tha Ynoe,Tapebaby,6261190,dedb7be9-7db7-4171-a414-4c5d34333fb9,2017,7575e0f0-9c13-4602-a01a-e2ae463414e1,Tha Ynoe,
spotify:track:5NCXSyDECCrHm12B5wTZO9,Infinity,Infinity Ink,Infinity EP,6258342,8d20ef3c-3bbf-4011-9077-f34679495dda,2012,433adf92-9760-4d46-9d45-2a098abd4721,Infinity Ink,
spotify:track:7BxSsv7qea87ygUSn4N8uK,MANIC MAN,Curtis Waters,MANIC MAN,6253334,06a0f5c7-b727-4413-a190-22c834465601,2023,9e614665-3bc0-4f82-a162-292b8bbc1d66,Curtis Waters,
spotify:track:1dG4lTOVFu8RkSzybolp7o,Innuendo,Queen,Innuendo,6253258,d8f93b56-bad3-46f7-b136-e95d78d6c155,1991,0383dadf-2a4e-4d10-a46a-e9e041da8eb3,Queen,
spotify:track:7Eo9DUgdglOIONp3PDPFLJ,DAMAGE SUPPRESSOR,Black Dresses,Peaceful as Hell,6250027,5f8d4d7e-6e78-488a-9ce9-97999490fd98,2020,c5b2a3ca-4a5e-4ce2-a45a-ef69d909a498,Black Dresses,
spotify:track:0UhWFmdlrBSmZ7A6bFD8L9,C'est la vie,Weathers,Pillows & Therapy,6239844,6eb91fe3-6d55-4115-9617-8bda2fa304bd,2021,ac34b3a0-b963-441b-9a12-6594d953a8f6,Weathers,
spotify:track:6B12omCjAdeVInV04iEtFq,Hey,Liana Flores,The Water's Fine!,6235492,767063df-397b-4659-a1b7-c29412ac82d9,2018,9f93c34a-2dc2-400e-ada5-937c3efc3437,Liana Flores,
spotify:track:5fhWu1bWtVFf1ZyqVxKdXT,Rumore Leggero,Aum Balti,Rumore Leggero,6231099,,,,,no_match
spotify:track:01TyFEZu6mHbffsVfxgrFn,Show Me How,Men I Trust,Show Me How,6220981,fc9e7e92-b582-431a-a20d-dc4bcfd156b2,2019,25ab7547-a4d2-480b-b028-c7f3497bc858,Men I Trust,
spotify:track:1rNSLiEFpAF4amVhkzfTUG,Blood - Hidden Track,My Chemical Romance,The Black Parade,6214789,,,,,no_match
spotify:track:1E4hCQZ4yAT4UBdP4ORYqo,Shadows of Nathria,Grant Kirkhope,World of Warcraft: Shadowlands Original Soundtrack,6207049,e658544a-66b2-48a4-bca6-b164efb8224e,2020,3237b5a8-ae44-400c-aa6d-cea51f0b9074,Grant Kirkhope,
spotify:track:2wvjh6x7vaEgAemUvuc7fO,3D,777villain,3D,6197795,,,,,no_match
spotify:track:39R88egli2YgXq1omv1Io7,Still Dancing,OR3O,Still Dancing,6195282,39c8ca28-8c27-4afd-b7b5-1edb21b2118c,,7ac7f935-6476-4815-b821-5fb407dfca67,OR3O,
spotify:track:5dKAN40CfHqXP7hHDXtMtl,Lost In Noise,Libronics,Sky Full Of Noise,6192597,,,,,no_match
spotify:track:2DlIwu1iDTILEMXA7MUotn,Beautiful Trauma,P!nk,Beautiful Trauma,6192470,883a41f1-31a7-410c-9528-b565e3196c6f,2017,f4d5cc07-3bc9-4836-9b15-88a08359bc63,P!nk,
spotify:track:23F2WO6H1ERmRp8aCEQE9y,You're Mine,Dagames,You're Mine,6191922,91eb48ec-6081-4c83-aed4-f7c797918078,2019,174bd34d-9e1a-4372-b24d-ca9b5407bf22,DAGames,
spotify:track:6Q12JjOHsE9kTGVshxrm3F,Into the Void,Celldweller,Into the Void,6189325,c583d14c-b5fb-48bd-8c9a-cccae0ccffeb,2019,fad8967c-a327-4af5-a64a-d4de66ece652,Celldweller,
spotify:track:03WG5BfZ5p4Zik4F0xF3iI,The Power of Blood,David Arkenstone,World of Warcraft - Battle for Azeroth Soundtrack OST,6186985,ac903f2e-d0b3-43cf-8a15-5b1343a14b61,2018,50a45c3d-b54b-4fd5-bb83-5046e4ff6813,David Arkenstone,
spotify:track:15VRO9CQwMpbqUYA7e6Hwg,The Man Who Sold The World - Live,Nirvana,MTV Unplugged In New York,6178471,02c3bbee-0c0a-411c-ad82-ac4a26d72cba,,5b11f4ce-a62d-471e-81fc-a69a8278c7da,Nirvana,
spotify:track:6xTD325F4Ii6emOiVYtSWU,Quédate,Jesse & Joy,Electricidad,6177980,3ac7975a-7b2e-4157-85b4-40c9bdd581f3,2009,64b85e52-08db-4995-a6e3-d2a6acc5a058,Jesse & Joy,
spotify:track:02VBYrHfVwfEWXk5DXyf0T,Leave The Door Open,Bruno Mars,An Evening With Silk Sonic,6166004,026ac1eb-a361-4382-8d42-69f51274a935,,afb680f2-b6eb-4cd7-a70b-a63b25c763d5,Bruno Mars,
spotify:track:0oaQasvlfdkSWepVuHFQtY,REBOUND! - OFFLINE,JPEGMAFIA,OFFLINE!,6156732,,,,,no_match
spotify:track:6S4WM9LW6oGkAtBFePffh2,STUNTMAN (feat. Vince Staples),"Tyler, The Creator",CALL ME IF YOU GET LOST: The Estate Sale,6148165,,,,,no_match
spotify:track:7zcFbaOhRpVbvmk6eiPric,Gas Mask,Rare Americans,Rare Americans 2,6147180,e9329af5-b064-4922-8c4f-7ac66a62ba02,2021,78fcc713-214b-4f04-a84e-af800e2d34ba,Rare Americans,
spotify:track:0KrywEwYmgdhYTYxRK5oTm,rap music,Lil Darkie,THIS DOES NOT EXIST,6141103,54f932f3-a069-4f68-84c6-b88a327282fd,2020,99e0983f-6183-463e-a61e-2041ca8931ba,Lil Darkie,
spotify:track:6DmfWj5kOa1fX8AwN9byOn,L.A. Woman,The Doors,L.A. Woman,6134801,5527b4e3-0458-4e5f-bfa7-aaa8dd66586c,2002,9efff43b-3b29-4082-824e-bc82f646f93d,The Doors,
spotify:track:2xGjteMU3E1tkEPVFBO08U,This Is Me,Keala Settle,This Is Me,6127199,3a7984a5-108e-4aa5-a414-5bf5300fc594,2019,ad4653bc-ad04-4a41-a6cc-477ebe5cd96c,Keala Settle,
spotify:track:6LUOMjoORvAkdhBYvESO46,Move Your Body - Alan Walker Remix,Sia,This Is Acting (Deluxe Version),6122863,,,,,no_match
spotify:track:0nhXPVRAwpwq8Sq9pkEyUr,Psychosomatic,The Mellowells,Head Space,6121628,81dc4b09-a615-49ca-b52b-7e63856f062e,2016,8b0d5f41-41d4-4bd2-9ad0-9d343af32073,The Mellowells,
spotify:track:69WpV0U7OMNFGyq8I63dcC,Given-Taken,ENHYPEN,BORDER : DAY ONE,6121325,5b17f832-1928-414b-bbc0-d97f0e62ca57,2020,95663592-1447-4579-90f7-c94733476667,ENHYPEN,
spotify:track:6AOrC7t2WS5ykYcnoHpiS2,Lonely Boy (The tattoo on my ring finger),TOMORROW X TOGETHER,minisode 2: Thursday's Child,6114687,fc94363c-0cf2-45a2-8c0b-abb8988f3824,2022,9d027d72-790e-40ec-bbb7-61aa613457de,TOMORROW X TOGETHER,
spotify:track:3drdWsJKiVCSQ2gKhd9BDT,Savior,Kendrick Lamar,Mr. Morale & The Big Steppers,6107647,f4eefe88-6515-4679-8d56-1453e3a0e674,2022,381086ea-f511-4aba-bdf9-71c753dc5077,Kendrick Lamar,
spotify:track:5jr6pG3khBcBXZRm8NogSe,Baby I'm Yours,Breakbot,Baby I'm Yours,6104442,72f5c2a6-ad6c-44d4-89e9-5768e59fe5dc,2022,64c9974f-20a9-491d-bd94-2168cd738e2a,Breakbot,
spotify:track:4fRTe59xEeNHT4uyAGsV27,Crack Music,Kanye West,Late Registration,6103077,f752e52b-4e6a-438b-a73b-058265c38720,2007,164f0d73-1234-4e2c-8743-d77bf2191051,Ye,
spotify:track:1yKAqZoi8xWGLCf5vajroL,The Ghost of You,My Chemical Romance,Three Cheers for Sweet Revenge,6100509,dc250541-3e54-450c-a3d5-32f2acdd6d49,2025,c07f0676-9143-4217-8a9f-4c26bd636f13,My Chemical Romance,
spotify:track:7rY5tO0WBaSgZLinLCbxrC,Girls and boys,underscores,boneyard aka fearmonger,6095087,c5990031-87cd-4039-9bfd-a1683f969be1,2021,ab1a3f85-e0ea-470a-af5c-175447ae774c,underscores,
spotify:track:5MOWBRtP53q5yNOtHaMVTh,Deep Phase Noise 1,Milli Hughes,Deep Phase Noise,6090874,,,,,no_match
spotify:track:4ObxJP7kYUkBqpiklCzrBo,Brighton Rock - Remastered 2011,Queen,Sheer Heart Attack,6090781,,,,,<urlopen error timed out>
spotify:track:22L7bfCiAkJo5xGSQgmiIO,All Of The Lights,Kanye West,My Beautiful Dark Twisted Fantasy,6087344,8a65e2ca-6666-43ee-a420-fbb71d4becde,2025,164f0d73-1234-4e2c-8743-d77bf2191051,Ye,
spotify:track:2OiBrXP8M2EkF10c5FYod6,DIRTY! - OFFLINE,JPEGMAFIA,OFFLINE!,6084073,,,,,no_match
spotify:track:078fJxqEUz0LvbHSM6AoXJ,SUPER BOARD,Stray Kids,MAXIDENT,6081843,404f09e8-21f9-4e42-be90-89270831b3de,2022,142b343d-bf5a-428c-a64f-6d1a7566bbe9,Stray Kids,
spotify:track:6hvFXQ9Kmsabx520Xlu5rK,Spread Your Wings - Remastered 2011,Queen,News Of The World,6067745,b0bf753d-0c6b-46fd-86b5-b903ef50a022,1992,0383dadf-2a4e-4d10-a46a-e9e041da8eb3,Queen,
spotify:track:6cfVDaIdvDtYH91RqC6Wox,Hol' Up,Kendrick Lamar,Section.80,6058945,e93ffc87-5306-4975-8d7a-298914cb96b9,2011,381086ea-f511-4aba-bdf9-71c753dc5077,Kendrick Lamar,
spotify:track:4KjnaUNYPwGnJjoeTFlt91,Now Or Never - Bonus Track,Kendrick Lamar,"good kid, m.A.A.d city",6025100,d11851af-f019-42ed-82c4-c2c721c4c896,,381086ea-f511-4aba-bdf9-71c753dc5077,Kendrick Lamar,
spotify:track:2XTA9a28XN283re5xt9DB7,Noise Of Oblivion,Vectorix,Noise Of Oblivion,6020787,,,,,no_match
spotify:track:5lJvHVmsFWZrRrgB4g9Ycr,Worm Is Gonna Turn,Rare Americans,Worm Is Gonna Turn,6016486,6151aabf-cea9-4e25-a26d-51019398acbc,2018,78fcc713-214b-4f04-a84e-af800e2d34ba,Rare Americans,
spotify:track:2u2udGmop1z67EPpr91km7,Man in the Mirror,Michael Jackson,"HIStory - PAST, PRESENT AND FUTURE - BOOK I",6014763,1937b739-726f-41ef-ae7d-d95fe328188b,1988,f27ec8db-af05-4f36-916e-3d57f91ecf5e,Michael Jackson,
spotify:track:6rN42ucxz8KE5aTEpfeIOY,White Noise Soul,Indika,Noisy Element,6013058,,,,,no_match
spotify:track:2onY73tr2izCSmNhXNcTAe,Get This (Bang Bang),Klischée,Get This (Bang Bang),6012960,a3b43097-6438-4515-9c9c-83bb47d8308b,2021,eeac3367-f929-4989-8661-b84433f63266,Klischée,
spotify:track:0fYBdMaoVYP9cNopoEN9yg,Gentle White,Karmatico,White Noise Magic,6002498,,,,,no_match
spotify:track:7z0zkLkPPaOMOG1jdJEVV6,Might of Zandalar,Sam Cardon,World of Warcraft - Battle for Azeroth Soundtrack OST,5998712,136659b4-4272-4ea4-833f-0cc1f209907e,2018,dcda3f67-9097-41da-b7a7-612ade6385c0,Sam Cardon,
spotify:track:4mlhvagfrVH4ltCirIkF2t,Hullabaloo,Rare Americans,Hullabaloo,5998411,a22d39e1-2003-4122-9d09-92308cf7969c,2021,78fcc713-214b-4f04-a84e-af800e2d34ba,Rare Americans,
spotify:track:7l1qvxWjxcKpB9PCtBuTbU,Count on Me,Bruno Mars,Doo-Wops & Hooligans,5998000,1251562d-04a0-440c-8bc4-1e7547ec7927,2025,afb680f2-b6eb-4cd7-a70b-a63b25c763d5,Bruno Mars,
spotify:track:3FnDv33WrrMtuEr7hNR3ev,Boy in Luv,BTS,Skool Luv Affair,5994463,93072fc7-a279-4f40-a0e2-664b9c26cb8d,2014,0d79fe8e-ba27-4859-bb8c-2f255f346853,BTS,
spotify:track:0VDzbWxYjg6WfEEX2gihFI,Noise Soothness,Lucid,White Noise Factory,5987696,,,,,no_match
spotify:track:0GgN4MhR5GKn5IcKN0e0rG,Cancer,My Chemical Romance,The Black Parade,5974439,a5d6baad-ea8b-4244-a1bf-376d609cabc8,2016,c07f0676-9143-4217-8a9f-4c26bd636f13,My Chemical Romance,
spotify:track:5QUdaFEialyv2lmK8476iU,Hullabaloo,Rare Americans,Rare Americans 2,5971364,a22d39e1-2003-4122-9d09-92308cf7969c,2021,78fcc713-214b-4f04-a84e-af800e2d34ba,Rare Americans,
spotify:track:3UekVei2LxTuUF8vs8g6vV,Beneath the Waves,Neal Acree,World of Warcraft - Battle for Azeroth Soundtrack OST,5967155,6a99f4dc-b464-499f-b793-083ab978c37d,2018,6647af6b-8ea2-48bd-9d24-a8c478ed45ce,Neal Acree,
spotify:track:4VC5nFbYO4avKksJ9jN4pY,Just Give Me a Reason (feat. Nate Ruess),P!nk,The Truth About Love,5962588,,,,,no_match
spotify:track:5Mn3siu0XehRb9kTEPqotX,just friends,potsu,just friends,5957651,cbf0b403-bdce-45ce-86b5-67a0e78fac9c,2018,a0a7501e-e0b2-4d7d-a813-ee2668bcb2eb,potsu,
spotify:track:6B8MM3PVQtUbZLay7tP7er,Hot Sauce,NCT DREAM,Hot Sauce - The 1st Album,5957391,a48d03ba-ba51-4a9f-bdc5-aa66706342f0,2021,dc7c8277-d4b6-4bca-bdfe-50eee42536ac,NCT DREAM,
spotify:track:6BNjIUdJpAelOrt5AZUayU,Atonement,The Roots,Game Theory,5950431,cc180792-77ea-4c28-8749-58d243faf4b5,,80b3cf5e-18fe-4c59-98c7-e5bb87210710,The Roots,
spotify:track:13esgv6hjAXqOBvncP0sQx,Feathery White Noise,The Clear Mind,Feathery White Noise,5932406,,,,,no_match
spotify:track:1sz4drpDPpHVrPUgnXGaNn,Boyz with Fun,BTS,The Most Beautiful Moment in Life Pt.1,5922972,,,,,no_match
spotify:track:3RJHrfDXU8xIAiEz2ucLPY,ELECTRIC DANDELIONS,Lil Darkie,ELECTRIC DANDELIONS,5921314,babe6c9b-d98f-4a5e-849e-d71c11a6d558,,99e0983f-6183-463e-a61e-2041ca8931ba,Lil Darkie,
spotify:track:0rgugsAVm5Fa40QgGgv2pg,Exosphere,Creo,Exosphere,5920364,b40b177d-9232-4b53-93fa-c621b3d1954b,,754e2a05-7f44-4898-bcfd-64a837a6b05f,Creo,
spotify:track:4gMgiXfqyzZLMhsksGmbQV,"Another Brick in the Wall, Pt. 2",Pink Floyd,The Wall,5919082,d2ad3f40-2104-4175-ad8f-b9aed2443b88,,83d91898-7763-47d7-b03b-b92132375c47,Pink Floyd,
spotify:track:3kg7A13eqXpZnnyXEVcGsj,Jupiter,Matt Maltese,Krystal,5919038,1572827d-001c-4e42-9c4b-a5305b3c85b6,2019,b27d089c-6b08-4067-9293-406cebde0374,Matt Maltese,
spotify:track:5GxnROd93Y7NGt2ci0TwBw,Mr. Clean,Yung Gravy,Snow Cougar,5913457,8e962f9d-4957-476e-94f2-f1f4d4652233,2018,20b034b2-35a1-40be-908f-22d1b5681572,Yung Gravy,
spotify:track:5o6VEJfhYj9Ubp73tmwl6t,Liar - Remastered 2011,Queen,Queen,5909927,1b2aa73c-337f-4986-b929-2442fc788d00,,0383dadf-2a4e-4d10-a46a-e9e041da8eb3,Queen,
spotify:track:2HbKqm4o0w5wEeEFXm2sD4,Money Trees,Kendrick Lamar,"good kid, m.A.A.d city",5898611,82c92918-b16c-4ce2-9b4f-dc59b22487ba,,381086ea-f511-4aba-bdf9-71c753dc5077,Kendrick Lamar,
spotify:track:4yJUQqcnYkDafFzguSbZAl,My Pace,Stray Kids,SKZ2020,5892129,6f0e3aa6-efd8-4366-86de-94c8a6107caa,2018,142b343d-bf5a-428c-a64f-6d1a7566bbe9,Stray Kids,
spotify:track:4oV0S7uqPKQLS5qmDzmhgK,Cult,Rav,New Moon,5880551,,,,,wrong_artist
spotify:track:6CsQJ5asex8UZjXFx7hayg,Duele Menos,Kany García,Kany García en Vivo,5866521,25d97025-b8dd-4e0a-a525-7c2faa414fd8,2014,b73433e9-24bd-4446-bf0c-40826bd48b44,Kany García,
spotify:track:5Z9KJZvQzH6PFmb8SNkxuk,INDUSTRY BABY (feat. Jack Harlow),Lil Nas X,MONTERO,5864523,,,,,no_match
spotify:track:5ami95W9OOWQPwrBb5tud5,Watercolour - Full Version; Single,Pendulum,Immersion,5844589,,,,,no_match
spotify:track:1tK5k6HSQDKd46LpreI55I,Bright Sound,Only Noise Machine,Bright Sound,5842967,,,,,no_match
spotify:track:6WkJ2OK163XXS2oARUC9JM,Dancin (feat. Luvli) - Krono Remix,Aaron Smith,Dancin (feat. Luvli),5842072,,,,,no_match
spotify:track:2cLYM9WArKbPFwWUa2rvC7,A Siege of Worlds,Russell Brower,World of Warcraft: Warlords of Draenor Original Game Soundtrack,5840423,b07620f1-c52d-4093-a761-2fab07b1b15f,2014,3c84e93f-94e2-41b7-803d-ecccc61dd2de,Russell Brower,
spotify:track:2dPETee06bbHulsABk0h7I,FEVER,ATEEZ,ZERO : FEVER Part.1,5838543,b2445cba-1637-4613-9d05-a0974e689cc1,2020,cf0dbc16-4e24-4957-b5b4-955c8978f690,ATEEZ,
spotify:track:25CbtOzU8Pn17SAaXFjIR3,Take The Power Back,Rage Against The Machine,Rage Against The Machine - XX (20th Anniversary Special Edition),5832592,4446a380-e657-4dff-82a3-86cbbed1ac81,1993,3798b104-01cb-484c-a3b0-56adc6399b80,Rage Against the Machine,
spotify:track:4JdBSuL7mUIyWkAR84V9Zf,Garbage Day,Rare Americans,Rare Americans,5828975,cf871a32-17b2-4257-95ba-2a7442b8b1ba,2018,78fcc713-214b-4f04-a84e-af800e2d34ba,Rare Americans,
spotify:track:5IPT4Noqvo7bsfbWUOHcG4,Despicable,grandson,a modern tragedy vol. 1,5821461,e48668f1-03f0-4d74-bebc-0b5d1fd1acec,2018,cc699fe3-db51-4837-928f-8f712c61a01a,grandson,
spotify:track:0aB0v4027ukVziUGwVGYpG,tv off (feat. lefty gunplay),Kendrick Lamar,GNX,5820092,,,,,no_match
spotify:track:6KBztrLwW1EDi8LkPoDOAO,Somebody I Don’t Know the Name Of - Demo,Matt Maltese,Krystal,5815945,ea44dda0-ece0-46ca-972d-7d6edf6bf84a,2020,b27d089c-6b08-4067-9293-406cebde0374,Matt Maltese,
spotify:track:59ScHwQ4PP0TRTJgG07PAW,Dreamer,TOMORROW X TOGETHER,The Name Chapter: FREEFALL,5807687,849c7334-2b4c-40aa-a53f-89aad3fcc0db,2023,9d027d72-790e-40ec-bbb7-61aa613457de,TOMORROW X TOGETHER,
spotify:track:6kOvq3AnVsMCRSSr2VV5P9,Superlative Heroes,Samsa,Superlative Heroes,5805434,18b84920-fb39-4fbc-978f-c1219893e726,2017,569c3c80-418b-4189-aa9d-dfae91a751cb,Samsa,
spotify:track:223cxDEAew5PyufKXOX8Hg,NATURAL CAUSES,Quadeca,"Vanisher, Horizon Scraper",5796395,b93c1064-c39b-4d18-860e-0118d735c3ba,2025,3a4024dc-cc62-4d9b-8bed-c22426136a52,Quadeca,
spotify:track:0rrV3btzinrUsqVk8hlWF2,SWEET RELEASE,Sugs,SWEET RELEASE,5795831,2a382487-6080-4433-9982-56bfb221678b,2020,8623a957-7d28-499e-9485-aa9374159887,Sugs,
spotify:track:67VTgMG01IfW7RMhQh9KsZ,Saffron,Rav,New Moon,5793747,,,,,wrong_artist
spotify:track:4Vt3j0VovAlQI0P7VxRsVG,MAYBE THIS WORLD IS ANOTHER PLANETS HELL?,Black Dresses,Peaceful as Hell,5790396,75dd7cd5-03e6-4e86-a1be-967de82ca1bb,2020,c5b2a3ca-4a5e-4ce2-a45a-ef69d909a498,Black Dresses,
spotify:track:1LFK84nUerBbYfFd1LmnTm,A Kind Of Magic - Remastered 2011,Queen,A Kind of Magic,5784673,c445b15d-ddcb-45b8-9f34-2d9fba889afd,1992,0383dadf-2a4e-4d10-a46a-e9e041da8eb3,Queen,
spotify:track:3en8rCp7ogg3itCSMIttZ9,Return Of The B-Boy,The Pharcyde,Bizarre Ride II The Pharcyde,5781383,26d87e09-e1f2-4206-8065-833f5d32e978,1992,d7134426-a937-43bf-bc54-f10ad8102ed9,The Pharcyde,
spotify:track:6SwRhMLwNqEi6alNPVG00n,LOYALTY. FEAT. RIHANNA.,Kendrick Lamar,DAMN.,5774622,,,,,no_match
spotify:track:410ZZP746AQeiywhKvXWCo,SORRY NOT SORRY,"Tyler, The Creator",CALL ME IF YOU GET LOST: The Estate Sale,5772932,3ca54337-e917-467e-b6f3-4abe0b94febc,2023,f6beac20-5dfe-4d1f-ae02-0b0a740aafd6,"Tyler, The Creator",
spotify:track:4RRjO7ziSD3vKBriTWyCey,A Minute Or 2,User-177606669,"Despite Everything, It's Still User",5770631,,,,,no_match
spotify:track:44kI7aJvJAYJkREVk0Rmei,Confieso,Kany García,Soy Yo,5767941,9ad1a072-ec02-40a0-a12f-c5e28846d31e,2018,b73433e9-24bd-4446-bf0c-40826bd48b44,Kany García,
spotify:track:7pg7o3IJgioG99rhJ04UR5,Enemy,Xdinary Heroes,Livelock,5762402,62af3833-be89-43c0-aaee-46fc5cdd0e53,,d95a463f-e7d3-4c97-98ba-57f75cb4fda2,Xdinary Heroes,
spotify:track:1l2wTLXvUFi6RnbHDpEXi2,Short Sleeves,bl4ck m4rket c4rt,Today I Laid Down,5759699,f066dbed-2446-4753-92b5-81951f3fa3f9,2023,64772898-ff1d-47a9-80e8-ba6069b2cda0,bl4ck m4rket c4rt,
spotify:track:1KA2JLeMi0Mo3hjO0442re,SUPERPOSITION (feat. John Mayer),Daniel Caesar,CASE STUDY 01,5756254,,,,,no_match
spotify:track:70Dt20sMmgLQiYOgnClHw1,"TIRED, NERVOUS & BROKE!",JPEGMAFIA,OFFLINE!,5749938,e1c83ce3-5e36-492d-babb-5bba50f446fe,2021,c42e60f4-4520-4954-b6e4-82bbdf532c11,JPEGMAFIA,
spotify:track:384YpsGjs1gG8zf7S8Uc01,My guy (Corporate shuffle),underscores,Wallsocket (Director's Cut),5742354,f7a123f3-1609-4a72-a60b-8b4117e0fd7d,2024,ab1a3f85-e0ea-470a-af5c-175447ae774c,underscores,
spotify:track:0mDn9q0XZBVI3xICivkTY1,Curl up & Die,Matt Maltese,Krystal,5735928,e716f026-f7e0-44f5-b793-5c3aba18ab75,2019,b27d089c-6b08-4067-9293-406cebde0374,Matt Maltese,
spotify:track:1ez4uWPnJwYufNhYTLVsJr,Soldier Side,System Of A Down,Hypnotize,5732622,c40a76f3-4731-42e2-9acb-a26f2f8dd801,,cc0b7089-c08d-4c10-b6b0-873582c17fd6,System of a Down,
spotify:track:7e8utCy2JlSB8dRHKi49xM,Fluorescent Adolescent,Arctic Monkeys,Favourite Worst Nightmare,5728082,177de5de-a2ff-4c8b-b0b0-01286589ad35,,ada7a83c-e3e1-40f1-93f9-3e73dbc9298a,Arctic Monkeys,
spotify:track:6FwiflJB4b1v8j3h10e9ZM,MANIFESTO (feat. Domo Genesis),"Tyler, The Creator",CALL ME IF YOU GET LOST: The Estate Sale,5713098,,,,,no_match
spotify:track:21JBW8EjewH9UplMGhObN8,Trip on My Words,Manwolves,Trip on My Words,5709141,58b4dd55-7dea-4ddb-9e49-f286ac265273,,507d821a-dd31-426c-8bae-4006148f7ca1,Manwolves,
spotify:track:3MQsY7Kjs0jw25AvqatkQU,Man in the Box,Xdinary Heroes,Deadlock,5703058,e0f0c508-8342-47f9-93f4-21460ff67df8,2023,d95a463f-e7d3-4c97-98ba-57f75cb4fda2,Xdinary Heroes,
spotify:track:1HVBFRVfv0Szzg6yBJhdbv,Neon Ocean,New Dialogue,Neon Ocean,5696613,e537dc87-af27-4cf9-83c4-350d2d5aca33,,bc2b3a1c-fe0a-4a10-817e-7a826434cfd3,New Dialogue,
spotify:track:2TXqbZ0Z520qszjZE8HNqd,Ghost,Xdinary Heroes,Overload,5696560,83b02085-8f4d-4c08-80cd-8d0d405b955b,2022,d95a463f-e7d3-4c97-98ba-57f75cb4fda2,Xdinary Heroes,
spotify:track:2wS1PObRyCywHdmog5eOWW,"Show Business (feat. Diamond D, Lord Jamar & Sadat X)",A Tribe Called Quest,The Low End Theory,5693747,,,,,no_match
spotify:track:7pBrj5rt4SSxXwFKOyZfHR,Dissolve,Absofacto,Thousand Peaces,5693559,c1badef5-32c6-4739-b2c3-bd74182bc726,2018,085bbb68-d9c5-4183-8a2a-f9f7dd53d9f3,Absofacto,
spotify:track:6L88EH68XwlaXwvChlTS41,Epiphany,BTS,Love Yourself 結 'Answer',5691900,adfadeaf-9323-4a16-bed1-43ac42613ec9,2018,0d79fe8e-ba27-4859-bb8c-2f255f346853,BTS,
spotify:track:3uzaK0j4PagUgGEEM3Y2W6,Not Too Late,Lemaitre,1749,5691125,2c8a2648-4390-4fc0-98c8-7fd307022d50,2016,7bc012a7-c5cc-4e7a-9ca6-15db02bbcde4,Lemaitre,
spotify:track:3CgT96psOXwPssPNvYPclP,99 Revolutions,Green Day,¡TRÉ!,5688916,110dcfe1-de81-4c73-ba64-2505f1ea7b7f,,084308bd-1654-436f-ba03-df6697104e19,Green Day,
spotify:track:7hlXiMxN81uctLsvbtHZ8x,Sweet Sacrifice,Evanescence,The Open Door,5687286,d5b0227e-3448-434b-a2a1-1ccdf3e49bf3,,f4a31f0a-51dd-4fa7-986d-3095c40c5ed9,Evanescence,
spotify:track:1lb61ya67YS87CtjYN0bil,No Rules,TOMORROW X TOGETHER,The Chaos Chapter: FREEZE,5684747,8d04cec4-4fa1-48d7-9a2e-f0400b3f10c1,2021,9d027d72-790e-40ec-bbb7-61aa613457de,TOMORROW X TOGETHER,
spotify:track:4HvuYBSFfSFCcZk12Ksq4D,Wavy Gravy,Okey Dokey,"Love You, Mean It",5684255,49850b95-0440-4af7-b433-c90cd315ab35,2016,e43d0728-df9e-4c26-ac3b-a98a91e2f314,Okey Dokey,
spotify:track:2bOHpolvZXFShUIKjgvsvr,Time & Tide,David Arkenstone,World of Warcraft - Battle for Azeroth Soundtrack OST,5675928,a27be236-c093-4a21-9772-97cdad9f4312,2018,50a45c3d-b54b-4fd5-bb83-5046e4ff6813,David Arkenstone,
spotify:track:69kI47FDpbKGs9rd40IiHB,Tranquil White Noise,Linata Ebow,Tranquil White Noise,5670033,,,,,no_match
spotify:track:0pQskrTITgmCMyr85tb9qq,Starman - 2012 Remaster,David Bowie,The Rise and Fall of Ziggy Stardust and the Spiders from Mars,5666107,,,,,no_match
spotify:track:4mmkhcEm1Ljy1U9nwtsxUo,Through The Wire,Kanye West,The College Dropout,5665499,f67982ba-3481-4294-bacc-aced553ab154,2004,164f0d73-1234-4e2c-8743-d77bf2191051,Ye,
spotify:track:0xzhryP1AoHUazYdJ5rj3B,One Vision - Remastered 2011,Queen,A Kind of Magic - Deluxe Remastered Version,5662198,4b0019b1-a7ab-4f82-9ca2-a579ab18032c,2010,0383dadf-2a4e-4d10-a46a-e9e041da8eb3,Queen,
spotify:track:040R2K1gn128MwftR0bdyJ,white noise hall,tenuous,lamentation,5660545,,,,,no_match
spotify:track:6S2gYweMmT6xygVh5q3QLa,House of Cards (Full Length Edition),BTS,The Most Beautiful Moment in Life: Young Forever,5657839,6d041af4-7d32-4735-828c-ed78b4282815,2016,0d79fe8e-ba27-4859-bb8c-2f255f346853,BTS,
spotify:track:5EJA7Rwkeuvm98CZg0XXNO,What Would I Do?,Strawberry Guy,What Would I Do?,5645944,b3399d61-1c8a-471d-abd7-9d15ded69067,2019,287cb25a-9b05-474c-9ad1-38046a46c37f,Strawberry Guy,
spotify:track:2birRpnQp6dnE96zEDLpkQ,Walking to the Moon,Xdinary Heroes,Troubleshooting,5644976,58b012f0-ca5f-4bcf-a045-2f049c7b856a,2024,d95a463f-e7d3-4c97-98ba-57f75cb4fda2,Xdinary Heroes,
spotify:track:0pvZCv4JOS5WBu7JITYef6,I Hope You Find Your Way Home,"Tyler, The Creator",CHROMAKOPIA,5642027,917110b2-453c-4110-b629-942e51282c0b,2024,f6beac20-5dfe-4d1f-ae02-0b0a740aafd6,"Tyler, The Creator",
spotify:track:19OkRBh4PA9yYRLQqRayE4,Wish You'd Ask Me,Matt Maltese,Krystal,5640225,4ba2930a-0aea-4fee-9ec6-c0081fc856ef,2019,b27d089c-6b08-4067-9293-406cebde0374,Matt Maltese,
spotify:track:09keT5ocFhEd5W5HidiUNq,Chk Chk Boom,Stray Kids,ATE,5637299,b366ac83-6791-43ef-ad04-095b6dc2ab8f,2024,142b343d-bf5a-428c-a64f-6d1a7566bbe9,Stray Kids,
spotify:track:2ApfJvLr7RbhJl6NOVhEu6,Singularity,BTS,Love Yourself 結 'Answer',5628213,ee066c10-89e9-45f6-8a98-2e371a06b271,2018,0d79fe8e-ba27-4859-bb8c-2f255f346853,BTS,
spotify:track:0EYOdF5FCkgOJJla8DI2Md,B.Y.O.B.,System Of A Down,Mezmerize,5627357,bbb53db7-6992-4870-8277-2a4628cb017e,,cc0b7089-c08d-4c10-b6b0-873582c17fd6,System of a Down,
spotify:track:69Kzq3FMkDwiSFBQzRckFD,This Night Has Opened My Eyes - 2011 Remaster,The Smiths,Hatful of Hollow,5625320,,,,,no_match
spotify:track:77zrQYGnjNbO2jrIiJW8oz,Octane,Creo,Octane,5620658,7afd6460-315e-4628-bd7d-fdf03f1e356c,2020,754e2a05-7f44-4898-bcfd-64a837a6b05f,Creo,
spotify:track:3GdwjAsCsoE79ObhsJFyYb,I Killed You,"Tyler, The Creator",CHROMAKOPIA,5617865,8597c18c-aad4-4c6a-bfa8-a02cd7ac45ea,2024,f6beac20-5dfe-4d1f-ae02-0b0a740aafd6,"Tyler, The Creator",
spotify:track:4qmkqE9wlEipIrWQGeArQo,Reforged,Russell Brower,World of Warcraft: Cataclysm Original Soundtrack,5616379,8733fd56-f4fd-4223-a098-88a812ef74d4,2010,3c84e93f-94e2-41b7-803d-ecccc61dd2de,Russell Brower,
spotify:track:0sb1fCD9OSi43f1mMFbdsc,Sleeping Like a Baby with White Noise,Atmosphere of Calm,White Noise Sleeping Pill,5616000,,,,,no_match
spotify:track:0wqqe8k13bJPxRt7FEmnwS,So What,BTS,Love Yourself 轉 'Tear',5615033,46e8390b-180a-4911-a201-42bd1cda5432,2018,0d79fe8e-ba27-4859-bb8c-2f255f346853,BTS,
spotify:track:1GErReAT0swX36x3O8GyQn,To the End,My Chemical Romance,Three Cheers for Sweet Revenge,5610524,e9e99b51-78d7-4582-b148-69681020bb7c,2025,c07f0676-9143-4217-8a9f-4c26bd636f13,My Chemical Romance,
spotify:track:6zrsmzrMoxNkXEQLubCWtA,Verses from the Abstract (feat. Vinia Mojica & Ron Carter),A Tribe Called Quest,The Low End Theory,5598206,,,,,no_match
spotify:track:6meS5OtsMtYJFhtstH6UKA,Sleep Noise,Lübecker,Sleep Noise,5593155,,,,,no_match
spotify:track:7bUFAdnKK8CxEWWyzdopo0,Tangled In The Great Escape,Pierce The Veil,Collide With The Sky,5591933,2ca99b4f-6144-4397-95e3-ecc3543d7af6,2012,8ed919fb-eaee-45a1-ba99-b3ede9ca5f1d,Pierce the Veil,
spotify:track:6CFXiGEpTjmERwc11PzBes,Bruh,Gezebelle Gaburgably,Gaburger,5589922,666f1751-0f1a-4132-8e91-f7c9feff60ee,2023,8d7739bb-ed4f-4015-91a5-11f93b1c94ab,Gezebelle Gaburgably,
spotify:track:34xTFwjPQ1dC6uJmleno7x,Godspeed,Frank Ocean,Blonde,5587869,6f390fd7-6806-4d0c-aa34-7b748b7a099e,2016,e520459c-dff4-491d-a6e4-c97be35e0044,Frank Ocean,
spotify:track:1H6qzZvQ50I7G9iOvxTSU8,Pay Me Back,Rare Americans,Rare Americans,5582799,2a008d08-69e1-4439-912a-13f0b4ce6741,2018,78fcc713-214b-4f04-a84e-af800e2d34ba,Rare Americans,
spotify:track:59FkotsbW1sGb8LGZKE7ud,The Motions,Matthew West,Something To Say,5580599,6b39d866-c6c2-4eb0-b041-764393141c0a,,40baf67d-1490-47e2-95e4-c83273df7c9f,Matthew West,
spotify:track:3t99aM9eXtVHNACRuLgcwy,Viper King (Bonus track),Dream Theater,Distance Over Time,5578588,,,,,no_match
spotify:track:1th3G3okofWlvGWAAR7Y4V,School Spirit,Kanye West,The College Dropout,5577689,fe475301-6c5b-4ae9-991a-df97a5dac734,,164f0d73-1234-4e2c-8743-d77bf2191051,Ye,
spotify:track:3bWGaqVeYKMlLss40mPgNn,"Hello, I Love You",The Doors,Waiting for the Sun,5563756,d2a7267e-5859-442a-8461-3f620a42301c,1987,9efff43b-3b29-4082-824e-bc82f646f93d,The Doors,
spotify:track:5fO3kEdjqnYDbYT0ME7SXg,Mixtape#2,Stray Kids,Clé 2 : Yellow Wood,5558564,bceda064-715c-4a05-bfe0-c2caf51ea3ba,2018,142b343d-bf5a-428c-a64f-6d1a7566bbe9,Stray Kids,
spotify:track:1MewhvBPNpnx9CarLQgdPq,Seven Million Faces,Swingrowers,Seven Million Faces,5554556,cd5f1491-789c-4e8e-a338-bd38d05265f1,2021,3c011436-48f6-4f9a-8930-8430afdfd328,Swingrowers,
spotify:track:7g7or6ba1mBgq5Ydj2ixjs,INBETWEEN,DUSTY,UNDERGROWTH,5539238,c60b07b8-7c29-45fa-9f05-0651a2493e3c,,ad3a7678-18a2-4752-8592-b2d62a01755e,Dusty,
spotify:track:2M6P0j9uCqFzx8u9P4VxNi,CORSO,"Tyler, The Creator",CALL ME IF YOU GET LOST: The Estate Sale,5532852,94c42ded-fc2d-4e04-90b8-ecca0f16a8b0,2021,f6beac20-5dfe-4d1f-ae02-0b0a740aafd6,"Tyler, The Creator",
spotify:track:1O695QUyM6aIc8FJWP8s3X,Slipping Into Dreamland,Deepnoum,White Dreams,5530590,715ba4f5-25ae-4cde-b334-65c00c85683e,2023,7c889907-5c9f-4441-bdeb-4cf78b1e9e32,Deepnoum,
spotify:track:5ZkRYmKXy03QinCIlmPQtD,Trigger - Zekk Remix,Dustvoxx,SUPERNATURAL,5520953,,,,,no_match
spotify:track:2u6fRGcaBhpI4uNBHpGv0b,Hallelujah,Rufus Wainwright,Vibrate: The Best Of,5507708,f7e451f4-b019-43ce-bee9-ebc3788184c7,2001,78e46ae5-9bfd-433b-be3f-19e993d67ecc,Rufus Wainwright,
spotify:track:0CySZwyRJ0vyUqtSjM9i2k,Club classics,Charli xcx,BRAT,5505835,baabbed4-74e6-480a-9461-3c8f63297448,2025,260b6184-8828-48eb-945c-bc4cb6fc34ca,Charli xcx,
spotify:track:7oK9VyNzrYvRFo7nQEYkWN,Mr. Brightside,The Killers,Hot Fuss,5497492,cdd611f4-f270-405b-910b-fddf60dff322,2009,95e1ead9-4d31-4808-a7ac-32c3614c116b,The Killers,
spotify:track:43Pmqpiw4zFY77pT5QdxQ8,ISTJ,NCT DREAM,ISTJ - The 3rd Album,5497201,5d0e9191-498f-4a72-8f37-db2c6b92830f,2023,dc7c8277-d4b6-4bca-bdfe-50eee42536ac,NCT DREAM,
spotify:track:3oPovkhQZHAMZk1ZcRSRk2,Way Of The Monk,Neal Acree,World of Warcraft: Mists of Pandaria Soundtrack,5488615,78f49db0-f8ab-45a0-bc7e-971bf0595544,2012,6647af6b-8ea2-48bd-9d24-a8c478ed45ce,Neal Acree,
spotify:track:1G3YgeTpECl3LYqFsUfzs5,WUSYANAME (feat. Youngboy Never Broke Again & Ty Dolla $ign),"Tyler, The Creator",CALL ME IF YOU GET LOST: The Estate Sale,5483849,,,,,no_match
spotify:track:1CKo7tzWiPzIGXc28DrABh,I Was Born To Love You - 2011 Remaster,Queen,Made in Heaven - Deluxe Remastered Version,5480173,,,,,no_match
spotify:track:1YYTAOi1YMxmGclyO1HH6O,Elwynn Forest,Jason Hayes,World of Warcraft Original Soundtrack,5477616,5d3de7e2-054a-4b18-a74b-d9dcae2f6403,2023,7fd43bc8-b5ff-45ed-8ce5-1b0c17114a9e,Jason Hayes,
spotify:track:67XC51nlZncNpHmZ8rOU9a,We Cry Together,Kendrick Lamar,Mr. Morale & The Big Steppers,5477553,2f60b585-a309-4996-be15-7c70eacfccd4,2022,381086ea-f511-4aba-bdf9-71c753dc5077,Kendrick Lamar,
spotify:track:0qO48c5lYvN1enAH5HBWoa,Pain Shopping,grandson,Death Of An Optimist,5475309,b2753c88-fff5-40bd-9d02-2fb5ba15ce81,2020,cc699fe3-db51-4837-928f-8f712c61a01a,grandson,
spotify:track:1ZcX9khYwLeaBAblOEUZNs,Oh Comely,Neutral Milk Hotel,In the Aeroplane Over the Sea,5469753,c18359d0-0648-4378-91f4-96291493c54b,,a506f761-2c22-4b2f-8a94-bd748c2c8f75,Neutral Milk Hotel,
spotify:track:71VtqHXE00DYtK8hhPaKHn,Apologize,grandson,a modern tragedy vol. 2,5466140,fc891a76-a074-4012-bed6-f376a3246a0b,,cc699fe3-db51-4837-928f-8f712c61a01a,grandson,
spotify:track:4atsZkGtoHHPugKK5wzAE1,I GOT IT (HAN),Stray Kids,SKZ-REPLAY,5461255,,,,,no_match
spotify:track:06pQBEBRpmMv9JlxbpLp0E,Oh My!,SEVENTEEN,SEVENTEEN 5th Mini Album 'YOU MAKE MY DAY',5449625,547c50ba-edcb-4197-b73a-e44e6baf67aa,2018,e04d239e-9fa8-49b3-b9b7-9e439c3cb1d1,SEVENTEEN,
spotify:track:7qfoq1JFKBUEIvhqOHzuqX,Non-Stop,Leslie Odom Jr.,Hamilton,5449161,c6538eef-aa78-4ead-bc86-a53796aa0251,2015,36f83895-5a69-47c1-a4a2-e2449acbf64a,"Leslie Odom, Jr.",
spotify:track:1eQBEelI2NCy7AUTerX0KS,Ultralight Beam,Kanye West,The Life Of Pablo,5447599,4661f780-e35d-4d74-b817-d375ce0ca75e,2016,164f0d73-1234-4e2c-8743-d77bf2191051,Ye,
spotify:track:6APgOMkG1jkeFZD3rfCpvp,dedd barchetta,Sugs,dedd barchetta,5443479,3ffd6200-741f-41e4-ba71-56c2f8f63391,2020,8623a957-7d28-499e-9485-aa9374159887,Sugs,
spotify:track:6D3t4w54PgLNGQ48R7th7R,LIFE AFTER SALEM,Lil Nas X,MONTERO,5441122,8cf1aa91-a73f-4b0f-ba5b-7ad8cbd7cff3,2021,0b30341b-b59d-4979-8130-b66c0e475321,Lil Nas X,
spotify:track:6DDLnwNKKt5jRjghysaLem,Digital Waves,Sleeping Voyage,Digital Waves,5440500,,,,,no_match
spotify:track:2lxqOVJzuS0s1SgulAvkav,Cave Song,Pretty Vicious,Cave Song - EP,5438949,a94b2b81-3202-40e5-8d8d-58b307ab8057,2016,afb2b805-72f3-4d70-8f6e-143db2750137,Pretty Vicious,
spotify:track:0WmODCqShEPfrORtEDKVnz,good morning,CatDany,good morning,5431096,91c54d35-647f-4aff-9ea3-abc97babda4b,2017,a3e6b986-9ba2-4089-8157-bc92e9c471af,CatDany,
spotify:track:6vAQtUlYrzolE6SS9QCTs5,All Out Life,Slipknot,All Out Life,5429133,14ab9aca-1dae-4b70-8ca8-c73402045b30,,a466c2a2-6517-42fb-a160-1087c3bafd9f,Slipknot,
spotify:track:10YFYoZLdmndVVAjIT2U6x,"""The Weald Is Watching""",Glenn Stafford,World of Warcraft: Shadowlands Original Soundtrack,5428457,68b887e7-71e5-4750-a5f2-4758c70d072c,2020,2465d7da-7da3-42ea-8440-e701775d856b,Glenn Stafford,
spotify:track:0axF06XwNLobcx5z8BVtYw,"Give 'Em Hell, Kid",My Chemical Romance,Three Cheers for Sweet Revenge,5420679,377e7d3d-2164-4899-a60c-f391c50a9165,2025,c07f0676-9143-4217-8a9f-4c26bd636f13,My Chemical Romance,
spotify:track:2qUdyHfwfsN3FKOaQ241cC,The Water's Fine!,Liana Flores,The Water's Fine!,5419146,c88c9b31-4d03-406c-b2f7-de427cb53134,2018,9f93c34a-2dc2-400e-ada5-937c3efc3437,Liana Flores,
spotify:track:3vvBMjyD7ZesKHe1k00gxO,Stay Away from My Friends,Pierce The Veil,Selfish Machines,5418275,d19c5598-0f96-4dc1-9b3f-9e1a8db77328,2013,8ed919fb-eaee-45a1-ba99-b3ede9ca5f1d,Pierce the Veil,
spotify:track:51TG9W3y9qyO8BY5RXKgnZ,Symphony Of Destruction,Megadeth,Countdown To Extinction,5416802,0663379a-5e3d-4b39-b617-a966c1105f55,1998,a9044915-8be3-4c7e-b11f-9e2d2ea0a91e,Megadeth,
spotify:track:5kcLGL8xKMpuLw1hoMfxD4,Sound Asleep,Trapture,Sound Asleep,5409500,,,,,no_match
spotify:track:3EGClTyUMdbeiJU44fIDm4,Sauce,Manwolves,Sauce,5404133,12d754fd-013d-43ee-810f-888a59632a67,,507d821a-dd31-426c-8bae-4006148f7ca1,Manwolves,
spotify:track:3u9PAti8muEXXvEjeFpQK0,WHARF TALK (feat. A$AP Rocky),"Tyler, The Creator",CALL ME IF YOU GET LOST: The Estate Sale,5402756,,,,,no_match
spotify:track:5bTuwAgYUD5MABOIPH8ZMt,You Know What They Do to Guys Like Us in Prison,My Chemical Romance,Three Cheers for Sweet Revenge,5398042,6cd450eb-5d3a-4d44-8775-6e24a55da298,,c07f0676-9143-4217-8a9f-4c26bd636f13,My Chemical Romance,
spotify:track:0UIwgFLFdfFGexQDZOlVV6,Ay One - Brainless Mix,Sugs,Ay One,5397532,,,,,no_match
spotify:track:1TGiB4KEDY8dlpXrIWQ2f1,DANCING WITHOUT MOVING,Quadeca,"Vanisher, Horizon Scraper",5381488,06524103-64f4-4750-87eb-601fca99a9b3,2025,3a4024dc-cc62-4d9b-8bed-c22426136a52,Quadeca,
spotify:track:1UJNbgfTzG1gZZTWFJdMf1,Superfast Jellyfish (feat. Gruff Rhys and De La Soul),Gorillaz,Plastic Beach,5378295,,,,,no_match
spotify:track:3JR2RztQcOjUQGQSybxDIO,ONE OF ME (feat. Elton John),Lil Nas X,MONTERO,5374841,,,,,no_match
spotify:track:1nWB8isqs2tviWk20G5pow,Lie,BTS,Wings,5371217,97530e9e-c09c-481b-87b4-3408c5a75094,2016,0d79fe8e-ba27-4859-bb8c-2f255f346853,BTS,
spotify:track:3b1IQflSLrgzYQPGFzI9cl,Es Por Ti,Juanes,Un Día Normal,5367870,c25d8f15-24f5-4366-984a-1700328887cc,2002,8b0f05ce-354e-4121-9e0b-8b4732ea844f,Juanes,
spotify:track:05tFLPSXJ1BbqIXy4Jeqfh,End,Frank Ocean,channel ORANGE,5367077,f4dd4b27-f790-49f3-bd13-84dedd680380,2012,e520459c-dff4-491d-a6e4-c97be35e0044,Frank Ocean,
spotify:track:3vlSUe0EUTRqohsbwKABNf,Awakening (Demo),Spaze,Experimental Demo Age,5366849,,,,,no_match
spotify:track:4BHSjbYylfOH5WAGusDyni,YAH.,Kendrick Lamar,DAMN.,5366744,60cd3151-8965-4201-9a7b-e42b5983db7e,,381086ea-f511-4aba-bdf9-71c753dc5077,Kendrick Lamar,
spotify:track:11MiyX62uU1P4Wb2AHzdhZ,PLEASE BE NICE,Black Dresses,Peaceful as Hell,5359281,a4ef2177-5e6d-4c0e-b7cb-14b50b123423,2020,c5b2a3ca-4a5e-4ce2-a45a-ef69d909a498,Black Dresses,
spotify:track:4EtZ3hraFrVStln3OtkN2V,Noise Enclosure (White Noise),Zero Oto,Noise Enclosure,5353338,,,,,no_match
spotify:track:7E3FdWpPkWTCggsanYXj30,THE BROWN STAINS OF DARKEESE LATIFAH PART 6-12 (REMIX) (feat. ScHoolboy Q),"Tyler, The Creator",Cherry Bomb + Instrumentals,5352893,,,,,no_match
spotify:track:03XhDAepiykXhWCi9wiJeo,Don't Forget(to Forget Me),CoaastGxd,Forget Me,5349891,,,,,no_match
spotify:track:2VxeLyX666F8uXCJ0dZF8B,Shallow,Lady Gaga,A Star Is Born Soundtrack,5345255,6a3c962b-34ef-4a89-aac5-5381d238630d,2025,650e7db6-b795-4eb5-a702-5ea2fc46c848,Lady Gaga,
spotify:track:1EOWf8bsePF6QtiDUAclrJ,Catch a Grenade - The Hooligans Remix,Bruno Mars,The Grenade Sessions,5345098,,,,,no_match
spotify:track:6xXOccbtBkxMRhgfqwkRex,The Forbidden Reach,Glenn Stafford,World of Warcraft: Dragonflight,5342850,097f0457-7b95-4b36-babb-0ab4aff2fab4,2022,2465d7da-7da3-42ea-8440-e701775d856b,Glenn Stafford,
spotify:track:2C0KFbb4v9CNWR5c9jWcKC,Andromeda (feat. DRAM),Gorillaz,Humanz,5339891,,,,,no_match
spotify:track:6K07Ahf6V7CAQn0ikrOztl,So Appalled,Kanye West,My Beautiful Dark Twisted Fantasy,5335945,a6d35852-cbfa-4223-9bd3-45f0de1577ba,2023,164f0d73-1234-4e2c-8743-d77bf2191051,Ye,
spotify:track:3gTQwwDNJ42CCLo3Sf4JDd,S-Class,Stray Kids,5-STAR,5332133,37a71085-571a-4f55-ba68-46752c93efb2,2023,142b343d-bf5a-428c-a64f-6d1a7566bbe9,Stray Kids,
spotify:track:5QMrH5nszZZR3nefIj6Mar,Defying Gravity,Cynthia Erivo,Wicked: The Soundtrack,5329854,59a52bfc-57f5-4205-9a51-0e81bd6f9c15,2025,752bebd2-b44c-41bb-8a21-bdf3cd1b5518,Cynthia Erivo,
spotify:track:31BytoFriZPWMUUbGUaknN,Relax In Noise,The Art of Nature,Relax In Noise,5328931,,,,,no_match
spotify:track:6cA1usDL8nTHeSgFewQat3,After Hours,The Velvet Underground,The Velvet Underground,5328286,e2bcb1a4-efde-42dc-b410-0ac0a3cb9233,1969,94b0fb9d-a066-4823-b2ec-af1d324bcfcf,The Velvet Underground,
spotify:track:6FrJELq39kHa0lllsUgyS4,Rumore Bianco,Relaxed Minds,Rumore Bianco,5323260,1b2427fd-7aaf-4329-9e39-f9a63ffd306b,2021,e89fd475-545f-4746-b04b-b2fa7e87ad14,Relaxed Minds,
spotify:track:7DD7eSuYSC5xk2ArU62esN,Help! - Remastered 2009,The Beatles,Help!,5318644,cdf418f9-6bb1-497b-904c-dfe083d83498,1984,b10bbbfc-cf9e-42e0-be17-e2c3e1d2600d,The Beatles,
spotify:track:2X4Nz5BFIcrwP9JmSfsY1Q,Grandpa's Groove - Extended Version,Parov Stelar,Grandpa's Groove,5309847,a8adaa1d-ae6d-40ab-b5b3-c3d208a5b514,2016,fe1a873d-2000-4789-a895-4187fe756203,Parov Stelar,
spotify:track:2iW0q5jJJT5HKlIs25AAgv,HOME;RUN,SEVENTEEN,; [Semicolon],5304035,0a2fb17e-1b8c-4470-a6c4-5932504f1a28,2020,e04d239e-9fa8-49b3-b9b7-9e439c3cb1d1,SEVENTEEN,
spotify:track:1mnQiO568zXIrUncttTZGp,Good Old-Fashioned Lover Boy - Remastered 2011,Queen,A Day At The Races,5303968,4b872703-7be7-4f5a-b8af-57f20a655b67,1992,0383dadf-2a4e-4d10-a46a-e9e041da8eb3,Queen,
spotify:track:5R8d9Q56P9Ks5xkKXuFtMl,Apophis Oreos,Rav,B-Sides Vol.3 (2011-2015),5299463,31b56605-bc81-4073-b4d3-3cfb65e9021b,2016,dd2ae026-4144-4ee3-a7b4-09434a465c34,Rav,
spotify:track:1tXceHaqznS3gVbIwYxmZV,Finale,The Hunchback of Notre Dame Company,The Hunchback of Notre Dame,5290999,,,,,no_match
spotify:track:5VzeI5JM2y9t21JwrWAnkH,Addiction,Kanye West,Late Registration,5283576,b3e310a1-f31a-4957-b0ad-08b190b45daf,2005,164f0d73-1234-4e2c-8743-d77bf2191051,Ye,
spotify:track:0tfeN7mf5y5Fyz8xxoNTB9,Starburst,Danny Brown,Stardust,5273363,0ee157ee-fa51-4788-ab50-cbdaa3f9e273,2025,960afc67-9c21-46dd-9c7f-ff2b509e3150,Danny Brown,
spotify:track:7HKfrU3iuEFrKxTAfVznrG,The Jetset Life Is Gonna Kill You,My Chemical Romance,Three Cheers for Sweet Revenge,5272814,c2a4891c-1e59-4bf4-9e44-acb252fcc09b,2009,c07f0676-9143-4217-8a9f-4c26bd636f13,My Chemical Romance,
spotify:track:6Qn5zhYkTa37e91HC1D7lb,Whatever It Takes,Imagine Dragons,Evolve,5268320,56ea8e99-e9fc-456f-aaf5-bb5e3bd9ef64,,012151a8-0f9a-44c9-997f-ebd68b5389f9,Imagine Dragons,
spotify:track:3bcvk1PiCoAKDxizlZuCo1,Dun Morogh,Jason Hayes,World of Warcraft Original Soundtrack,5267743,b5f1a2a9-5cf0-47c6-8c7c-3d18d442f0dd,2023,7fd43bc8-b5ff-45ed-8ce5-1b0c17114a9e,Jason Hayes,
spotify:track:3bjg5cbmuwDoS7e2dAWyRG,Butterfly,BTS,The Most Beautiful Moment in Life Pt.2,5261652,57583826-56dc-4d3b-8644-805134861412,2015,0d79fe8e-ba27-4859-bb8c-2f255f346853,BTS,
spotify:track:0kYUrLVQOfx21xuXu7OGrT,All These Things That I've Done,The Killers,Hot Fuss,5250691,4fb80c89-2beb-4349-831e-32dcfeaaaeca,,95e1ead9-4d31-4808-a7ac-32c3614c116b,The Killers,
spotify:track:5TFGStvx07PrdqAwCqcfk1,When You Wash Your Hair,Matt Maltese,Krystal,5249516,cb393f06-82bb-4c2f-99ff-46258b762b0b,2019,b27d089c-6b08-4067-9293-406cebde0374,Matt Maltese,
spotify:track:462OPOKW0VMbvW9H7HIb0U,Don't Call Me,SHINee,Don't Call Me - The 7th Album,5248043,578ff593-a7c3-4fbf-8c5b-ea20807b46fb,2025,70e5098b-c4ae-4cd7-9799-3c1b9b57c753,SHINee,
spotify:track:6ATqL4f1nFWwASrWi8nF6e,agoraphobic,CORPSE,agoraphobic,5244346,b5f5d395-e1fb-4fe3-8b6e-786103f1567f,2020,d8e99eeb-94c6-4de4-b23c-39e90faa73a3,CORPSE,
spotify:track:2PFnwW05Wh0MYkfZxSwfuf,Miracle Man,Oliver Tree,Ugly is Beautiful,5236718,72640dd5-1c15-41b4-b571-c3a379013d5f,2020,1fa3bded-908f-47be-9784-3c9ef850682b,Oliver Tree,
spotify:track:17NEklpS8Q41gkKSwZSiFK,Neon Nebraska (feat. Porsches),Savoy,Neon Nebraska (feat. Porsches),5234828,,,,,no_match
spotify:track:16LjD9K8Nv7slf267kbQJV,Pillow State of Mind,Sonic Observations,Pillow State of Mind,5231536,,,,,no_match
spotify:track:7fBHjuqAIVOdy5xoNxy5YQ,Weak,AJR,The Click,5230133,76fb1851-6285-4e46-9f87-744cdc9e1811,2018,2eb55bd9-cfbf-44fd-a5da-92dd825284c7,AJR,
spotify:track:7LHfH5NwvTvaUOavdgMSEl,Chapstick - Demo,Hippo Campus,Demos II,5223343,1812dd30-d441-4068-8e42-a1e52e4fd217,2019,cf9655a8-ce1e-414e-9843-de1c4a60830d,Hippo Campus,
spotify:track:0oerlffJSzhRVvtDfLcp3N,Wanted Dead Or Alive,Bon Jovi,Slippery When Wet,5220050,6291324e-3c71-4e02-a353-bfe72db99310,2013,5dcdb5eb-cb72-4e6e-9e63-b7bace604965,Bon Jovi,
spotify:track:1YURhiu1WrYaqIJvHJbXnA,Duskwood,Jason Hayes,World of Warcraft Original Soundtrack,5214353,f934e4e7-4faf-4c91-981f-733d4bc2c14d,2023,7fd43bc8-b5ff-45ed-8ce5-1b0c17114a9e,Jason Hayes,
spotify:track:6WhtwHTLgxYRNoW1OPDuQo,Passionfruit,Rav,New Moon,5214076,,,,,wrong_artist
spotify:track:0M8XcBsYL0Gm8ewxTPYXzQ,White Noise Low Frequency,Chrome Details Noise,Chrome White Noise,5207533,,,,,no_match
spotify:track:6bGac1gBHs7kUKihrudMzq,Bulletproof Love,Pierce The Veil,Selfish Machines,5192642,bc6d992e-8c67-45fe-96a2-2637162dcd7e,2010,8ed919fb-eaee-45a1-ba99-b3ede9ca5f1d,Pierce the Veil,
spotify:track:5fj32MKLHkut2Vod1UodcU,AMYGDALA,Agust D,D-DAY,5184505,be9fbbb8-fe97-4f13-b095-99fb19ef2ced,2023,f09d2950-e3c6-47b2-b21c-2bad2cd3f616,Agust D,
spotify:track:1WTBlwsPa8XBOQp1KR8ZK7,Old Growth,Neal Acree,World of Warcraft: Warlords of Draenor Original Game Soundtrack,5183034,70a42360-86d4-4084-85c5-0e415503c3c4,2014,6647af6b-8ea2-48bd-9d24-a8c478ed45ce,Neal Acree,
spotify:track:7wL7Lb8Q3aYyq6gmRL0PZq,Graduation Day,Kanye West,The College Dropout,5182409,a2ed4609-37e2-4748-b937-6878ec7e7f86,2004,164f0d73-1234-4e2c-8743-d77bf2191051,Ye,
spotify:track:2oFm8HbzGMCRnOozyIonRB,Office Canceling Noise,PARCEL,Momentary Repose,5181480,,,,,no_match
spotify:track:4nGAoP1Q1SNv0sd8bK54TF,TRUST! - OFFLINE,JPEGMAFIA,OFFLINE!,5181125,,,,,no_match
spotify:track:5ypxL3SherdMlc8lARuRGR,Bitter Sweet Symphony,David Garrett,Rock Revolution,5155872,8c19acf7-5f47-49f4-97c0-0d2ca5081055,2017,88be1fb5-0112-4549-9608-526591c7f415,David Garrett,
spotify:track:1GSFYlCrIVAEmwxvwtYyRi,Darnassus,Tracy Bush,World of Warcraft Original Soundtrack,5154822,,,,,no_match
spotify:track:2aDDJ1mm13AD7LjvbgqASg,Underworld (Demo),Spaze,Experimental Demo Age,5151043,,,,,no_match
spotify:track:3x4I4nRuZp5NdtGvCPw6Ms,IV. Sweatpants,Childish Gambino,Because the Internet,5149707,f5c8178b-e30b-401f-ab4d-fd28464d73b8,2020,7fb57fba-a6ef-44c2-abab-2fa3bdee607e,Childish Gambino,
spotify:track:7rYSgzKpt48TMlUvItwPeC,"""Night Embrace You""",David Arkenstone,World of Warcraft: Shadowlands Original Soundtrack,5148593,2be6858e-d6d1-4fdd-8339-4b3ae0325452,2020,50a45c3d-b54b-4fd5-bb83-5046e4ff6813,David Arkenstone,
spotify:track:6vATJa4sRvNJ4bZfM5JXl9,Human Remains,Matt Maltese,Krystal,5146420,cf4a2780-3185-4ad1-a0a0-06239e372942,2019,b27d089c-6b08-4067-9293-406cebde0374,Matt Maltese,
spotify:track:4cRIh4MGA1j3g7CZLn1Tnj,Slack-Jaw,Jarv & Thief,The Boiler Room,5140811,3e05e5cb-5d81-4e16-8c40-005f4766cbee,2016,0e431661-0291-4fc2-90f2-a47e057e0a6a,Jarv,
spotify:track:3bIfLvq2cb67eXtFbzUwKb,alarm,atlas,alarm,5136821,0dc5d6ee-023e-491f-9868-76b674cb44d6,2017,d604a2f1-6397-458a-be95-ab47403a3e9f,Atlas,
spotify:track:5mnB9OWlLTicLpS256bNId,Socks,"Black Country, New Road",Forever Howlong,5135491,2e267340-63fa-4431-998a-2ea522677aeb,2025,e9403d9c-329b-4108-a26f-564159d441d9,"Black Country, New Road",
spotify:track:5pU4E6MACvOJPc6eTn4GPg,Sleep White Noise,Scandinavian White Noise,Scandi Noise Vol. 2,5133322,,,,,no_match
spotify:track:7H0ya83CMmgFcOhw0UB6ow,Space Song,Beach House,Depression Cherry,5130300,61be841a-1c54-405e-8f2c-06f3ce7ab34d,2022,d5cc67b8-1cc4-453b-96e8-44487acdebea,Beach House,
spotify:track:5XeFesFbtLpXzIVDNQP22n,I Wanna Be Yours,Arctic Monkeys,AM,5129972,c30fe22d-ddf5-4b96-b232-2673fa033e44,2024,ada7a83c-e3e1-40f1-93f9-3e73dbc9298a,Arctic Monkeys,
spotify:track:3lCItthMebBJS2wSuvGYVZ,Lil Empathy,Rav,New Moon,5127063,59554806-3d69-416d-a255-6398937c8d3e,2018,dd2ae026-4144-4ee3-a7b4-09434a465c34,Rav,
spotify:track:1O404a65Sct44twlsrxi7N,Brittle Bones Nicky,Rare Americans,Rare Americans 2,5120407,fc588395-928d-40d1-aa6d-e60a7b1dab1b,2022,78fcc713-214b-4f04-a84e-af800e2d34ba,Rare Americans,
spotify:track:1SgRnIFTs39lSkQJACYDoY,Fear,SEVENTEEN,An Ode,5119433,,,,,<urlopen error timed out>
spotify:track:1n4jwRVXdkK2U34nBDUKKT,BLOOD.,Kendrick Lamar,DAMN.,5099824,e561e69b-fc47-4a41-b9e1-6856980a77e5,2017,381086ea-f511-4aba-bdf9-71c753dc5077,Kendrick Lamar,
spotify:track:5rJXo4pMH5JiEt4e3QwL7r,NONAME!,CAIRO!,NONAME!,5094734,,,,,no_match
spotify:track:5NcLyVjUgG0yfwHgr5t81w,MOONLIGHT SUNRISE,TWICE,MOONLIGHT SUNRISE,5092250,1441a1c9-f295-4104-a97c-50c663349f19,2023,8da127cc-c432-418f-b356-ef36210d82ac,TWICE,
spotify:track:47ytF24cNwc9QYCVtd6z17,Better days,KESHORE,Better days,5091656,,,,,no_match
spotify:track:11sirgYaEutV40tkvgpHN6,NEURON (with Gaeko & YOON MIRAE),j-hope,HOPE ON THE STREET VOL.1,5090358,,,,,no_match
spotify:track:0qSIzXmJv5L9nk0YIJpTst,Drizzling White Noise,Molec,Drizzling White Noise,5082014,,,,,no_match
spotify:track:2V9iKC8LVttutm70UgI9jB,Valley Of The Four Winds,Edo Guidotti,World of Warcraft: Mists of Pandaria Soundtrack,5081012,31ceebcf-e9b6-4b22-9953-3db7beae42c8,2012,f721a848-c8a0-4043-85e5-a17fe4860835,Edo Guidotti,
spotify:track:7L5KRj6qNnVIsXWWVA37FZ,Stars,Kyle Pederson,"New Choral Voices, Vol. 2",5076624,0fd1d10c-4206-4d34-98f7-f23ea25b5ef7,2025,63163ccb-4f3d-4581-9154-34d9a8697395,Kyle Pederson,
spotify:track:2gOKJx09WDhxgZWfYSWIIG,White Storm,Equantos,White Storm,5073079,,,,,no_match
spotify:track:0iBZq0JWdp5oE5R2lpoqi3,White Noise - 14400 Hz Gain - Q 1.60,Noise Library,Sleep Recordings,5071819,,,,,no_match
spotify:track:5EV4bGHxVN0kHpcAFvgnTt,"Dance, Baby!",boy pablo,Roy Pablo,5064526,dbe815e3-bbaf-46d2-8eb3-ac97645f9961,2017,512171a4-d41a-4df6-838d-de0a47aea068,boy pablo,
spotify:track:3jiKUMXqwEodB7gVv1RMZU,After Last Night (with Thundercat & Bootsy Collins),Bruno Mars,An Evening With Silk Sonic,5062849,,,,,no_match
spotify:track:6E8EAroyZLFR80NO8Ucliy,Strawberry Cake,Xdinary Heroes,"Hello, world!",5060674,d35b8a9c-1eb8-490d-af47-b54e67d8b2d0,2022,d95a463f-e7d3-4c97-98ba-57f75cb4fda2,Xdinary Heroes,
spotify:track:2g6tReTlM2Akp41g0HaeXN,Die Hard,Kendrick Lamar,Mr. Morale & The Big Steppers,5056462,3ec4127b-c941-4ba4-a868-235a6128dc18,2022,381086ea-f511-4aba-bdf9-71c753dc5077,Kendrick Lamar,
spotify:track:29r5gr7b0f710smqMrm7pP,Happily Ever After,TOMORROW X TOGETHER,The Name Chapter: FREEFALL,5055634,d6c38912-b26b-478d-b6ee-14dd47c81e84,2023,9d027d72-790e-40ec-bbb7-61aa613457de,TOMORROW X TOGETHER,
spotify:track:3yooJ67GPIoD8ntFvMfZ3g,Sequencialidade,Sonhos De Aviao,Sequencialidade,5043009,,,,,no_match
spotify:track:2fUXo8xrNSWZvOi3mDeNcB,These Words (Again),Scuare,These Words (Again),5042560,8037aa95-378e-4ddd-8290-2d9f5a3b4b85,2020,e1295b60-1c1b-40a6-987e-d9c5b8733232,Scuare,
spotify:track:2qAp8pgl3K5Q0OV2eedjQP,The Defense,Charlotte Darling,The Defense,5041395,,,,,no_match
spotify:track:0U8E6CEaYmRwpm2JOFCER5,Two Horses,"Black Country, New Road",Forever Howlong,5040943,,,,,<urlopen error timed out>
spotify:track:19PusCmhiWHG4UN5lAeRp0,let it be summer,Young K,let it be summer,5040054,,,,,wrong_artist
spotify:track:79ld9rq0iOwvgnaDkN0iGP,RESTORE THE FEELING (feat. Sean Leon & Jacob Collier),Daniel Caesar,CASE STUDY 01,5039263,,,,,no_match
spotify:track:4R5bSS8yoCl2czeWLr61aO,Diamonds From Sierra Leone - Bonus Track,Kanye West,Late Registration,5037741,3a02de52-f22a-42b9-a895-2ad5803e2731,2006,164f0d73-1234-4e2c-8743-d77bf2191051,Ye,
spotify:track:6H3kDe7CGoWYBabAeVWGiD,Gimme Shelter,The Rolling Stones,Let It Bleed,5033115,404ac69d-53f1-40fc-80e7-9e988a494b52,1991,b071f9fa-14b0-4217-8e97-eb41da73f598,The Rolling Stones,
spotify:track:1dyTcli07c77mtQK3ahUZR,Just,Radiohead,The Bends,5025338,6b8da6d9-fa26-49e4-90fb-8e677a808568,,a74b1b7f-71a5-4011-9441-d0b5e4122711,Radiohead,
spotify:track:4sebUbjqbcgDSwG6PbSGI0,Come a Little Closer,Cage The Elephant,Melophobia,5024492,3a07bc5b-ede2-4e8a-b807-966aaf790536,2017,b41b38d4-ef3e-4f37-8c75-cfe9af999696,Cage the Elephant,
spotify:track:2Z3NbUD3qtdwXIwfybpE8L,Winds of Vol'dun,Sam Cardon,World of Warcraft - Battle for Azeroth Soundtrack OST,5020361,30b42c8e-53e2-4e72-8518-812a4ea1cfcb,2018,dcda3f67-9097-41da-b7a7-612ade6385c0,Sam Cardon,
spotify:track:6JGPa5e2e85YSioo0Sy5Re,Only White Noise,Nox,Only White Noise,5018007,,,,,no_match
spotify:track:5lpAnLnIcthcSpX29roiuc,Book of Daniel,Danny Brown,Stardust,5016597,de6e5184-93a4-45de-85f3-5b24236e133c,2025,960afc67-9c21-46dd-9c7f-ff2b509e3150,Danny Brown,
spotify:track:0yodukAf2LaYe9ZzX4xtRS,White Noise - 7k +5.0 dB Gain,Noise Library Samples Bank,Light Noise Samples,5013929,,,,,no_match
spotify:track:79rfskJwK9NLN3p5cdccth,Intolewd,Matt Maltese,Krystal,5011618,189ac954-75ff-4cd9-aa39-a49004f900ba,2019,b27d089c-6b08-4067-9293-406cebde0374,Matt Maltese,
spotify:track:16umSNZfofRpDqTvf8DIAo,Wings,Mac Miller,Swimming,5010760,8affffb6-cec0-41b0-ab3a-e23ba5b7df5f,2018,a0e8a1b1-5f8f-475a-a253-17415c17d0ff,Mac Miller,
spotify:track:7JxRr2baHFCCHsAfNxgJz4,THOT'S PRAYER - OG MIX,JPEGMAFIA,OFFLINE!,5009635,,,,,no_match
spotify:track:1L3BdJ2gxTUFHfaWF1Vtwl,Doze Off - Seamless,Static Harmony,Doze Off,5009155,,,,,no_match
spotify:track:0TtvdE2beN4abriNlNBlpJ,Mega Zeph,$uicideboy$,Stop Staring At the Shadows,4999263,,,,,<urlopen error timed out>
spotify:track:6O8xBU7yOBK6DCiFCxvG6B,White Noise In The Evening,Scientific Sleep,Sleep In Outer Space,4998351,,,,,no_match
spotify:track:2EmcTFQ1rM11wp2ztsXTHa,Black Swan,BTS,MAP OF THE SOUL : 7,4994691,61fb1575-d67b-4a0b-bf3a-9ad82fcc5e2f,2020,0d79fe8e-ba27-4859-bb8c-2f255f346853,BTS,
spotify:track:6EViXDcXQJZ6xmvm2QGNHN,Emberflow,Jake Lefkowitz,World of Warcraft: Dragonflight,4994547,efbd0385-090c-4912-8b1e-4a579d3b312e,2022,96afb04e-f03c-44c1-9a00-9eb31dd031da,Jake Lefkowitz,
spotify:track:0SlpFHdk4UHBDzCEoXzy14,Stop Crying Your Heart Out,Oasis,Heathen Chemistry,4984177,a687e4bf-b118-4d0e-9b11-5bcb78060dcc,2008,39ab1aed-75e0-4140-bd47-540276886b60,Oasis,
spotify:track:4srbKZGPFWK1rqVFS9KDFR,Love me or Leave me,DAY6,The Book of Us : The Demon,4979760,ccb68e63-4565-4f1c-a497-54113b63411e,2020,77191d5f-1045-4b3b-ad7f-12ea398db929,DAY6,
spotify:track:63OqMoUP4Racq9holZo6dU,Black Brick,Deafheaven,Black Brick,4976758,3ef010ef-ece0-4e1b-abc1-062a9c5d21e0,2019,f4ccf6c5-ad41-4f8f-bb9e-6e2c6ad23302,Deafheaven,
spotify:track:3Xj7GjfLNoVM7uEUp4OApN,Smooth White Colors,Citys Of Collides,Smooth White Colors,4970729,,,,,no_match
spotify:track:6YI5ytPuQX4exYl2MZN8NS,2019 Guy,The Gentle Men,2019 Guy,4949748,31922fb0-b4c8-46fa-b0bf-ec42a79fc099,2019,6a989401-5d78-4cd1-8f34-ad3c634ac7e6,The Gentle Men,
spotify:track:2vLwhcsvRd1f2ETft1kWDN,Treehome95 (feat. Coco O. & Erykah Badu),"Tyler, The Creator",Wolf,4949531,2bf4ecef-5b28-4735-837e-db57ba25b931,2013,f6beac20-5dfe-4d1f-ae02-0b0a740aafd6,"Tyler, The Creator",
spotify:track:5Oca13ac6cZ0hwZAs1SXse,Insert Coin,Slipknot,We Are Not Your Kind,4947854,,,,,<urlopen error timed out>
spotify:track:3Ct6hcluVSYrD2fbUmaRyg,Oblivion,Lorna Shore,Oblivion,4940715,1398fc79-46a6-42ea-9c23-a6179cd31c65,2025,e86fc1f5-d632-44b2-8aea-38f83aadffe8,Lorna Shore,
spotify:track:332GJ8ykVuEt3jOT1sy7j6,Hello Future,NCT DREAM,Hello Future - The 1st Album Repackage,4931544,2c1d65f4-b733-4bc6-a312-9702d3b5ab31,2021,dc7c8277-d4b6-4bca-bdfe-50eee42536ac,NCT DREAM,
spotify:track:39NDBdU5Xkm5pCFGa5kZtI,Ladders,Mac Miller,Swimming,4922463,ef8edc04-f177-4c3f-97b3-a14562e1ae0d,,a0e8a1b1-5f8f-475a-a253-17415c17d0ff,Mac Miller,
spotify:track:5WpZC2nZA6354MgVSsNaPK,Path of Tears,Glenn Stafford,World of Warcraft: Wrath of the Lich King Original Soundtrack,4921244,fe8c9af8-59a5-4163-bfc7-3f9793e9278d,2008,2465d7da-7da3-42ea-8440-e701775d856b,Glenn Stafford,
spotify:track:79NlESqzFSW0hdBWgls4FX,Praying,Kesha,Praying,4921230,7f76b5ed-232f-4f30-b0c3-2f33112e206c,2017,fab34286-b8e1-4879-bce3-194e1358fbd2,Kesha,
spotify:track:1Ubo2ZMW58Cy11HrI0EVdH,"THIS IS NOT A SONG, 1929",JUN. K,"THIS IS NOT A SONG, 1929",4917316,2f34bd45-fa0d-4cef-8775-933681ec3baa,2020,da183054-32a1-421c-9df3-ee31f158ee33,JUN. K,
spotify:track:0AaWgfb93kLXrGgtvUDllt,Not One Less,Ken Ashcorp,Not One Less,4914261,90a1ce59-750e-4b46-8ed3-8bc11379e6b1,2020,4135b794-b15e-492f-bf0b-6fccfc1c0b8a,Ken Ashcorp,
spotify:track:09EoIjCM5F15TM6NLwst7N,Saltfields (There's nothing we can do!),underscores,boneyard aka fearmonger,4911149,503f3657-c27b-4c95-8e5c-824de9ea2eed,2021,ab1a3f85-e0ea-470a-af5c-175447ae774c,underscores,
spotify:track:0sE5n8rvPsPD7LfS1HXuOg,Tinder Samurai,Samsa,Tinder Samurai,4908260,fd13d29a-4c53-4a12-b630-4ff38c03e7d8,2017,569c3c80-418b-4189-aa9d-dfae91a751cb,Samsa,
spotify:track:1kaB0BvQEmwHeAzNh4jziT,Holier Than Thou,Metallica,Metallica,4908112,f4eca21e-b4e7-4624-a5a6-73f6f6189e3c,2004,65f4f0c5-ef9e-490c-aee3-909e7ae6b2ab,Metallica,
spotify:track:5TVNQWqTMdJxg4H5LxrzW1,In White Atmosphere,Lilly Almberg,Cloud White Noise,4896002,,,,,no_match
spotify:track:1S1QhSULGypv68iZuPF3xg,Ghost Dance,Jay Joseph,Ghost Dance,4895115,df33a391-7a3e-4315-8397-46c614b00076,2021,1ef116e4-1f6e-47b8-839d-30f7fdf9df9b,Jay Joseph,
spotify:track:1oqPC3udK6MjuNclhIO3HB,That's Life,Jarv,"Jarvage, Vol. 2",4893423,da2b2316-1ea3-47a6-a3f4-27b2ccd7f341,2018,0e431661-0291-4fc2-90f2-a47e057e0a6a,Jarv,
spotify:track:1dUJkSB6mN31r7oTF6hb5w,Maruukai,Jake Lefkowitz,World of Warcraft: Dragonflight,4887558,,,,,<urlopen error timed out>
spotify:track:2qOm7ukLyHUXWyR4ZWLwxA,It Was A Good Day,Ice Cube,The Predator,4882786,562f5a83-a70c-4ca1-852f-73ff91ac5fe2,2005,1d11e2a1-4531-4d61-a8c7-7b5c6a608fd2,Ice Cube,
spotify:track:71J3ktUHU5n0EWAfD7VVFX,"Tao, Tao",Control,Cumbias Sin Control,4882345,9f4e436d-e82c-448a-9617-62ad809650ef,1999,81f3395a-3783-4737-a06e-ea4420fe2443,Control,
spotify:track:5o4U0weUIAXolji4sEAnjI,Ash,LE SSERAFIM,HOT,4876156,01265eab-6c11-47b4-8609-9eb6d403a545,2025,1ee37742-1e3d-4e61-84d2-bc85f4c1459a,LE SSERAFIM,
spotify:track:6DdcMEi7mwOe9bCKLfgssK,Fuck You World,Rare Americans,Rare Americans,4871172,9c0fcd2d-df42-4988-8014-5669373ba27e,2018,78fcc713-214b-4f04-a84e-af800e2d34ba,Rare Americans,
spotify:track:4BP3uh0hFLFRb5cjsgLqDh,Fortunate Son,Creedence Clearwater Revival,Willy And The Poor Boys,4870699,a8000cf7-50e1-482a-9ef3-2f384405ffd6,1994,109958eb-a335-4c5e-907e-597ff4c6af46,Creedence Clearwater Revival,
spotify:track:3NJO6WTlEpliQvWqtxEZnm,Disco Type Beat,Billy Marchiafava,Disco Type Beat,4857418,2e91f2c9-0bfd-4bf2-80c9-954341bf0907,,0b7af1a3-9ad7-4955-a6a2-77c9095bdf50,Billy Marchiafava,
spotify:track:2sFEmuVVAa2klHwhFaT0rR,"BOYFRIEND, GIRLFRIEND (2020 Demo) (feat. YG)","Tyler, The Creator",CALL ME IF YOU GET LOST: The Estate Sale,4846201,,,,,no_match
spotify:track:5PAWaDIwIGGgyDJurfZyMC,Stormheim,Russell Brower,World of Warcraft: Legion (Original Game Soundtrack),4845922,44ecb8a1-077d-40f5-afe4-06434216f898,2016,3c84e93f-94e2-41b7-803d-ecccc61dd2de,Russell Brower,
spotify:track:5Fi2vAkKglFYA6oF5SQgj6,This is Separation,Mr.Tree,Splitting,4840943,,,,,no_match
spotify:track:4JE6agBLHGA5TaF6FlqfBD,As the World Caves In,Matt Maltese,As the World Caves In,4834321,d02fd6c8-ee4c-4b24-b8f8-df65eaf0d8cd,2018,b27d089c-6b08-4067-9293-406cebde0374,Matt Maltese,
spotify:track:3ez7HMbEXMOZmSSPjy19Q5,Death is a Battlefield,Glenn Stafford,World of Warcraft: Shadowlands Original Soundtrack,4832747,b6e36293-ffb4-4775-b296-b9fce78f29ad,2020,2465d7da-7da3-42ea-8440-e701775d856b,Glenn Stafford,
spotify:track:2sjtI4bZlFGnZWjezMwSfM,The Sin'dorei,Russell Brower,World of Warcraft: The Burning Crusade Original Soundtrack,4832038,a6e30f07-ed62-4297-82ea-2769602a251d,2007,3c84e93f-94e2-41b7-803d-ecccc61dd2de,Russell Brower,
spotify:track:2WfTq3UDVYd4UxijnfsUdm,Bed Bug,Teenage Disaster,Bed Bug,4830630,11681b8c-ccbb-4eef-823d-633094ccfd8d,2020,814d4a3a-e336-4043-adc4-c78e99d8ac00,Teenage Disaster,
spotify:track:3ZVNSBkvPlreFiLxcjjT8R,Scarab,Vairo,Scarab,4827671,8b1b99d8-4149-4ada-99a8-ba2ca66b1725,2018,61f313b1-e51d-4bb2-bcae-b2d18e6ecdd6,Vairo,
spotify:track:5cFAiVnJtYb4mCYu4W4xdI,The Undying City,David Arkenstone,World of Warcraft: Shadowlands Original Soundtrack,4821415,c998f1cd-b2cf-4284-9442-c4b209b98502,2020,50a45c3d-b54b-4fd5-bb83-5046e4ff6813,David Arkenstone,
spotify:track:4lJNen4SMTIJMahALc3DcB,"Thunderclouds (feat. Sia, Diplo, and Labrinth)",Sia,"LABRINTH, SIA & DIPLO PRESENT... LSD",4820043,,,,,no_match
spotify:track:0zLClc0emc6qUeV1p5nc99,No More Parties In LA,Kanye West,The Life Of Pablo,4816028,a6546fa1-2de8-4e91-a775-3714fb65dbf8,2016,164f0d73-1234-4e2c-8743-d77bf2191051,Ye,
spotify:track:25K9cWrxNv991UYiOzBJqR,Bring Me Down,Kanye West,Late Registration,4813147,ee29335c-76dc-4b1b-ad11-9ea550af500b,2006,0eb17834-1d29-47ef-a422-9dc68d73c5e4,Kanye West Tribute Band,
spotify:track:2XZEAYYRMBvkY7c2Z8YGox,Easy To Be Hard,Three Dog Night,The Best Of 3 Dog Night,4812012,f91a7233-c242-495b-bedd-6b8ecffbcae5,1969,1a48176d-1414-4a18-9792-50ba585d4d59,Three Dog Night,
spotify:track:67VjdDhTa5jzQxHGe6f26r,I Surrender,Céline Dion,A New Day Has Come,4809295,70794cf8-27b0-4e29-bd9a-7bb0d63c2afb,2002,847e8a0c-cc20-4213-9e16-975515c2a926,Céline Dion,
spotify:track:5S6O5UYDS2dxVTY7JSF9xy,Road to Hell,André De Shields,Hadestown (Original Broadway Cast Recording),4804625,03310a3e-19a8-4483-a262-c5d71a1954da,2019,94514e40-ada1-41c7-b333-b08ddbc274bb,André De Shields,
spotify:track:3v3gyQkwRQGwDUZ7V2q2lF,WHAT A DAY,"Tyler, The Creator",CALL ME IF YOU GET LOST: The Estate Sale,4803351,2f292b35-aa40-4841-bcea-b87ffdf74486,2023,f6beac20-5dfe-4d1f-ae02-0b0a740aafd6,"Tyler, The Creator",
spotify:track:4MhTFsyqIJnjsOweVcU8ug,Sweet Child O' Mine,Guns N' Roses,Appetite For Destruction,4799627,b109e0d2-9fd2-40fb-b46a-319a917a80f4,1995,eeb1195b-f213-4ce1-b28c-8565211f8e43,Guns N’ Roses,
spotify:track:6HYnkh0VjPrjvtu4lcWfvw,Sing It Back,Swing Republic,Mo' Electro Swing Republic - Let's Misbehave,4798632,8668d0b1-9c05-4170-b3ce-7c98bbca1c95,2015,fb407c75-3474-4a01-9d96-2d71e8e48a7d,Swing Republic,
spotify:track:4Lce3r6DvuhbzuBm8g7Cb5,When I Am Successful I'mma Buy a Neo Geo,Rav,New Moon,4793360,,,,,wrong_artist
spotify:track:54X9TiXRLv9n0BBmnGWzJC,It's Jiggaboo Time (Skit),The Pharcyde,Bizarre Ride II The Pharcyde,4786505,,,,,no_match
spotify:track:3U1hxnApRvc8UZ2Ft1kNbz,And That's Me,Rav,And That's Me,4786243,82ce8e9b-5b78-4eaa-be87-83724e33d92d,2019,dd2ae026-4144-4ee3-a7b4-09434a465c34,Rav,
spotify:track:5WJU527RQNyMLuKecjsL8V,Maggot Brain,Funkadelic,Maggot Brain,4785050,131229c6-eef9-4855-b2a7-d44f4e563601,2005,cf042013-3edd-46c4-9b0e-a62faac98d0b,Funkadelic,
spotify:track:4TvVwvuLa6aw2CQxgeMv1D,ANXIETY,Lil Darkie,ANXIETY,4781724,8af382a0-e0ff-4a77-a6fb-b2a3debf2b72,2020,99e0983f-6183-463e-a61e-2041ca8931ba,Lil Darkie,
spotify:track:51AtFmIeYln4E4PzAWl6l6,Family,Clint Bajakian,World of Warcraft: Warlords of Draenor Original Game Soundtrack,4779086,6d52193c-344c-4881-9ce4-ca528274ec99,2014,e79dc7f7-7a9c-4058-b9cc-372fb8b3da1c,Clint Bajakian,
spotify:track:0TZejo18HlJ86OrWNsXKnw,Mrs Magic,Strawberry Guy,Mrs Magic,4772630,7ea4728a-3cfb-4546-a651-7b27eaea9c48,2019,287cb25a-9b05-474c-9ad1-38046a46c37f,Strawberry Guy,
spotify:track:2Q1u44SScYwZq3x2z9pcuP,Soy Yo,Neutro Shorty,Soy Yo,4771443,,,,,no_match
spotify:track:6eIEJLVaPTU3NuctqdWCzJ,Dunno - Recorded at Spotify Studios NYC,Mac Miller,Spotify Singles,4767710,,,,,no_match
spotify:track:2EGXrlIaOm4Qd3aEQy60GV,Soothing Field Noise,PARCEL,Embracing Subsets,4767211,,,,,no_match
spotify:track:4TV25NkS0pqfxI042bANwF,Heaven For Everyone - Remastered 2011 / Single Version,Queen,Made in Heaven - Deluxe Remastered Version,4761002,,,,,no_match
spotify:track:2hKdd3qO7cWr2Jo0Bcs0MA,Drops of Jupiter (Tell Me),Train,Drops Of Jupiter,4759673,841fd2b9-8c32-46f8-8b70-3d8bc5cf3f01,,bfd5aec5-62a2-4560-a316-7c46c17babda,Train,
spotify:track:2DTUG9rhJCU0wdvviWka5n,Hawaiian Boi,Triathalon,Lo-Tide,4758198,aee51dcf-7ccb-438f-8538-6dc5cb14247a,2020,20c8e21c-a8b9-4ac1-bef8-0ddcd9f4691a,Triathalon,
spotify:track:3VbGCXWRiouAq8VyMYN2MI,Love Me Do - Remastered 2009,The Beatles,Please Please Me,4756530,3598dd54-a305-4d5b-b7ca-ea5a454c48ec,2017,b10bbbfc-cf9e-42e0-be17-e2c3e1d2600d,The Beatles,
spotify:track:6BU1RZexmvJcBjgagVVt3M,Count Me Out,Kendrick Lamar,Mr. Morale & The Big Steppers,4751525,ede75311-9295-4628-85cc-98b21c737ec9,,381086ea-f511-4aba-bdf9-71c753dc5077,Kendrick Lamar,
spotify:track:4YDHRtzm0OGuieCTVQjVuk,Trivia 起 : Just Dance,BTS,Love Yourself 結 'Answer',4750880,93ad32df-186a-4b46-a446-83ea5dfab7d4,2018,0d79fe8e-ba27-4859-bb8c-2f255f346853,BTS,
spotify:track:4bheT1Drc2vyQgN5VTwr8W,BLOOM,TWICE,With YOU-th,4750783,6715d820-b2bc-4e22-be4a-855c4149ca3d,2024,8da127cc-c432-418f-b356-ef36210d82ac,TWICE,
spotify:track:5AqR3MJOvV71ZmyS9VEkZ9,Origins,Matt Uelmen,World of Warcraft: The Burning Crusade Original Soundtrack,4748622,bc30fcdf-6b5a-40ff-93b2-7effe1a87061,2007,79dc561a-5e4f-459d-804a-13b7fc0e303b,Matt Uelmen,
spotify:track:66mVPWmFvXPFf8pjK5ttOW,Worldwide Steppers,Kendrick Lamar,Mr. Morale & The Big Steppers,4746515,b49809fb-aeb3-4a8e-ba50-6573b1e681e2,,381086ea-f511-4aba-bdf9-71c753dc5077,Kendrick Lamar,
spotify:track:27rZYxE4l21wTaovX4WTnI,Television / So Far So Good,Rex Orange County,Apricot Princess,4740590,1f889aa1-1a51-43fb-b6b5-54c7da73d5cd,2017,883cbf1f-dcaa-4d17-b9ed-394e1fdabc87,Rex Orange County,
spotify:track:2hwOoMtWPtTSSn6WHV7Vp5,Blue World,Mac Miller,Circles,4732931,4cc09066-a971-46aa-bf25-aeb98169cd5f,,a0e8a1b1-5f8f-475a-a253-17415c17d0ff,Mac Miller,
spotify:track:03UlyUaZhtq3xy4zuZSv2d,Nautilus,Creo,Nautilus,4730650,316f9cc2-a902-4018-9e59-004c85e39fb8,,754e2a05-7f44-4898-bcfd-64a837a6b05f,Creo,
spotify:track:73TxYZd0lBCVRrHawrAglA,Sweet Emotion,Aerosmith,Toys In The Attic,4725346,2fb4da6f-d75b-4c5b-912d-9d9ab3529409,,3d2b98e5-556f-4451-a3ff-c50ea18d57cb,Aerosmith,
spotify:track:5p3NP9mQblDsVJLdfNZJ3I,GOD.,Kendrick Lamar,DAMN.,4724673,6fa5436d-42f9-4337-aa6b-f9727cfef065,,381086ea-f511-4aba-bdf9-71c753dc5077,Kendrick Lamar,
spotify:track:0C80GCp0mMuBzLf3EAXqxv,Shoot to Thrill,AC/DC,Back In Black,4719226,6c419884-c048-4d90-a386-0bc5daa5b9f6,2000,66c662b6-6e2f-4930-8610-912e24c63ed1,AC/DC,
spotify:track:2SYMnBpx7zyhSDPQwoOlFO,Props & Mayhem,Pierce The Veil,Collide With The Sky,4718898,d04f430a-6818-4a7f-8416-c571d0b9390f,2012,8ed919fb-eaee-45a1-ba99-b3ede9ca5f1d,Pierce the Veil,
spotify:track:0tP3TOeKOypCFkqw2fHwaL,Enmity,David Arkenstone,World of Warcraft - Battle for Azeroth Soundtrack OST,4717866,e1b64798-2877-44b4-b967-eaab8e211abb,2018,50a45c3d-b54b-4fd5-bb83-5046e4ff6813,David Arkenstone,
spotify:track:3a6FcTyvSf0ED3VXeH3PJ5,Fly As Me,Bruno Mars,An Evening With Silk Sonic,4710884,,,,,no_match
spotify:track:0r07HUVhRRaku5uI7sXCUF,FX Noise,BBVB,In the back of the Cabin,4710082,,,,,no_match
spotify:track:2ecGP5xUE5126x6yHa7J6E,Can't You See Me?,TOMORROW X TOGETHER,The Dream Chapter: ETERNITY,4709344,e2326a2b-1036-48c8-910b-1a85b34447ec,2020,9d027d72-790e-40ec-bbb7-61aa613457de,TOMORROW X TOGETHER,
spotify:track:0Ww4xWSspmcAO6N8zzaR3d,Exit This Earth's Atomosphere,Camellia,PLANET / /SHAPER,4706722,,,,,wrong_artist
spotify:track:1IkaHJQzkgPyIu67CX6qam,Gabriel's Wrath,Maffi,Gabriel's Wrath,4696768,,,,,no_match
spotify:track:0ikbufjXAgnd0OdhCjEBB3,Brighter Than the Sun,Brick + Mortar,Dropped,4696403,207131ce-df81-4ed9-83e2-e3793e10c430,2015,36393a79-7cf3-4bdd-a917-f8db17e11f14,Brick + Mortar,
spotify:track:3EOzLBxti9kA01UvwfbPxs,TOO DEEP TO TURN BACK,Daniel Caesar,CASE STUDY 01,4688974,97655b4e-ade8-4cb2-87a7-0e16f6e9768c,2019,b46e298d-d3a5-4695-a03e-63e8c523b23e,Daniel Caesar,
spotify:track:3u0s2L2nv0gUuDwLlVi4qH,These Days,Manwolves,These Days,4686869,c79b1b82-0f95-4cbb-b911-ee4beede543e,,507d821a-dd31-426c-8bae-4006148f7ca1,Manwolves,
spotify:track:4y4CvUnwX3N57EAAhUhDE7,insane,gnash,we,4684912,2a1558da-bab6-4300-b0ad-40e111379722,2019,02f44a81-34f0-4f52-9ab7-c3cfcdb60333,gnash,
spotify:track:1xfTMONZWgzxpjSyEV4b4Q,Mirrored Sky,TX Phoenix,Sunday Noise,4684342,,,,,no_match
spotify:track:2gQSRpyb1lEJeenXGtMIQH,The Art of Heartbreak,Kitsune,Days,4677652,,,,,no_match
spotify:track:18ssFhD04lWo1RzpcohnrG,Anyone,Demi Lovato,Anyone,4669172,cefa4fff-cba5-4bec-8de4-9258e41c7019,2020,faf4cefb-036c-4c88-b93a-5b03dd0a0e6b,Demi Lovato,
spotify:track:11IzgLRXV7Cgek3tEgGgjw,Under Pressure - Remastered 2011,Queen,Hot Space,4667169,816c8fd1-5042-4ff8-b7d6-5f22e2a867db,1993,0383dadf-2a4e-4d10-a46a-e9e041da8eb3,Queen,
spotify:track:2jYTrauspptMjNSICeH8lL,Aclara Tu Mente,Ruido Blanco Tranquilo,Aclara Tu Mente,4660881,,,,,no_match
spotify:track:36v4VyvvLiWidy8jxS4cZp,Loansharks,underscores,boneyard aka fearmonger,4652303,e20bfdac-7d18-4080-a849-7b868223f97b,2021,ab1a3f85-e0ea-470a-af5c-175447ae774c,underscores,
spotify:track:2bViLOTR7Jjnj0738HTyxO,Surface,Dimrain47,The Dimrain47 Collection (2005-2012),4650265,ded50c70-f825-445d-9792-64e747c7dc4e,2019,396096fc-f7d5-40fb-87fb-ef0773acb1bb,Dimrain47,
spotify:track:2ggs4CufkYcexL2SCqm7Ef,Invertebrado,Ricardo Arjona,Viaje,4649345,,,,,no_match
spotify:track:0OCDOcvQvozjsivREMojzx,Mixtape : Time Out,Stray Kids,Mixtape : Time Out,4642665,04917d17-97f6-4df3-9e80-eb943a82e428,2022,142b343d-bf5a-428c-a64f-6d1a7566bbe9,Stray Kids,
spotify:track:4EndPA8b6FDWYp1RgsnLEB,Blame Game,Kanye West,My Beautiful Dark Twisted Fantasy,4637428,790fa44f-f22e-4ec6-a7d6-18e5ad1acc6e,2020,164f0d73-1234-4e2c-8743-d77bf2191051,Ye,
spotify:track:0dsdinJCieNEy2E6qJ59aG,Freehold,Glenn Stafford,World of Warcraft - Battle for Azeroth Soundtrack OST,4634039,36ce5651-a6b2-47bc-9e0c-164c4bf52dac,2018,2465d7da-7da3-42ea-8440-e701775d856b,Glenn Stafford,
spotify:track:6cr3fZckrJJdgpAuhetWyb,Song of Elune,Jason Hayes,World of Warcraft Original Soundtrack,4633157,d35cf696-6693-4dc0-8bca-bedafc21b187,2023,7fd43bc8-b5ff-45ed-8ce5-1b0c17114a9e,Jason Hayes,
spotify:track:70wYA8oYHoMzhRRkARoMhU,When You Were Young,The Killers,Sam's Town,4631452,a4e4dac3-3cbd-48c9-b39f-b8924d718f71,,95e1ead9-4d31-4808-a7ac-32c3614c116b,The Killers,
spotify:track:6ep9PwL9j1AjQhKcJIiIIw,Looking Like This,Lyre Le Temps,Looking Like This EP,4625354,124e635a-e0c5-4c05-bd48-a5b93a1dce19,2013,e10b4ba3-5a4b-4da8-afe3-86542bd46096,Lyre Le Temps,
spotify:track:4Qdhd67g1vAvMMSGZrQ3Va,Cold Winter Nights - Remastered 2016,Stratovarius,Destiny (Reissue 2016),4621693,25be5af9-b8d5-412d-88cf-893afdd9bcff,1998,c3d6fdd5-67c5-453e-87e3-d17a00a52879,Stratovarius,
spotify:track:1Txt2DpWPsyCtiY4RAViXo,Tides of War,Russell Brower,World of Warcraft: Warlords of Draenor Original Game Soundtrack,4620623,8d364ed0-b182-427b-9005-d7b6630e23d1,2014,3c84e93f-94e2-41b7-803d-ecccc61dd2de,Russell Brower,
spotify:track:4DtB1PJsbl4KAb2rZVNCUL,I Want It All - Remastered 2011,Queen,The Miracle,4619944,00a6dbb4-64db-44a7-88fc-576ec8a95032,2007,0383dadf-2a4e-4d10-a46a-e9e041da8eb3,Queen,
spotify:track:4MLBqAEzNN89o2M9h92Z26,Get Back - Remastered 2009,The Beatles,Let It Be,4617387,173299c0-3e95-4448-ae9f-3a76997f5d9c,1999,b10bbbfc-cf9e-42e0-be17-e2c3e1d2600d,The Beatles,
spotify:track:28qA8y1sz0FTuSapsCxNOG,Father Time (feat. Sampha),Kendrick Lamar,Mr. Morale & The Big Steppers,4614140,,,,,no_match
spotify:track:054BUTzReY23pWGFV954Fy,ANGEL HAIR,Black Dresses,Peaceful as Hell,4613591,365d16cf-3833-4b62-8f87-e1b32224a062,2020,c5b2a3ca-4a5e-4ce2-a45a-ef69d909a498,Black Dresses,
spotify:track:2JzZzZUQj3Qff7wapcbKjc,See You Again (feat. Charlie Puth),Wiz Khalifa,See You Again (feat. Charlie Puth),4606389,,,,,no_match
spotify:track:6OfOzTitafSnsaunQLuNFw,DOGTOOTH,"Tyler, The Creator",CALL ME IF YOU GET LOST: The Estate Sale,4597584,9f75d1f0-d545-4dde-b3c1-ee2b0412bae3,2023,f6beac20-5dfe-4d1f-ae02-0b0a740aafd6,"Tyler, The Creator",
spotify:track:1CibV0i5tzTI5Fvqeez6S7,God Damn,Avenged Sevenfold,The Stage,4594882,060e7d94-8791-435d-acba-b0c914016e7f,2016,24e1b53c-3085-4581-8472-0b0088d2508c,Avenged Sevenfold,
spotify:track:2lXiRhhafki86YraonFc3k,Blue Zenith,XI,Parousia,4591159,c4ae17ec-cd20-42c7-a656-684d7353ef64,2011,16d6d00d-31af-480d-8700-a68a74eea1ac,xi,
spotify:track:3yxh6Av2dL0rC99Iz2xZps,SAFARI,"Tyler, The Creator",CALL ME IF YOU GET LOST: The Estate Sale,4584530,5fe7eb5a-d8de-4103-818b-c93e449604f9,2021,f6beac20-5dfe-4d1f-ae02-0b0a740aafd6,"Tyler, The Creator",
spotify:track:2QiqwOVUctPRVggO9G1Zs5,Wake Up,Rage Against The Machine,Rage Against The Machine - XX (20th Anniversary Special Edition),4582047,01f698b1-d7cb-415b-8a80-2d4a7749145d,2012,3798b104-01cb-484c-a3b0-56adc6399b80,Rage Against the Machine,
spotify:track:1kiw6IXeTauPy3L964yxoZ,Angel,NewDad,MADRA,4580944,da5e0baa-67c6-4c55-a0ad-c304b37c0c9e,2024,038bd27c-ebec-44e5-9880-1f5eb933db11,NewDad,
spotify:track:2takcwOaAZWiXQijPHIx7B,Time is Running Out,Muse,Absolution,4580800,da9eb5bb-a432-4671-b2d7-303f5bd4e9c0,2003,9c9f1380-2516-4fc9-a3e6-f9f61941d090,Muse,
spotify:track:0Ys4J7iim6STsGeLmFLWIo,Smile,Nohidea,Smile,4574589,c34bac32-faf6-4a6b-bffa-adf52e42eaeb,,fa08b579-5692-42c8-967c-d4dfc6d823bf,nohidea.,
spotify:track:7GqWnsKhMtEW0nzki5o0d8,Killer Queen - Remastered 2011,Queen,Sheer Heart Attack,4572133,ac47cec1-4596-46f5-8224-9ca3f6df3d60,1993,0383dadf-2a4e-4d10-a46a-e9e041da8eb3,Queen,
spotify:track:3V4RDKHCmaawQqvbdBkLA5,EXPRESS YOURSELF,Black Dresses,Peaceful as Hell,4571929,d03abf1c-c9b0-4e67-accd-72e6b1813321,2020,c5b2a3ca-4a5e-4ce2-a45a-ef69d909a498,Black Dresses,
spotify:track:6cFamI2vPztQoopGMnjD64,LUMBERJACK,"Tyler, The Creator",CALL ME IF YOU GET LOST: The Estate Sale,4568748,b2dcb5f0-7d29-4f61-87de-6d81ba11d1a4,2021,f6beac20-5dfe-4d1f-ae02-0b0a740aafd6,"Tyler, The Creator",
spotify:track:6ojfWEW5oBSyXQqO9G72iM,JJAM,Stray Kids,ATE,4567488,92d8864f-935c-4d26-a100-aa44d3eaf8f3,2024,142b343d-bf5a-428c-a64f-6d1a7566bbe9,Stray Kids,
spotify:track:6pp6xf9zS55GD4nr318XUH,dimple,BTS,Love Yourself 承 'Her',4567344,,,,,<urlopen error timed out>
spotify:track:0Xcy81PsJCOO6mhLZaQyQ4,Perfecto,Mac Miller,Swimming,4563031,95113fce-003b-483d-a2fb-2fe7587d594a,2018,a0e8a1b1-5f8f-475a-a253-17415c17d0ff,Mac Miller,
spotify:track:2wQUUYQ4KOeLLuPS5nBBDK,RISE! (feat. DAISY WORLD),"Tyler, The Creator",CALL ME IF YOU GET LOST: The Estate Sale,4559984,,,,,no_match
spotify:track:7u6awM8yTcM17pBzyhMO4C,9と4分の3番線で君を待つ (Run Away) - Japanese Ver.,TOMORROW X TOGETHER,STILL DREAMING,4539415,,,,,no_match
spotify:track:6LUGvXEAK8WxIBYK43uoTb,Back to the Old House - 2011 Remaster,The Smiths,Louder Than Bombs,4536992,,,,,no_match
spotify:track:0GVuLQtPXFaL18ijEOqoAa,Tightrope,Michelle Williams,The Greatest Showman (Original Motion Picture Soundtrack),4534573,3a1235f7-9b8e-4baa-b761-ac05e46b23b4,2017,aa440de8-500e-43a1-b601-a9733fd1bcb5,Michelle Williams,
spotify:track:6NTa5d76saMC61nH0uZbWp,SHARP HALO,Black Dresses,Peaceful as Hell,4534270,4de08fa3-23b9-42e2-acbd-731a043c9bbe,2020,c5b2a3ca-4a5e-4ce2-a45a-ef69d909a498,Black Dresses,
spotify:track:0EWMHYcf5t9Gk7MWhgReEr,Epic III,Reeve Carney,Hadestown (Original Broadway Cast Recording),4533708,445bde73-992e-430d-8d24-1ccbed79f250,2019,aa11c4f2-4205-4f48-b9b5-ce49e14d0d89,Reeve Carney,
spotify:track:75z2YLg5Lkqf6qL9XOY8tV,Such Great Heights,The Postal Service,Give Up,4531951,5b847aa4-5dcd-4e87-bd1f-b9d57f52311b,2003,299278d3-25dd-4f30-bae4-5b571c28034d,The Postal Service,
spotify:track:3xUsaaH6oCG1w8kD1oGhGW,Social Climb,I DONT KNOW HOW BUT THEY FOUND ME,1981 Extended Play,4531917,26da2b1a-0a7e-41c7-9a67-fb2e3d33ab63,2018,91ae77d8-3bb5-4e59-98a7-532ac0f2825d,I DONT KNOW HOW BUT THEY FOUND ME,
spotify:track:1OrJjZDixgIOXsnAlw15Od,Put It Down,Rav,New Moon,4530988,,,,,wrong_artist
spotify:track:3Kx6oHPQxtA5aJzcZeuE7r,Last Child,Aerosmith,Rocks,4527144,65384025-79b9-4326-8617-4a5e479e0a0f,1990,3d2b98e5-556f-4451-a3ff-c50ea18d57cb,Aerosmith,
spotify:track:4irSoWVMefjnL4ZjmmM25t,1999,MARK,The Firstfruit - The 1st Album,4521700,ccdf7b82-52ab-43e8-9f5b-79e7a687ed42,2025,1d673024-a339-4b97-9f41-52cdc47498c6,MARK,
spotify:track:5cbJFNA12uO4JyBoKTtxo2,Milk Man,Rare Americans,Rare Americans 2,4521630,3bfcf684-947b-44c3-b878-d081a7b2641d,2021,78fcc713-214b-4f04-a84e-af800e2d34ba,Rare Americans,
spotify:track:71d1KcqByBe8cl0NhFUKVU,Ronald Reagan Era,Kendrick Lamar,Section.80,4515555,dbe284ac-8743-45ec-b86f-c363910f60be,,381086ea-f511-4aba-bdf9-71c753dc5077,Kendrick Lamar,
spotify:track:7kUXbhK1UfMqT6vQIcezQD,BEAUTIFUL FRIENDSHIP,Black Dresses,Peaceful as Hell,4513988,6e528e5b-9e93-4501-b783-c5d952538bea,2020,c5b2a3ca-4a5e-4ce2-a45a-ef69d909a498,Black Dresses,
spotify:track:1wlFGiBgSb2sQNcZtgvU1r,Fearless White Noise,Aeoluzzz,Fearless White Noise,4500014,,,,,no_match
spotify:track:1sBEwoLIJi8dsWch7PNVnB,Doghouse,Trudy and the Romance,Sandman,4499734,7c96e196-fb1f-4bb9-bbba-e812aa2213a5,2019,8c058282-ba69-4fab-9aad-2c609da200eb,Trudy and the Romance,
spotify:track:7nzsY8vlnKdvGOEE0rjAXZ,Arabella,Arctic Monkeys,AM,4499492,033c193f-fed0-485a-881e-e79acca9a261,2014,ada7a83c-e3e1-40f1-93f9-3e73dbc9298a,Arctic Monkeys,
spotify:track:4V7zFfJwXc1P82AJcpKMyO,All 9 Lives - Demo,Matt Maltese,Krystal,4495942,8da80bfb-53f3-4781-8425-c12ded11e753,2020,b27d089c-6b08-4067-9293-406cebde0374,Matt Maltese,
spotify:track:4hSTvY4GQrNDC2TsCwhEFc,Lift You Up,Danny Brown,Stardust,4495367,847b251e-7d87-43ac-a7d6-dae1d23b990a,2025,960afc67-9c21-46dd-9c7f-ff2b509e3150,Danny Brown,
spotify:track:3WEhUtfxXaoRrpSIZ1XzQY,Loud Noise Sound,Misa Bee,Noise Waterfalls,4495012,,,,,no_match
spotify:track:5gOfC9UzZQzTyShqPMrpjT,wacced out murals,Kendrick Lamar,GNX,4488136,4b28fa27-3673-4b2c-88a3-64cc57f2b71e,2025,381086ea-f511-4aba-bdf9-71c753dc5077,Kendrick Lamar,
spotify:track:1FvDJ9KGxcqwv1utyPL3JZ,This Charming Man - 2011 Remaster,The Smiths,The Smiths,4484936,,,,,no_match
spotify:track:64gyqTtDDel7B2NoEkOa0A,Objects in the Mirror,Mac Miller,Watching Movies with the Sound Off (Deluxe Edition),4484588,8c52143b-09e5-4331-ac40-e521dbd59906,2013,a0e8a1b1-5f8f-475a-a253-17415c17d0ff,Mac Miller,
spotify:track:0RoA7ObU6phWpqhlC9zH4Z,A Million Dreams,Ziv Zaifman,The Greatest Showman (Original Motion Picture Soundtrack),4479819,bb223533-bbb3-4b89-a33f-000100528628,2017,d459e60b-240b-42d3-ad07-a5a1facfa6b4,Ziv Zaifman,
spotify:track:1uAhTeLvz36fyazlBuPFvg,The Bells Of Notre Dame,Patrick Page,The Hunchback of Notre Dame (Studio Cast Recording),4478674,3dbda6ca-6346-4507-b648-8852456c333f,2016,aec158a7-f486-4d0a-b2cc-6ae6bce99439,Patrick Page,
spotify:track:0WaRqJJkCunAvsxUAlAqSI,Lúin Of CeltchaR,Camellia,Blackmagik Blazing,4470838,,,,,no_match
spotify:track:39u2PsqrAZpZ0KPx6CjasV,Droppin' Seeds (feat. Lil' Wayne),"Tyler, The Creator",Flower Boy,4470020,f5b2e2a8-27c9-43e6-811b-7834b2832048,2017,f6beac20-5dfe-4d1f-ae02-0b0a740aafd6,"Tyler, The Creator",
spotify:track:5GorCbAP4aL0EJ16frG2hd,Boulevard of Broken Dreams,Green Day,Greatest Hits: God's Favorite Band,4464109,a45e7c0a-6e63-44f2-ab85-bd56ce8965c1,,084308bd-1654-436f-ba03-df6697104e19,Green Day,
spotify:track:2OErSh4oVVAUll0vHxdr6p,Bigmouth Strikes Again - 2011 Remaster,The Smiths,The Queen Is Dead,4461548,,,,,no_match
spotify:track:6K4SvsExpWdczZIMNiEuC5,Ice Cream,Sad Frosty,sandbox,4461470,6550431e-b56e-414c-b5b3-07dff4316306,2022,55fb1ec1-26a2-4f43-8210-1e831235b55b,Sad Frosty,
spotify:track:6fOLPHRGb6putSY6xFk45t,Youth (Lee Know),Stray Kids,HOP,4446848,,,,,no_match
spotify:track:7KNm2t7nlyGCiaORszTOf1,Tempest's Wake,Glenn Stafford,World of Warcraft: Cataclysm Original Soundtrack,4441484,35c5c52d-d4ea-4667-9798-2abfe5a237f7,2010,2465d7da-7da3-42ea-8440-e701775d856b,Glenn Stafford,
spotify:track:7AWeyu0x4vJp3pb2RKadBT,Mr. Crowley - 2002 Version,Ozzy Osbourne,The Ozzman Cometh,4441223,,,,,no_match
spotify:track:6MgGapP3EPFm9kYUvYBTZR,I'll Fly Away,Kanye West,The College Dropout,4440123,2d17b40e-a5df-4549-add6-de11b14b2208,2004,164f0d73-1234-4e2c-8743-d77bf2191051,Ye,
spotify:track:6qBFSepqLCuh5tehehc1bd,Like I Want You,GIVĒON,TAKE TIME,4437822,7c59799e-3135-4f54-9541-f25e8822684d,2019,ad322b8b-31b2-437d-8fd8-1af13c1d7b91,GIVĒON,
spotify:track:5ps9MbKUraKOMf5Sp1FQST,Rebel - Remastered 2016,Stratovarius,Destiny (Reissue 2016),4434389,acdc4471-8641-4928-b48e-7e48fdd294ab,1998,c3d6fdd5-67c5-453e-87e3-d17a00a52879,Stratovarius,
spotify:track:0L3STJ13YPoscCLmzn9ziW,The End,Danny Brown,Stardust,4431914,8723a1ab-f46f-49b1-8586-82f3a342e752,2025,960afc67-9c21-46dd-9c7f-ff2b509e3150,Danny Brown,
spotify:track:5iX98baFixAKEayIsm1Z5e,Nothing Left to Love,Counterparts,Nothing Left to Love,4431425,b990ca87-9386-45fc-8f0d-5c0afccbcd94,2019,4b0dd5e7-c795-42bd-8311-bc9f71fabd0a,Counterparts,
spotify:track:20g7z9R1wjE7EtVnB7XEjS,Unholy Confessions,Avenged Sevenfold,Waking The Fallen,4426590,7d13a6c9-5ee7-460b-998d-5e076c43e037,,24e1b53c-3085-4581-8472-0b0088d2508c,Avenged Sevenfold,
spotify:track:5p0SwBTKTrW7xjbIhGeUFD,Fair One,Rav,New Moon,4426470,,,,,wrong_artist
spotify:track:3N8iPtkWtFU7SgnUM8V7rT,Shards of the Exodar,Derek Duke,World of Warcraft: The Burning Crusade Original Soundtrack,4421136,6bdfb26e-1b87-4263-a236-5c033d6d88cf,2007,ef8d7a94-64a3-4362-b81f-b5999fb246de,Derek Duke,
spotify:track:2da9h1pCIMC7VCq8OzugAy,One Big Beautiful Sound,Johnny Manchild and the Poor Bastards,One Big Beautiful Sound,4420906,8eb49ad6-eedf-4443-83a9-c3f7430b7385,2019,6a62bf71-5079-4c63-bf80-dd1cb6ae03b0,Johnny Manchild and the Poor Bastards,
spotify:track:5ON8OuNPxGE8XCXKII145q,Where I Go,NewDad,MADRA,4411753,ede079eb-55e1-4321-ae71-bf7ba32dee3b,2024,038bd27c-ebec-44e5-9880-1f5eb933db11,NewDad,
spotify:track:000TJlEJQ3nafsm1hBWpoj,LEMONHEAD (feat. 42 Dugg),"Tyler, The Creator",CALL ME IF YOU GET LOST: The Estate Sale,4409424,,,,,no_match
spotify:track:3d3HzSZoZqANvOaxD68sd0,discombobulated,atlas,flowers,4408853,90aa685d-6eb0-4a65-ac43-a25fd08e49ca,2018,d604a2f1-6397-458a-be95-ab47403a3e9f,Atlas,
spotify:track:1CbG6oKKrYEw3W1DnddDFv,Settle For Nothing,Rage Against The Machine,Rage Against The Machine - XX (20th Anniversary Special Edition),4406849,6e04d071-3671-4e5f-b24d-17ec9fc03cb2,,3798b104-01cb-484c-a3b0-56adc6399b80,Rage Against the Machine,
spotify:track:1Y7AZ3akqDipAyo6mmOQTy,Daechwita,Agust D,D-2,4406161,6bd15827-5df8-4818-9514-6a93b22741cf,2020,f09d2950-e3c6-47b2-b21c-2bad2cd3f616,Agust D,
spotify:track:7g2BHf27dzC61uSW3s4G0F,TMT,Stray Kids,SKZ2020,4405789,,,,,no_match
spotify:track:4SUQbrebZgvSX8i3aYHMB6,PILOT (feat. Sydney Bennett),"Tyler, The Creator",Cherry Bomb + Instrumentals,4398976,,,,,no_match
spotify:track:4Z1ZlABSKDlVByJL3y5OVs,HEAVEN TO ME,"Tyler, The Creator",CALL ME IF YOU GET LOST: The Estate Sale,4397984,d4ad88fb-3d1d-43c4-b1a9-df14522a5d7e,2023,f6beac20-5dfe-4d1f-ae02-0b0a740aafd6,"Tyler, The Creator",
spotify:track:5EAfUqytXYbH0yUZR3QGli,Never Goodbye,NCT DREAM,Glitch Mode - The 2nd Album,4394361,d449f233-be52-4223-86ce-e1897dcbb1fa,2022,dc7c8277-d4b6-4bca-bdfe-50eee42536ac,NCT DREAM,
spotify:track:3rCNmRonlHN1TXQLcG3dSk,Hell Of A Life,Kanye West,My Beautiful Dark Twisted Fantasy,4374681,45eec1be-221e-4e81-b8fc-97cb8a185417,2011,164f0d73-1234-4e2c-8743-d77bf2191051,Ye,
spotify:track:00cl5qMlCQUi4R1rUmFZi5,Bloodmyst,Derek Duke,World of Warcraft: The Burning Crusade Original Soundtrack,4360387,96b9aff1-a5bb-4e83-bc89-f1d95d78e336,2007,ef8d7a94-64a3-4362-b81f-b5999fb246de,Derek Duke,
spotify:track:3lcJPuXLzBkGRaVA3yAglY,Breath of Al'Akir,Derek Duke,World of Warcraft: Cataclysm Original Soundtrack,4356369,23d2059d-187f-4725-a638-f82f5dd6f957,2010,ef8d7a94-64a3-4362-b81f-b5999fb246de,Derek Duke,
spotify:track:53Ij8FmAuvzXLsjzCTLM31,CHERRY BOMB,"Tyler, The Creator",Cherry Bomb + Instrumentals,4355534,82eae975-206c-447d-8207-d40fa7402311,2015,f6beac20-5dfe-4d1f-ae02-0b0a740aafd6,"Tyler, The Creator",
spotify:track:13wIKntLcT3b3UuET7RcVJ,Now You Don't,Rav,New Moon,4347469,,,,,wrong_artist
spotify:track:21ztTjTqpOV2r0MYVBps3b,Scrape the Sky,Can't Stop Won't Stop,Wildebeest,4342830,a9eb6b4b-8f24-4ca4-bf34-235d9f927632,2014,2ae9b1a5-1c8d-4ad5-85a7-65b6ea03320b,Can’t Stop Won’t Stop,
spotify:track:3CIQuyJQZNNyfkHSyBzwvi,"Arthas, My Son (Cinematic Intro)",Neal Acree,World of Warcraft: Wrath of the Lich King Original Soundtrack,4341176,1573c774-59e3-4639-a5fd-dd94a24ed259,2008,6647af6b-8ea2-48bd-9d24-a8c478ed45ce,Neal Acree,
spotify:track:4W2rbNAvz2i1hsf2FOm1Xj,Instruments of the Arcane,Clint Bajakian,World of Warcraft: Warlords of Draenor Original Game Soundtrack,4340170,5adcfe21-0ccc-4d0e-9a28-4d1e0dad9a4e,2014,e79dc7f7-7a9c-4058-b9cc-372fb8b3da1c,Clint Bajakian,
spotify:track:20BI2mW4dmSdRuICaicI0t,White Noise Dreams,Espacious,White Noise Flow,4340002,,,,,no_match
spotify:track:2Fw5S2gaOSZzdN5dFoC2dj,A.D.H.D,Kendrick Lamar,Section.80,4339210,d6d80f34-c2ce-4a20-a8aa-b3ffa5a4e7f3,,381086ea-f511-4aba-bdf9-71c753dc5077,Kendrick Lamar,
spotify:track:2AdzsePCqH6NUcMq7tYYmx,Back for More (TXT Ver.),TOMORROW X TOGETHER,The Name Chapter: FREEFALL,4338714,bf565b2e-7788-4275-97b1-d5600976075a,2023,9d027d72-790e-40ec-bbb7-61aa613457de,TOMORROW X TOGETHER,
spotify:track:1EaKU4dMbesXXd3BrLCtYG,ELEMENT.,Kendrick Lamar,DAMN.,4337981,65a1358a-c9df-4b61-9f28-6bb595c4c7b5,,381086ea-f511-4aba-bdf9-71c753dc5077,Kendrick Lamar,
spotify:track:6dFn6my1sHK2bcf23GlHwM,2009,Mac Miller,Swimming,4336792,afebaa39-5717-4d3c-9460-de7330b1244d,2018,a0e8a1b1-5f8f-475a-a253-17415c17d0ff,Mac Miller,
spotify:track:3aO8SF6z2kdg8Mraz9rJHI,I Walk Beside You,Dream Theater,Octavarium,4330612,3351210d-db86-4f10-87b5-7c1653f2c6ac,2006,28503ab7-8bf2-4666-a7bd-2644bfc7cb1d,Dream Theater,
spotify:track:1CZ9A2t1ZLOYZSchV1k3LR,Two-Headed Boy Pt. 2,Neutral Milk Hotel,In the Aeroplane Over the Sea,4329764,2c4cefd7-54c9-4503-a9a4-bd10489ea01d,,a506f761-2c22-4b2f-8a94-bd748c2c8f75,Neutral Milk Hotel,
spotify:track:1jOYqilPLiJlOc2SmDCcJl,Windsong,Jake Lefkowitz,World of Warcraft: Dragonflight,4328113,3f8f4f73-ccf9-4a21-9271-6c2b8de063d6,2022,96afb04e-f03c-44c1-9a00-9eb31dd031da,Jake Lefkowitz,
spotify:track:1aYbS5oTaPvdx3SFGaNdoK,White Noise - Highway Buzz,Ziem,Sound Effects,4326709,,,,,no_match
spotify:track:1abEhzM7SMGvrBKF8n0wlq,Bicycle,Xdinary Heroes,Deadlock,4317796,cae3ebf3-e7a6-4b74-abea-d5fa57d9bb0f,2023,d95a463f-e7d3-4c97-98ba-57f75cb4fda2,Xdinary Heroes,
spotify:track:18CEEhZoQBHBiGfGANm0zJ,So Good (Hyunjin),Stray Kids,HOP,4315980,,,,,no_match
spotify:track:5xBwFfORRqy3ARRrRdprFp,DEVILMAN,Rav,DEVILMAN,4315556,455130e3-3277-4e98-bf1b-36c8f803e082,2020,dd2ae026-4144-4ee3-a7b4-09434a465c34,Rav,
spotify:track:1MprIFeBCp6gqiexinWCjZ,just friends,potsu,just friends,4315422,cbf0b403-bdce-45ce-86b5-67a0e78fac9c,2018,a0a7501e-e0b2-4d7d-a813-ee2668bcb2eb,potsu,
spotify:track:0v8I3Q8G3fPH7XSoJmuPLo,TAHITI II,Sugs,TAHITI II,4307935,,,,,no_match
spotify:track:3jBtGFrRvQDDSrwtQsWZHD,Rumore Pesante Del Sonno,Lettere a Sleepnes,Suoni Rumorosi,4305023,,,,,no_match
spotify:track:08WMLcU6iVPqI6bafJlJfD,A Den of Opportunities,David Arkenstone,World of Warcraft: Shadowlands Original Soundtrack,4296683,70b0dd26-bfea-44f0-9425-9f8fa65748cd,2020,50a45c3d-b54b-4fd5-bb83-5046e4ff6813,David Arkenstone,
spotify:track:02Cz3oR4S4J47yu0F4Vpmd,The Bells Of Notre Dame,Patrick Page,The Hunchback of Notre Dame,4292131,3dbda6ca-6346-4507-b648-8852456c333f,2016,aec158a7-f486-4d0a-b2cc-6ae6bce99439,Patrick Page,
spotify:track:6jLolZTlanWxnjXw5wkwsb,New Dalaran,Neal Acree,World of Warcraft: Legion (Original Game Soundtrack),4278618,1f4d8a73-cb17-4aed-973f-e177413e1db6,2016,6647af6b-8ea2-48bd-9d24-a8c478ed45ce,Neal Acree,
spotify:track:61Emqg95O9zo1GNOcyxq4Y,For Tonight,GIVĒON,For Tonight,4274772,9c237f32-aaa3-4275-a984-87dddff37d17,2021,ad322b8b-31b2-437d-8fd8-1af13c1d7b91,GIVĒON,
spotify:track:7LnYhxJ2LgVVQBPG5AtCVT,The Tower of Karazhan,Russell Brower,World of Warcraft: The Burning Crusade Original Soundtrack,4274743,c3657f0f-0856-4f11-9184-cb1cc93b0b15,2007,3c84e93f-94e2-41b7-803d-ecccc61dd2de,Russell Brower,
spotify:track:4IjDmInimVIKoStoedFO1J,Bounce Back,Stray Kids,HOP,4272203,995eaa24-c102-4b56-9c1a-418caba24a64,2024,142b343d-bf5a-428c-a64f-6d1a7566bbe9,Stray Kids,
spotify:track:1ddxqZGFM00vtzhAflKkTW,No Nut November,Matt Watson,No Nut November,4271828,f4b49ea4-80e4-470d-abf2-bd0134107d81,2019,d8c9eef5-1f61-4811-8c35-31fb9a69a3be,Matt Watson,
spotify:track:7DCLX6EC3qcwW9Cz38DJ8O,Paralyzed,Dream Theater,Distance Over Time,4271641,fd073415-736d-4b10-bd7a-df27662027b5,2019,28503ab7-8bf2-4666-a7bd-2644bfc7cb1d,Dream Theater,
spotify:track:0MMOgWwQRKVBBtDLqm54hK,Outland Suite,Matt Uelmen,World of Warcraft: The Burning Crusade Original Soundtrack,4270417,f1561dfe-28eb-4b81-b76d-91119a71e066,2007,79dc561a-5e4f-459d-804a-13b7fc0e303b,Matt Uelmen,
spotify:track:5V4Rffg8uzMndi2vLBxonF,Mountains of Thunder,Glenn Stafford,World of Warcraft: Wrath of the Lich King Original Soundtrack,4270108,36c009d7-a4f2-43f4-8a2c-bf3dc2549fc4,2008,2465d7da-7da3-42ea-8440-e701775d856b,Glenn Stafford,
spotify:track:0SR4ItBJEpDf5I6zrcPDt4,NEMO - OFFLINE,JPEGMAFIA,OFFLINE!,4262622,,,,,no_match
spotify:track:5BUx7JYJdce2SP3YjYoV03,Moody's Mood For Love (I'm In The Mood For Love),Quincy Jones,Q's Jook Joint,4256083,,,,,no_match
spotify:track:7HVnB17U0I5UrN4YXZ4Z59,FLYGUY,Sugs,FLYGUY,4255350,,,,,no_match
spotify:track:6nnacTL5on2aVsRhVDNUSo,Through the Fire and Flames,DragonForce,Inhuman Rampage,4254332,fed1ba56-bd67-4821-9c39-237bbc3b171e,2015,ef58d4c9-0d40-42ba-bfab-9186c1483edd,DragonForce,
spotify:track:2nG54Y4a3sH9YpfxMolOyi,Shy Away,Twenty One Pilots,Scaled And Icy,4251584,50704540-ab4e-4e39-9da4-eb7913c3eb67,2021,a6c6897a-7415-4f8d-b5a5-3a5e05f3be67,twenty one pilots,
spotify:track:2mUl2MNzIO6BHCrI1QdEcj,Sickly Sweet,NewDad,MADRA,4249283,32e84a5b-9585-48c8-8a3e-ad1d40e84e09,2024,038bd27c-ebec-44e5-9880-1f5eb933db11,NewDad,
spotify:track:47TGrct82IJs6kpQ7AsKCT,Hawaiian Boi,Triathalon,Lo-Tide,4249047,aee51dcf-7ccb-438f-8538-6dc5cb14247a,2020,20c8e21c-a8b9-4ac1-bef8-0ddcd9f4691a,Triathalon,
spotify:track:1F0Xl6fZ1RPGtXpDl67O6w,Sleepy Bedroom Noise,State of Waves,Airplane Nap,4248318,,,,,no_match
spotify:track:21EFHSueNgag8la7qdYzuh,Thunder Bluff,Glenn Stafford,World of Warcraft Original Soundtrack,4242383,aec0e59b-9518-4b6d-8931-689a8fb96926,2023,2465d7da-7da3-42ea-8440-e701775d856b,Glenn Stafford,
spotify:track:2OoG4BqX926Te1vGdMFB2F,Road Trip,NCT 127,Sticker - The 3rd Album,4239799,20482f2d-ecb3-4a87-bf10-37c4988421e8,2021,9d17d14a-e81c-410e-a90b-b02b0a9de6f8,NCT 127,
spotify:track:52XIvb7Ez7CF26vCRe1Auv,Livin' In A New World,The Roots,Game Theory,4239008,2873de6a-9ee7-481b-914d-44430ecf25ce,,80b3cf5e-18fe-4c59-98c7-e5bb87210710,The Roots,
spotify:track:1lAXtbgTaL5LAcI2lHviGs,The Dragon's Hoard,David Arkenstone,World of Warcraft: Dragonflight,4237587,75264336-b67f-4000-a2e4-afe0f5163002,2022,50a45c3d-b54b-4fd5-bb83-5046e4ff6813,David Arkenstone,
spotify:track:5xoYormSTltk6F9SlQV6mm,Mirror,Kendrick Lamar,Mr. Morale & The Big Steppers,4236943,4189287c-aff0-457f-8257-0eec8a65b278,2022,381086ea-f511-4aba-bdf9-71c753dc5077,Kendrick Lamar,
spotify:track:2u1tKPsxhwigi5BNbXihB0,DEATHCAMP (feat. Cole Alexander),"Tyler, The Creator",Cherry Bomb + Instrumentals,4236321,,,,,no_match
spotify:track:4vsJWPwWPS27gRM4oLjBNO,DONT WANT IT,Lil Nas X,MONTERO,4234318,0e546c18-f627-41f0-b65c-3ba5ee5d4e15,2021,0b30341b-b59d-4979-8130-b66c0e475321,Lil Nas X,
spotify:track:4Bl1Hlu6CHjYocr6TqyW5d,Strawberry Cake,Xdinary Heroes,"Hello, world!",4231598,d35b8a9c-1eb8-490d-af47-b54e67d8b2d0,2022,d95a463f-e7d3-4c97-98ba-57f75cb4fda2,Xdinary Heroes,
spotify:track:1DUA8KW4Fes6qfSlNJqvwj,Freedom Dive,XI,Parousia,4228069,7e6932c6-b6bd-4a3e-abbe-14d031dc6648,2017,16d6d00d-31af-480d-8700-a68a74eea1ac,xi,
spotify:track:6CCIqr8xROr3jTnXf4GI3B,Rap Promoter,A Tribe Called Quest,The Low End Theory,4225620,c6ec7923-fae4-4d68-b906-37e484115c0a,1991,9689aa5a-4471-4fb4-9721-07cecda0fa9f,A Tribe Called Quest,
spotify:track:3orAs5iIrx0rzfWRzaB2K3,Sphere,Creo,Sphere,4223361,47c1f489-1135-425f-9f72-b003a2cb4981,2017,754e2a05-7f44-4898-bcfd-64a837a6b05f,Creo,
spotify:track:7I8HRHrAzWJqw2RiSTug8S,Positive White Noise,Lavia 6,Positive White Noise,4219712,,,,,no_match
spotify:track:1WWgMk8nD79p8VeKFGYrOw,Bullet In The Head,Rage Against The Machine,Rage Against The Machine - XX (20th Anniversary Special Edition),4214523,87d4aa67-903d-40da-b183-7428c19af534,1993,3798b104-01cb-484c-a3b0-56adc6399b80,Rage Against the Machine,
spotify:track:14N3tALR3Mhf7UHpJRKk4L,Twin Size Mattress,The Front Bottoms,Talon Of The Hawk,4210752,386ec1f9-d0ae-4ed2-9493-7758531b2f64,2013,622b6000-ff0d-4ab3-9e98-c4916f3692c3,The Front Bottoms,
spotify:track:5AyCkdeQWzWvmyhmq59t2G,Seat of the Primus,Grant Kirkhope,World of Warcraft: Shadowlands Original Soundtrack,4208100,1688d673-4d64-482e-8c43-48492d312342,2020,3237b5a8-ae44-400c-aa6d-cea51f0b9074,Grant Kirkhope,
spotify:track:2JIKrr6mV7xLsp3PLmE931,Ruff Ryder,Trudy and the Romance,Junkyard Jazz,4206574,161cff92-c294-4b53-aa60-fdc979f06484,2017,8c058282-ba69-4fab-9aad-2c609da200eb,Trudy and the Romance,
spotify:track:2UP7KnRSvc4taXbjOoSX0f,Say My Name,ATEEZ,TREASURE EP.2 : Zero To One,4202324,9ca641a3-bb5e-4278-a8e0-2b4dd0e2ba73,2019,cf0dbc16-4e24-4957-b5b4-955c8978f690,ATEEZ,
spotify:track:5ho7VSXSmI2KM2nDjcnLyz,man at the garden,Kendrick Lamar,GNX,4201091,63d81b77-a52b-408a-a424-9015c2d4a93f,,381086ea-f511-4aba-bdf9-71c753dc5077,Kendrick Lamar,
spotify:track:1jGbLS60uy5C4aehoXNWRd,down in flames,saoirse dream,saoirse dream,4199368,a82d9640-9892-4901-93c2-f615327b0ae4,2023,af0c4afb-8717-4dad-b453-6b015c0d8bdc,saoirse dream,
spotify:track:3nJYcY9yvKP8Oi2Ml8brXt,Right Hand Man,Lin-Manuel Miranda,Hamilton,4195844,10cd8f32-f3f0-4d10-b153-a67a1c3836f0,2014,925c7673-0e85-410f-b7e4-d9705a7aa619,Lin‐Manuel Miranda,
spotify:track:4nuSRdNGKLfbwXDaqexTd2,Head Down,Soundgarden,Superunknown,4195096,d225c797-787d-409f-9167-905e58d96c56,1994,153c9281-268f-4cf3-8938-f5a4593e5df4,Soundgarden,
spotify:track:6pBgiuOqIV5z99y8k8fKBN,Iron Dawn,Neal Acree,World of Warcraft: Warlords of Draenor Original Game Soundtrack,4194922,6931e38d-aed4-445e-860a-361cabf07d8d,2014,6647af6b-8ea2-48bd-9d24-a8c478ed45ce,Neal Acree,
spotify:track:4LuKbhLGT6c8npdhOgWAsH,Sweatin' Somethin' Awful,Okey Dokey,"Love You, Mean It",4194644,6fc07dd8-66f0-4179-8e58-9104b149c300,2017,e43d0728-df9e-4c26-ac3b-a98a91e2f314,Okey Dokey,
spotify:track:2rBHnIxbhkMGLpqmsNX91M,Bombtrack,Rage Against The Machine,Rage Against The Machine - XX (20th Anniversary Special Edition),4184067,eb52ad02-1d4e-48a3-9740-232a86432eca,,3798b104-01cb-484c-a3b0-56adc6399b80,Rage Against the Machine,
spotify:track:1CuZc5pK6JiAXoPwFDnbSq,Uldum,Russell Brower,World of Warcraft: Cataclysm Original Soundtrack,4182650,ccc166e8-5efc-49ea-928a-97fdb0ae7222,2010,3c84e93f-94e2-41b7-803d-ecccc61dd2de,Russell Brower,
spotify:track:6Ndu96RYi1fvFBMNCYLIbT,Left Behind,grandson,Death Of An Optimist,4179222,d9429bf4-26ee-478d-9b9d-3b7c39dff561,2020,cc699fe3-db51-4837-928f-8f712c61a01a,grandson,
spotify:track:14nP0U50fCX3F3PjSgE4lb,Beautiful Life,Xdinary Heroes,Beautiful Mind,4177808,cb68f77e-732f-4303-b9db-0bcb2d846855,2025,d95a463f-e7d3-4c97-98ba-57f75cb4fda2,Xdinary Heroes,
spotify:track:7A6kDAki7yD50HkFvjE6JP,Dragons' Rest,Derek Duke,World of Warcraft: Wrath of the Lich King Original Soundtrack,4160827,46c2ed54-6906-439e-857e-d87cee620397,2008,ef8d7a94-64a3-4362-b81f-b5999fb246de,Derek Duke,
spotify:track:0SnYOVoJPIH7BxSc0KumBI,Moving On,NMIXX,Fe3O4: STICK OUT,4160736,c122c33b-56b1-46a4-9ea9-7580e00e7687,2024,2d623e82-73e2-4179-9c44-e963980f2d58,NMIXX,
spotify:track:3E9Wv5hNRwedUjPkkplcx4,Not Dead Yet,Jakey,Not Dead Yet,4155476,950953e3-ce0a-406d-b619-aba95e08b2cd,2019,b06ca342-eff9-46a0-ae15-bf610b820f7d,Jakey,
spotify:track:3TCauNPqFiniaYHBvEVoHG,Beautiful,Christina Aguilera,Stripped,4151693,06290792-d2e1-4e45-9de0-c960b7874e70,2008,b202beb7-99bd-47e7-8b72-195c8d72ebdd,Christina Aguilera,
spotify:track:7tszCv2XB51GCoTeTBuTPt,Bring The Noize,NCT 127,Sticker - The 3rd Album,4150292,7eb81ac5-d268-49fb-af2d-dfb4778bbb02,2021,9d17d14a-e81c-410e-a90b-b02b0a9de6f8,NCT 127,
spotify:track:442j8VxaB60dWf9cBFuX5w,Almost Is Never Enough,Ariana Grande,Yours Truly,4142759,6d183eda-59d6-4e60-bcf0-f00ac55a6980,,f4fdbb4c-e4b7-47a0-b83b-d91bbfcfa387,Ariana Grande,
spotify:track:1DOBBWtkabIjo955KkMLuQ,TA,Stray Kids,GO LIVE,4139170,,,,,no_match
spotify:track:0udOCZp7yk0Ml92C0k8H8D,That's On Me,Mac Miller,Circles,4138369,3c392054-3cf4-4f83-b364-b4c1a5f917c8,2020,a0e8a1b1-5f8f-475a-a253-17415c17d0ff,Mac Miller,
spotify:track:0EG9tDhr5rd931Ebj213nO,The Number of the Beast (2015 Remaster),Iron Maiden,The Number of the Beast,4134841,,,,,no_match
spotify:track:1L94M3KIu7QluZe63g64rv,Alive,Pearl Jam,Ten,4134046,9b597f52-354b-4251-b158-1f34e83e6e18,,83b9cbe7-9857-49e2-ab8e-b57b01038103,Pearl Jam,
spotify:track:0ObH6HhEWiI2kXBJ4tusbQ,i don't know (with HUH YUNJIN of LE SSERAFIM),j-hope,HOPE ON THE STREET VOL.1,4130237,,,,,no_match
spotify:track:1EtWJJbvPfmNsVDGOhTtSG,prom,Ethan Bortnick,prom,4119130,4e379dd5-75ce-4ea4-93c5-a51ba6e5728e,2022,79db1a62-d707-46ac-8132-4965035fc63a,Ethan Bortnick,
spotify:track:1Q5kgpp4pmyGqPwNBzkSrw,Roadhouse Blues,The Doors,Morrison Hotel,4114407,af8f17b3-4269-4e56-a04d-5416f9782d96,1991,9efff43b-3b29-4082-824e-bc82f646f93d,The Doors,
spotify:track:1TSeex3ydFBA0XXHITw8hq,We Shall Be Conquerors,Russell Brower,World of Warcraft: Warlords of Draenor Original Game Soundtrack,4113028,,,,,no_match
spotify:track:1Po2n7GxUAf6snaUxYekd5,Juliette,Slush Puppy,Juliette,4111327,ec87863e-52ad-4921-aa5e-cc65644da1a2,2021,5b366d5c-03c2-47d8-8dec-828048fde637,Slush Puppy,
spotify:track:3RiuTRtl6vNRGGEQtrjzsH,Worm Is Gonna Turn,Rare Americans,Worm Is Gonna Turn,4110935,6151aabf-cea9-4e25-a26d-51019398acbc,2018,78fcc713-214b-4f04-a84e-af800e2d34ba,Rare Americans,
spotify:track:5oO3drDxtziYU2H1X23ZIp,Love On The Brain,Rihanna,ANTI,4108171,89ed2829-94e4-4f67-b437-42d9978f0a80,,73e5e69d-3554-40d8-8516-00cb38737a1c,Rihanna,
spotify:track:4OKf7CcYuw5H2HptkcKxcP,You're My Best Friend - Remastered 2011,Queen,A Night At The Opera,4105360,868d7717-d5a2-4e74-9436-0129cd078e45,2007,0383dadf-2a4e-4d10-a46a-e9e041da8eb3,Queen,
spotify:track:6PGoSes0D9eUDeeAafB2As,LOVE. FEAT. ZACARI.,Kendrick Lamar,DAMN.,4102853,,,,,no_match
spotify:track:1G75Lg1lzY4fHsv8Px0oIJ,Summer Glow,CatDany,Summer Glow,4101943,496f19c0-d9d0-4ed0-89cf-37782e314b36,2019,a3e6b986-9ba2-4089-8157-bc92e9c471af,CatDany,
spotify:track:1r40W9nWK2lH1wXTohiAyJ,Way Up,Low Hanging Fruit,Way Up,4094086,,,,,no_match
spotify:track:09xpQPfKWdio1wx6v17dGa,SAFARI,"Tyler, The Creator",CALL ME IF YOU GET LOST,4091272,5fe7eb5a-d8de-4103-818b-c93e449604f9,2021,f6beac20-5dfe-4d1f-ae02-0b0a740aafd6,"Tyler, The Creator",
spotify:track:4ki6ht3cjBBMMwXLIZYemM,Tongue in cheek,underscores,boneyard aka fearmonger,4087042,03a54184-c8f4-4988-b989-d0bf423572a3,2021,ab1a3f85-e0ea-470a-af5c-175447ae774c,underscores,
spotify:track:4fGIqy3bvjX0jz1SJHqjjo,"It's Not a Fashion Statement, It's a Deathwish",My Chemical Romance,Three Cheers for Sweet Revenge,4081787,e7ff15f6-bdd4-49ac-8310-475189b7e54a,2004,c07f0676-9143-4217-8a9f-4c26bd636f13,My Chemical Romance,
spotify:track:29WERjx4ZC6Bj8uw8EsZzF,Secrets Long Forgotten,Glenn Stafford,World of Warcraft: Wrath of the Lich King Original Soundtrack,4075326,b6f90c5d-30d5-4315-9294-77c477686c7d,2008,2465d7da-7da3-42ea-8440-e701775d856b,Glenn Stafford,
spotify:track:3AzAdkE2uk3ZItDRdOAb4y,Frostlands,Glenn Stafford,World of Warcraft: Dragonflight,4072975,6d6f94e8-c78e-4c8a-8d57-8c7b411dc78d,2022,2465d7da-7da3-42ea-8440-e701775d856b,Glenn Stafford,
spotify:track:1uArt6AUmmCzq447H56pth,Crystallize,Creo,Crystallize,4072815,91f93393-4c50-40d7-a4ec-4729c97c3cb3,2018,754e2a05-7f44-4898-bcfd-64a837a6b05f,Creo,
spotify:track:3sinFkDuVOd2oJ8XKCyKuf,"Hey, Little Songbird",Patrick Page,Hadestown (Original Broadway Cast Recording),4070741,14fa08f9-2f97-4675-aa85-da1bde2b5faf,2019,aec158a7-f486-4d0a-b2cc-6ae6bce99439,Patrick Page,
spotify:track:2AGa0N0dDwpi50w58BIMe7,OLeander,hannah bahng,perfect blues,4067983,b3828de3-8fed-4efa-bf3d-1c3066d79ef9,2024,7ea00d04-8663-4d28-a6d5-50e43934596b,Hannah Bahng,
spotify:track:46oHvXwpEZOFX518we1nJD,CORSO,"Tyler, The Creator",CALL ME IF YOU GET LOST,4066902,94c42ded-fc2d-4e04-90b8-ecca0f16a8b0,2021,f6beac20-5dfe-4d1f-ae02-0b0a740aafd6,"Tyler, The Creator",
spotify:track:5jNn9QeC5PCZl3t27eusXg,Princes Of The Universe - Remastered 2011,Queen,A Kind of Magic,4063510,6a51027b-b4ed-412c-bca8-435fb7494207,2002,0383dadf-2a4e-4d10-a46a-e9e041da8eb3,Queen,
spotify:track:4U9ZjqhaGF9wl56899E4sW,Besties,"Black Country, New Road",Forever Howlong,4058584,bf156dcc-67c5-46e4-8938-aae9633388f0,2025,e9403d9c-329b-4108-a26f-564159d441d9,"Black Country, New Road",
spotify:track:4UiNOkt1umnPdGPv4ojjkr,Our World,CatDany,follow catdany on *******,4057865,e308aeb1-0826-4020-8e12-9e08af42dd31,2019,a3e6b986-9ba2-4089-8157-bc92e9c471af,CatDany,
spotify:track:27szccvsWzjoXNzujeQakZ,Guardians of Nordrassil,David Arkenstone,World of Warcraft: Cataclysm Original Soundtrack,4052900,59ac608d-c769-4b1d-ae7f-a97c5411a1fb,2010,50a45c3d-b54b-4fd5-bb83-5046e4ff6813,David Arkenstone,
spotify:track:4SD1i1DQ8uVKW2iRvI0qhb,Nice!,XANAKIN SKYWOK,Nice!,4052512,50fbe201-2320-4a24-a78d-d32c85a6f6cd,2022,2d70c0b2-6437-4c54-bd47-a736ad9fa077,XANAKIN SKYWOK,
spotify:track:7o2AeQZzfCERsRmOM86EcB,Xtal,Aphex Twin,Selected Ambient Works 85-92,4052465,9af4071c-d990-4db9-851e-b7dc8042e9f5,2006,f22942a1-6f70-4f48-866e-238cb2308fbd,Aphex Twin,
spotify:track:4HDdBYZ5R076nVUpGj9IA7,The Eye of Eternity,Russell Brower,World of Warcraft: Wrath of the Lich King Original Soundtrack,4050798,4da1a0f6-9cba-4bae-8951-b2180c2629f3,2008,3c84e93f-94e2-41b7-803d-ecccc61dd2de,Russell Brower,
spotify:track:7rdSZ2J9PZYlnhYMVVNCgS,The Iskaara,David Arkenstone,World of Warcraft: Dragonflight,4046065,fb7a60c7-e0ab-401d-a286-43d4be026a0f,2022,50a45c3d-b54b-4fd5-bb83-5046e4ff6813,David Arkenstone,
spotify:track:4SmD06eBuQ2VzjNWKb50Z2,Hands Free,Rare Americans,Rare Americans,4044898,12588b71-c979-4f37-aa92-73ce80abfad2,2018,78fcc713-214b-4f04-a84e-af800e2d34ba,Rare Americans,
spotify:track:2aksifNn5ph8igDOkPBA02,Love On The Brain,Rihanna,ANTI,4037735,89ed2829-94e4-4f67-b437-42d9978f0a80,,73e5e69d-3554-40d8-8516-00cb38737a1c,Rihanna,
spotify:track:7Lyuvc40kaW7MixL6a2UOP,The Forsworn,Glenn Stafford,World of Warcraft: Shadowlands Original Soundtrack,4037436,e72407eb-a093-4cb2-b9b6-2c08a5fb102c,2020,2465d7da-7da3-42ea-8440-e701775d856b,Glenn Stafford,
spotify:track:3famfyGuWw5QFcVO5Xk1uW,"White Flag (feat. Bashy, Kano and the National Orchestra for Arabic Music)",Gorillaz,Plastic Beach,4033850,,,,,no_match
spotify:track:71WZ7yFuwxmQz5jJUpvkGv,You Were Beautiful,DAY6,SUNRISE,4032582,498f1466-6ad4-4472-bcd4-0183b0a5d9d1,2018,77191d5f-1045-4b3b-ad7f-12ea398db929,DAY6,
spotify:track:0LSzBkkQZZkwV656r6etLg,Bury Me Face Down,grandson,Bury Me Face Down,4027760,9c0faf23-175e-4f72-9830-8e12d60ebf9c,2016,cc699fe3-db51-4837-928f-8f712c61a01a,grandson,
spotify:track:5pwzNV8xvVhEhgdUYeYMKl,ride the wave,kyeaintdead,summer heat,4024601,9fd00f90-d51d-492a-963b-036b97b4bdb5,2021,c9d64b86-c194-4b05-be41-0245c4a7477b,kyeaintdead,
spotify:track:4LFTLsnrGGZFtHdjlrV8Gx,Detach,Hans Zimmer,Interstellar (Original Motion Picture Soundtrack),4022020,c13c97f6-be11-4b52-a6c2-efe5dcd4f46c,,e6de1f3b-6484-491c-88dd-6d619f142abc,Hans Zimmer,
spotify:track:2BzT7SM4RhKfrbPTAbSLqh,真夜中のオーケストラ,Aqua Timez,カルペ・ディエム,4021761,e085db69-8455-48f3-89b5-60daff019cbd,2011,c502a882-ea55-4bdf-b6e0-a95330e14682,Aqua Timez,
spotify:track:0iqEoAwUEAvYnXcNc9WRV5,Life Pools,David Arkenstone,World of Warcraft: Dragonflight,4020140,b2a8335e-d8aa-46ae-af5d-edc6d13d639c,2022,50a45c3d-b54b-4fd5-bb83-5046e4ff6813,David Arkenstone,
spotify:track:11LmqTE2naFULdEP94AUBa,Heart-Shaped Box,Nirvana,In Utero,4019852,316aa84f-b446-4599-8cf1-4b10adc0b7b8,,5b11f4ce-a62d-471e-81fc-a69a8278c7da,Nirvana,
spotify:track:6K8gEgGkOyD1wFY3kAcyOy,Tie Your Mother Down - Remastered 2011,Queen,A Day At The Races,4017980,7990858c-0cbb-4ab9-b26a-b3ef83ea1e36,,0383dadf-2a4e-4d10-a46a-e9e041da8eb3,Queen,
spotify:track:4rfaoyaZvNa60cj3OKSQV9,Migraine,Twenty One Pilots,Vessel,4015955,2f93f503-0530-4104-b917-f702a84eb141,2022,a6c6897a-7415-4f8d-b5a5-3a5e05f3be67,twenty one pilots,
spotify:track:3ZffCQKLFLUvYM59XKLbVm,Wake Me up When September Ends,Green Day,American Idiot,4012098,72da5280-cadc-4f61-b58b-40cb6da2a32e,2005,084308bd-1654-436f-ba03-df6697104e19,Green Day,
spotify:track:1VMdwVq0yaTc4DeqSCi7DO,White,Frank Ocean,channel ORANGE,4008716,7d57d601-4f94-4642-86a7-4ac2776e946a,2013,e520459c-dff4-491d-a6e4-c97be35e0044,Frank Ocean,
spotify:track:1SHgvytrAtSnSDMq5r7OjA,OK,8 Graves,Black,4006884,6ed655fe-b3d0-4ce8-ae67-b3f8bbcb4f84,2018,3ce8d3a9-4d23-47bf-af44-cf976c2a2aa5,8 Graves,
spotify:track:4oBqAjwY131JLtwelkYWTq,Demon Hunter,Neal Acree,World of Warcraft: Legion (Original Game Soundtrack),3980652,e49966b8-09a0-403c-98e6-a10c1ee05d96,2016,6647af6b-8ea2-48bd-9d24-a8c478ed45ce,Neal Acree,
spotify:track:6J24mkFRWkNxD7ZiGLerqC,Without You Around,Rare Americans,Rare Americans 2,3969731,4b42b943-7136-4536-97e3-8286d031b7b3,2021,78fcc713-214b-4f04-a84e-af800e2d34ba,Rare Americans,
spotify:track:1K6aitchMMhQBH48YUSQKv,Garden of Life,Russell Brower,World of Warcraft: Wrath of the Lich King Original Soundtrack,3968581,07b5505c-3f2d-4a11-94b7-aa99224d1aea,2008,3c84e93f-94e2-41b7-803d-ecccc61dd2de,Russell Brower,
spotify:track:47atuTch0AN7NvP9vp42a5,Ramble Tamble,Creedence Clearwater Revival,Cosmo's Factory,3968116,53b41ff0-5adc-48ce-9e2e-2ee7e62ac86a,2006,109958eb-a335-4c5e-907e-597ff4c6af46,Creedence Clearwater Revival,
spotify:track:6U9CTAof4KBnyzDt8OYY75,Hold my hand (HAN),Stray Kids,HOP,3965508,,,,,no_match
spotify:track:1ILE0PIo6qoRYo0DhdLggi,Years Go By - Remastered 2016,Stratovarius,Destiny (Reissue 2016),3964970,613bf7c7-a511-49a5-be4e-820e149a2fbe,1998,c3d6fdd5-67c5-453e-87e3-d17a00a52879,Stratovarius,
spotify:track:7cHXss4b7AzJiofmG3TGig,ARE YOU HAPPY?,JPEGMAFIA,OFFLINE!,3960526,,,,,no_match
spotify:track:5v6c5XtD3zKPvgUknF7h9K,ESCAPE (Bang Chan & Hyunjin),Stray Kids,Mixtape : dominATE,3960478,,,,,no_match
spotify:track:3yw3m8wgRB4ptDyAvtdhq5,Tomorrow,"Tyler, The Creator",CHROMAKOPIA,3955046,a6d7d85f-2e85-4f5c-b5bd-67a4df2f24ad,2025,f6beac20-5dfe-4d1f-ae02-0b0a740aafd6,"Tyler, The Creator",
spotify:track:5eOmhymcp3AisKPVAytrs6,Poe Mans Dreams (His Vice) (feat. GLC),Kendrick Lamar,Section.80,3954266,,,,,no_match
spotify:track:4ky6CCUmx6hqBhmzlzXQ8d,Gunk,underscores,boneyard aka fearmonger,3953589,ea65efda-b9c3-4add-bcd8-6dab92978200,2021,ab1a3f85-e0ea-470a-af5c-175447ae774c,underscores,
spotify:track:5PTvZMe9mIL0GrRvPBRu6S,It's A Hard Life - Remastered 2011,Queen,The Works - Deluxe Remastered Version,3951700,98f77b21-3122-42d6-a3ad-5273dd5ef454,1992,0383dadf-2a4e-4d10-a46a-e9e041da8eb3,Queen,
spotify:track:1mkBAifqSB5Cyu4ZicSJoK,White Noise 594 Hz,Dancing Waves,White Noise One,3950234,,,,,no_match
spotify:track:5fnl0Tyeh4r5gPANdaVu61,Way Down Hadestown,Hadestown Original Broadway Company,Hadestown (Original Broadway Cast Recording),3947847,,,,,wrong_artist
spotify:track:4z8pnBPXohWhc7xaH4B5zt,Drop Dead,grandson,Death Of An Optimist,3938654,624adb86-e752-49ea-9a5c-0bad0e9ae903,2020,cc699fe3-db51-4837-928f-8f712c61a01a,grandson,
spotify:track:3H3ZrWowpC1kP3aqGbHaDv,These Are The Days Of Our Lives - 2011 Remaster,Queen,Forever,3934799,,,,,no_match
spotify:track:2pjgwyEuSDURf6rbPaNVt8,broad shoulders!! gold star!!,saoirse dream,saoirse dream,3932070,5fbb7b99-dd1e-470c-84dd-b4a2418a0d9d,2024,af0c4afb-8717-4dad-b453-6b015c0d8bdc,saoirse dream,
spotify:track:5HBgxZ99QFlQtZhhLTWUG9,4:37 P.M. EST (Subspace),Kill Bill: The Rapper,Ramona,3930701,,,,,no_match
spotify:track:4kfaLw8sMFbZ1LQxlTaS2y,Music,underscores,Music,3930554,28d11aed-bd08-486c-bd5e-f0188d9475ad,2025,ab1a3f85-e0ea-470a-af5c-175447ae774c,underscores,
spotify:track:6r7Fr0fHtsUjfQFSbQeGeF,Veronica,Caramelos De Cianuro,Miss Mujerzuela,3927151,1a1b38b2-f92d-47de-ba39-8a28ea7518f3,2000,3ee62edc-3521-4c39-89ce-081aafa79c00,Caramelos de Cianuro,
spotify:track:2LsbizbOeNa4x6qsi2jAMb,La flaca,Jarabe De Palo,La Flaca,3923649,1532e554-61c6-4703-8efe-0d0f8c47f118,1999,38b511a2-76fa-4a1e-9b7a-e2a6efa6399b,Jarabe de Palo,
spotify:track:3vjs2MDHoF9xhylNg6Y9un,Chateau (Feel Alright),Djo,Twenty Twenty,3922016,00debd1b-c1e9-4d7f-8219-df83e2868231,2019,dc84c3f5-a44c-4a46-bf41-fd1640e3c99d,Djo,
spotify:track:6AI3ezQ4o3HUoP6Dhudph3,Not Like Us,Kendrick Lamar,Not Like Us,3920024,becbdb07-b258-4824-afe9-1e802f15223a,2024,381086ea-f511-4aba-bdf9-71c753dc5077,Kendrick Lamar,
spotify:track:4pWIwnnqx8k01fuF95UMIg,Bodysnatchers,Radiohead,In Rainbows,3917819,a345146f-41f8-484e-a03a-e2c86a424ba1,,a74b1b7f-71a5-4011-9441-d0b5e4122711,Radiohead,
spotify:track:235l4eJLIHvsJzLhYKIHBj,Quinton's On The Way (Skit),The Pharcyde,Bizarre Ride II The Pharcyde,3917246,7dd9bb92-72c1-46e5-b215-aacf3e73b141,1992,d7134426-a937-43bf-bc54-f10ad8102ed9,The Pharcyde,
spotify:track:7EsSVPxaYoAZjQwhspJBs2,"Who Lives, Who Dies, Who Tells Your Story",Original Broadway Cast of Hamilton,Hamilton,3910759,,,,,wrong_artist
spotify:track:5nqbSPPpGf1WtzX9qk3ruW,Change My Mind,NewDad,MADRA,3907720,7ff77a6a-0468-459e-94ee-04865112d438,2024,038bd27c-ebec-44e5-9880-1f5eb933db11,NewDad,
spotify:track:7jAxGkXU58FwNMjqoMahn7,Celebration,Kanye West,Late Registration,3905761,9d68c392-af89-4d0a-83a9-3a4a28f45e51,2005,164f0d73-1234-4e2c-8743-d77bf2191051,Ye,
spotify:track:4Ez2HFvyqDdFbMd1fbi2OE,Temple Of The Five Dawns,Russell Brower,World of Warcraft: Mists of Pandaria Soundtrack,3900629,0f3089a2-c0e7-431a-b6e4-e5df3b30c2bf,2012,3c84e93f-94e2-41b7-803d-ecccc61dd2de,Russell Brower,
spotify:track:6XtPOQQmTO5hLdaD8ICyEU,0X1=LOVESONG (I Know I Love You) feat. Seori (Emocore Mix),TOMORROW X TOGETHER,The Chaos Chapter: FIGHT OR ESCAPE,3898986,,,,,no_match
spotify:track:47MRiOYDPxibheDghy2Hum,Ipnotizzato Dal Rumore Bianco,Passeggiate Al Chiaro,Fiori Notturni,3883266,,,,,no_match
spotify:track:2lHUfnpxziRL1hC3ZKTIDX,Passages,Sam Cardon,World of Warcraft: Legion (Original Game Soundtrack),3878213,,,,,wrong_artist
spotify:track:0RBuvUBCW7H6ZKqte0VOth,Caverns of Time - The Escape from Durnholde,Russell Brower,World of Warcraft: The Burning Crusade Original Soundtrack,3872564,,,,,no_match
spotify:track:2qtoRFCOEL1gRn5q9DJC7F,Solo (Reprise),Frank Ocean,Blonde,3871815,c68ffb4b-3dfb-4a42-898b-f75606a4a988,2016,e520459c-dff4-491d-a6e4-c97be35e0044,Frank Ocean,
spotify:track:3IvHqEdKcJMfUdfNcveeVP,Giants of the Span,David Arkenstone,World of Warcraft: Dragonflight,3871758,28761eef-213c-4fb9-b617-b66384b10cea,2022,50a45c3d-b54b-4fd5-bb83-5046e4ff6813,David Arkenstone,
spotify:track:6CmpZfKUQ2KerzBFZ3QKFr,Mr. Morale,Kendrick Lamar,Mr. Morale & The Big Steppers,3862055,b35cc12c-6e65-44d6-9b37-cb809b784f64,2022,381086ea-f511-4aba-bdf9-71c753dc5077,Kendrick Lamar,
spotify:track:4YAgH8s0JFfwikTNwe0aIk,Daydream (백일몽),j-hope,Hope World,3854679,,,,,no_match
spotify:track:05Nyr9LTtpDEEoF8SziLca,Assault on New Avalon,Russell Brower,World of Warcraft: Wrath of the Lich King Original Soundtrack,3853628,415e9661-dcdd-47bc-b5d9-e6a873d51829,2008,3c84e93f-94e2-41b7-803d-ecccc61dd2de,Russell Brower,
spotify:track:6MD6xpFK4cfquxRqXxqwjq,Obey (with YUNGBLUD),Bring Me The Horizon,POST HUMAN: SURVIVAL HORROR,3851034,,,,,no_match
spotify:track:3Yc3OKUhVFNfCiZGKAkgju,Sacrifice,Russell Brower,World of Warcraft: Warlords of Draenor Original Game Soundtrack,3846501,1972c872-0e78-481c-a4c6-736bd9cf40be,2016,3c84e93f-94e2-41b7-803d-ecccc61dd2de,Russell Brower,
spotify:track:11CFPmCWu4EwwEgIoOHZk8,Forged in Blood,Glenn Stafford,World of Warcraft: Wrath of the Lich King Original Soundtrack,3846114,32cadc42-b70a-4009-8a8d-90eaab1a4be7,2008,2465d7da-7da3-42ea-8440-e701775d856b,Glenn Stafford,
spotify:track:2CYVLIwBHrF2e0C63nPiSs,Cabin Noise Focus,XL Noise Factory,XL Pink Noise,3843949,,,,,no_match
spotify:track:6Z22Flo7OCLuCSWyd6w6c1,March on for Pax Ramona,Psychedelic Porn Crumpets,"Carpe Diem, Moonman",3841765,6691c679-8ba8-4afc-9861-6de144e9cbbf,2025,11d94660-1963-4020-8762-4c5907e2ea48,Psychedelic Porn Crumpets,
spotify:track:5Q1tv4GTxP3IJeGMOKdrFO,MEGAVERSE,Stray Kids,ROCK-STAR,3838730,c6425d4e-7be5-4ccf-82a4-5a06226eae62,2023,142b343d-bf5a-428c-a64f-6d1a7566bbe9,Stray Kids,
spotify:track:5SJZH9cW2v3SrF3Pher2oP,White Noise Shade 4,Octobas,Shades Of White Noise,3834769,,,,,no_match
spotify:track:0gfgDSsaWrRAGCdzj04fuX,Enchanting White Noise,Soundverb,Enchanting White Noise,3834065,,,,,no_match
spotify:track:7zWQ99Mr9e5p1tx47nExhv,Ley Lines,Edo Guidotti,World of Warcraft: Legion (Original Game Soundtrack),3830184,e8e5c429-e024-4068-b96a-3e22b9c9a785,2016,f721a848-c8a0-4043-85e5-a17fe4860835,Edo Guidotti,
spotify:track:7Dgt0TvvmEnKMRBoU8GF3C,Terrible Things,Brick + Mortar,Bangs,3823945,00421814-de53-49a3-8339-490cd69df292,2013,36393a79-7cf3-4bdd-a917-f8db17e11f14,Brick + Mortar,
spotify:track:0bGJHUPR6ems9tzIljlPFR,Begin,BTS,Wings,3821611,864ff9a2-67b7-4a08-a25a-c1f918db8a0d,2016,0d79fe8e-ba27-4859-bb8c-2f255f346853,BTS,
spotify:track:5rQHNxhI06bT7qQjp4Ne40,WHEN THE DUNE MUSIC KICKS IN,Sadzilla,WHEN THE DUNE MUSIC KICKS IN,3811483,,,,,no_match
spotify:track:0P7YJ9fxIOM0Rq4pZ2qU42,Now I'm Here - Remastered 2011,Queen,Sheer Heart Attack,3810500,c885b71c-8647-4d5f-bf7e-e5231deff93e,1991,0383dadf-2a4e-4d10-a46a-e9e041da8eb3,Queen,
spotify:track:0mvnmLsfi9n5RjPIWzT6tY,"FIND YOUR WINGS (feat. Roy Ayers, Sydney Bennett & Kali Uchis)","Tyler, The Creator",Cherry Bomb + Instrumentals,3806797,0436f7ff-2613-46a6-9cfc-ae51c5a7cf33,2021,f6beac20-5dfe-4d1f-ae02-0b0a740aafd6,"Tyler, The Creator",
spotify:track:66sBTYlkaiyBwf4fhbIHlZ,Yours,JIN,Jirisan (Original Television Soundtrack) Pt. 4,3806617,da2630c1-aaba-4d0d-9fdb-b7b02a3f431c,2021,09720eec-3871-49d5-932d-eb7542768cd3,Jin,
spotify:track:4iNXUjXMr6rVJxH7a7yvGq,Hellevator,Stray Kids,SKZ2020,3800661,ef13fab4-7fc2-4a4d-9f6c-0283082c60e6,2018,142b343d-bf5a-428c-a64f-6d1a7566bbe9,Stray Kids,
spotify:track:2YodwKJnbPyNKe8XXSE9V7,Lithium,Nirvana,Nevermind,3799664,62310820-9942-4006-ac55-74b5434f0868,,5b11f4ce-a62d-471e-81fc-a69a8278c7da,Nirvana,
spotify:track:2cViIXIe8Pbd1sOJExMJlK,Cemetery Drive,My Chemical Romance,Three Cheers for Sweet Revenge,3799175,2fa14586-f809-4e7d-8db1-5c9d1418d45b,2004,c07f0676-9143-4217-8a9f-4c26bd636f13,My Chemical Romance,
spotify:track:6Gmy7RKh5jkBNzrNx0q8o2,Mixtape#2,Stray Kids,Clé 2 : Yellow Wood,3794000,bceda064-715c-4a05-bfe0-c2caf51ea3ba,2018,142b343d-bf5a-428c-a64f-6d1a7566bbe9,Stray Kids,
spotify:track:4xXu9UO2qdBotUOfqru2UC,Bakamitai - Taxi Driver Edition,桐生一馬(黒田崇矢),Kazuma Kiryu Karaoke hit song collection(Ryu ga gotoku7 hikari to yami no yukue),3793345,,,,,no_match
spotify:track:393a0lP6ibMXEsq0ObW2T2,SRT,Atwood,SRT,3790104,a5bd99c8-edeb-46e8-83a1-a82b4ce6a81d,2020,9911c480-1b8f-4797-ae9c-a29f191a0853,Atwood,
spotify:track:2s1sdSqGcKxpPr5lCl7jAV,Chandelier,Sia,1000 Forms Of Fear (Deluxe Version),3782691,b78cd661-eb14-4867-b986-2d137db128b1,,2f548675-008d-4332-876c-108b0c7ab9c5,Sia,
spotify:track:6kkwzB6hXLIONkEk9JciA6,Weightless,Marconi Union,The Ambient Zone Just Music Cafe Vol 4,3781748,36cb35d2-3780-414a-9ef9-fec1e56e2eed,2012,3f9b5837-ed1c-413e-bfef-ca4f892dcc59,Marconi Union,
spotify:track:2On611HXKQAbaYkuc4NQAm,Pandora's Box,j-hope,Jack In The Box,3779941,43d31efa-5139-4c99-9953-71e6839d3055,,b3977da4-f899-4328-921b-ecc599a5618a,j‐hope,
spotify:track:46WOptLnXUtH3LOyYvmMO1,Welcome to the World of the Plastic Beach (feat. Snoop Dogg and Hypnotic Brass Ensemble),Gorillaz,Plastic Beach,3773896,,,,,no_match
spotify:track:5ropmk9nhbJMzwfS5epUqb,Don't You (Forget About Me) - Single [In the Style of Simple Minds] {Performance Track with Demonstration Vocals},Done Again,Don't You (Forget About Me) - Single [In the Style of Simple Minds] {Performance Track with Demonstration Vocals},3772921,,,,,no_match
spotify:track:1IdZvb2XK8NmsovQlV6CPn,Be Yourself,Frank Ocean,Blonde,3772471,8fd48f3d-03b3-4767-abdf-95a8c4e082e6,2016,e520459c-dff4-491d-a6e4-c97be35e0044,Frank Ocean,
spotify:track:3g158Ik8k4KUphKC1asZ3T,Two-Headed Boy,Neutral Milk Hotel,In the Aeroplane Over the Sea,3771677,a7dcfc7f-76e9-4da1-80ea-2fc1f00d4ef7,,a506f761-2c22-4b2f-8a94-bd748c2c8f75,Neutral Milk Hotel,
spotify:track:51Pd2PmGzdc56kPgPv8v1R,Celebi,Ben Beal,Celebi,3769066,,,,,no_match
spotify:track:3P14k2Kjpv2LxjsYozug91,Heart of Sethraliss,Glenn Stafford,World of Warcraft - Battle for Azeroth Soundtrack OST,3764768,9ef14d47-919b-4c72-8406-3ae3293c0a2b,2018,2465d7da-7da3-42ea-8440-e701775d856b,Glenn Stafford,
spotify:track:2fY6tqgrlrg1ky9fgs0t5u,Wanted Dead Or Alive,Bon Jovi,Slippery When Wet,3763282,73dc59fb-cb53-4c08-9c48-e76e20dc1245,,5dcdb5eb-cb72-4e6e-9e63-b7bace604965,Bon Jovi,
spotify:track:3Pzh926pXggbMe2ZpXyMV7,Ain't No Rest for the Wicked,Cage The Elephant,Cage The Elephant (Expanded Edition),3757635,889d47fd-6e8b-4234-908c-0494182d2373,2012,b41b38d4-ef3e-4f37-8c75-cfe9af999696,Cage the Elephant,
spotify:track:2D0dj3hVkRQJCp63cxCPEx,Stunnin' (feat. Harm Franklin),Curtis Waters,Stunnin' (feat. Harm Franklin),3756506,,,,,no_match
spotify:track:6PnF41Zku0x9PZnIlU9Dxk,Lament of the Highborne,Russell Brower,World of Warcraft: The Burning Crusade Original Soundtrack,3751381,18094f2d-3c27-4a1f-9a01-c5f4c2fe7584,2010,3c84e93f-94e2-41b7-803d-ecccc61dd2de,Russell Brower,
spotify:track:7jvCeWOSnJs2N3spqobWnO,Skate,Bruno Mars,An Evening With Silk Sonic,3748556,,,,,no_match
spotify:track:2JmFRXaJrkAUD2cs6U20KG,Jet Fuel,Mac Miller,Swimming,3747541,64334460-750f-4b5e-b022-63d0cf8cfd83,2018,a0e8a1b1-5f8f-475a-a253-17415c17d0ff,Mac Miller,
spotify:track:2yfxzM6ih796hkHLr3jisY,As the Hummingbird Hovers,Psychedelic Porn Crumpets,"Carpe Diem, Moonman",3742103,b3416e89-0d3e-4ae7-9999-f8ca0a7ae511,2025,11d94660-1963-4020-8762-4c5907e2ea48,Psychedelic Porn Crumpets,
spotify:track:65HA9FsYyA2xro9RzNlNmy,Kickstart My Heart,Mötley Crüe,Dr. Feelgood,3740845,bc9f4941-2d65-4a3d-a18a-bb73b37decf9,,26f07661-e115-471d-a930-206f5c89d17c,Mötley Crüe,
spotify:track:2k4X3RZJm1vi2hdGrJ7UXA,Art Hoe,Call Me Karizma,Art Hoe,3739878,564607b0-21ba-4f4a-8249-60f39515bd52,2017,736648a9-846c-4530-aec6-b50479c3252c,Call Me Karizma,
spotify:track:1dARoUpgYHvx33Qp8dawsZ,Wait for Me,André De Shields,Hadestown (Original Broadway Cast Recording),3737996,98a2479b-afa1-4733-9225-cc2ac5f17f41,2019,94514e40-ada1-41c7-b333-b08ddbc274bb,André De Shields,
spotify:track:5tz7hAodeG9gl72px04SeO,Azure Glades,Glenn Stafford,World of Warcraft: Dragonflight,3737760,38757df6-1f4a-4a46-b43a-dd3f98bb3ffc,2022,2465d7da-7da3-42ea-8440-e701775d856b,Glenn Stafford,
spotify:track:16iLIixDhjrx9gYaAJyM5u,Hate Your Guts,Freddie Dredd,Dredd,3737617,9ef04032-1658-4aac-90ab-1164075088ab,2017,a40ea317-e531-428a-909b-da1e68700573,Freddie Dredd,
spotify:track:3mwvKOyMmG77zZRunnxp9E,Buddy Holly,Weezer,Weezer,3735022,dfc5d422-65b2-48b4-aab1-87a21a9243d9,,6fe07aa5-fec0-4eca-a456-f29bff451b04,Weezer,
spotify:track:3LRJbFT9rKoKv4aW7PuBJC,Longview,Green Day,Dookie,3732082,37900f50-e99b-44bc-ad09-f962d9cbb8b9,1994,084308bd-1654-436f-ba03-df6697104e19,Green Day,
spotify:track:2HPvr5vD9rjbc0tejSmkkp,Breakthru - Remastered 2011,Queen,The Miracle,3725792,3eedb8b7-6e9d-4806-a4bc-e2b28e934213,2003,0383dadf-2a4e-4d10-a46a-e9e041da8eb3,Queen,
spotify:track:2axptSWKX9ra7WhSrtx5qz,The Wisdom of Yu'Lon,Jeremy Soule,World of Warcraft: Mists of Pandaria Soundtrack,3725399,f5677def-d122-4951-bb16-592d01d1c75d,2012,f413369d-d72f-46b9-8744-2d09344a9c6a,Jeremy Soule,
spotify:track:6wgd4M4GP6NQr5RRiIO0FR,May These Noises Startle You In Your Sleep Tonight,Pierce The Veil,Collide With The Sky,3724602,a8364020-d211-4f2a-8e92-8f3ef16e8e64,,8ed919fb-eaee-45a1-ba99-b3ede9ca5f1d,Pierce the Veil,
spotify:track:1SCH1oKSfKtOJuYG9UzzWu,OH!,KEZURA,OH!,3719913,,,,,no_match
spotify:track:4mKTlb1FmXonYk0HkyaUUm,The Path Of The Huojin,Russell Brower,World of Warcraft: Mists of Pandaria Soundtrack,3718690,f4812691-614d-4fd1-8fb9-dc8b0ee99a54,2012,3c84e93f-94e2-41b7-803d-ecccc61dd2de,Russell Brower,
spotify:track:7pNjsnSTgme34y3uc2qLHI,Headlong - Remastered 2011,Queen,Innuendo,3718439,3828a33c-f06e-404f-a8a7-46f04fa03162,1998,0383dadf-2a4e-4d10-a46a-e9e041da8eb3,Queen,
spotify:track:1NidlOqOiP0atLVrd0IsG6,Pollos Hermanos Veneno,Chuy Flores,"Pollos Hermanos Veneno (From ""Breaking Bad"")",3716248,dcf69bc5-cb17-4490-a516-1e33ae8961d1,2019,bed6a630-b760-4b0b-9a1c-bf9ced0d28fa,Chuy Flores,
spotify:track:1U7l4nuzBUUJuKenQG1tG6,Baby (feat. Coasting),Roderick Porter,Baby (feat. Coasting),3711784,,,,,no_match
spotify:track:2kpoReN3MY7I0tSF902n0z,Blast Off,Bruno Mars,An Evening With Silk Sonic,3705344,,,,,no_match
spotify:track:2JUQ7mV1AHk2owXLydmN4Z,Love's Train,Bruno Mars,An Evening With Silk Sonic,3704746,,,,,no_match
spotify:track:6uU0Hu8oVk9gBihokcrDMH,One of These Days,Pink Floyd,Meddle,3701791,926a5469-dfeb-4406-b4fc-3635c63260b8,,83d91898-7763-47d7-b03b-b92132375c47,Pink Floyd,
spotify:track:574y1r7o2tRA009FW0LE7v,Speak to Me,Pink Floyd,The Dark Side of the Moon,3699942,bbf15e5f-66fb-4fc9-a828-e142356d2168,1993,83d91898-7763-47d7-b03b-b92132375c47,Pink Floyd,
spotify:track:1Dr1fXbc2IxaK1Mu8P8Khz,When I Come Around,Green Day,Dookie,3696042,5e5d788a-e92a-4833-a50e-a88917f534ca,1999,084308bd-1654-436f-ba03-df6697104e19,Green Day,
spotify:track:6IDGEOKfoJzT1LeyrB4WSz,Lightmare,Creo,Lightmare,3686381,8b3d6dea-4506-4a7c-9ac7-eddff8baa543,,754e2a05-7f44-4898-bcfd-64a837a6b05f,Creo,
spotify:track:7BMSBNctr9IPelr6MFvuRL,Psychoboost,Jane Remover,Revengeseekerz,3684432,0ba469ff-a111-4cfa-9db0-fb23667d9c42,2025,f4b6e451-5dce-4842-a555-f793892299b3,Jane Remover,
spotify:track:3giWzRLESGcmKB8JDKBn1g,The Tomb of Sargeras,Sam Cardon,World of Warcraft: Legion (Original Game Soundtrack),3681407,c96cc13f-5964-48b4-aff3-af8f3f324cdb,2016,dcda3f67-9097-41da-b7a7-612ade6385c0,Sam Cardon,
spotify:track:6utl2puTMct2t0ntNnZc68,"Honey, There's No Time",Feng Suave,Feng Suave,3680866,239c1c99-6a64-48ea-930f-cab108154af5,2017,86a6268f-a7da-4322-a273-1edce2ea5a12,Feng Suave,
spotify:track:3Yp61j6axuQe4nxYWvbOXy,Frost,TOMORROW X TOGETHER,The Chaos Chapter: FREEZE,3679252,1a9fb39b-96f0-47ee-8366-92dfd9d2d2a3,2021,9d027d72-790e-40ec-bbb7-61aa613457de,TOMORROW X TOGETHER,
spotify:track:1cSMOuiGQsQ4Q0VdEJorKs,Carnivores,Creo,Virtualism,3671769,9faeee10-b8ce-4577-8650-da06187c8100,2016,754e2a05-7f44-4898-bcfd-64a837a6b05f,Creo,
spotify:track:3PG7BAJG9WkmNOJOlc4uAo,Femme Fatale,The Velvet Underground,The Velvet Underground & Nico 45th Anniversary,3671041,75bcf68c-0289-4fc0-bb30-78fc3826d138,1972,94b0fb9d-a066-4823-b2ec-af1d324bcfcf,The Velvet Underground,
spotify:track:3RFmuctqiximN8zM8GKCqR,Uncharted Islands,Glenn Stafford,World of Warcraft - Battle for Azeroth Soundtrack OST,3667738,ad75ea28-d0be-448c-97d7-46d938c70972,2018,2465d7da-7da3-42ea-8440-e701775d856b,Glenn Stafford,
spotify:track:39NdNPL2Hf5Ifh650DPufI,Cold Get Colder,Sugs,Pepper,3664411,8de0a511-57c8-4d92-9e26-2183ce284448,2022,8623a957-7d28-499e-9485-aa9374159887,Sugs,
spotify:track:58Q3FZFs1YXPpliWQB5kXB,Right Now,NewJeans,Supernatural,3663761,4d2bd2c0-8803-4002-8dc1-67958fb1f5a1,2024,49204a7a-ed85-407a-828f-6fd46f1d8126,NewJeans,
spotify:track:3j3gz0VrefYhOxezG9IOE9,White Noise Smiles,Ilkley Rvr,White Noise Smiles,3662554,,,,,no_match
spotify:track:1XTGyfJeMiZXrZ1W3NolcB,Know Your Enemy,Rage Against The Machine,Rage Against The Machine - XX (20th Anniversary Special Edition),3659321,dfe95c13-91e6-486f-aee0-f1abdc915900,,3798b104-01cb-484c-a3b0-56adc6399b80,Rage Against the Machine,
spotify:track:2QVYTN3Z0IGLVF7YEQN5EJ,Kush & Corinthians (feat. BJ The Chicago Kid),Kendrick Lamar,Section.80,3657205,,,,,no_match
spotify:track:54qyHz2LOKcEWqQJjlEF2N,Khadgar,Russell Brower,World of Warcraft: Warlords of Draenor Original Game Soundtrack,3655419,8edbeb08-acea-4070-9ecb-c6e6368cad8e,2014,3c84e93f-94e2-41b7-803d-ecccc61dd2de,Russell Brower,
spotify:track:3JSIFG9h6XfXwzZ3AB1fcD,Just Hangin' Out,Louie Zong,Cozy,3654463,f233f31f-f8e0-4e7e-bfd4-099019542eb9,2018,0e2c603f-fd71-4ab6-af96-92c3e936586d,Louie Zong,
spotify:track:2jk6oBuLiCZJTDWhlJEzIw,Airplane,j-hope,Hope World,3653841,67a20a3c-30ef-4126-b0aa-ef4238964ad9,2018,b3977da4-f899-4328-921b-ecc599a5618a,j‐hope,
spotify:track:3HIagBr0LvR3Ph7MCM4JnM,Straight Face,Younger Hunger,Straight Face,3652040,62d39312-3243-4b24-b5cf-abb2631ed916,2020,72431fc4-1f37-4f61-a4b0-03ccaf3f7418,Younger Hunger,
spotify:track:1QPreu0BNOrUfEb8HTd2qG,Rich Spirit,Kendrick Lamar,Mr. Morale & The Big Steppers,3641740,08b9e11f-7551-4228-a9da-7ad08458d67f,,381086ea-f511-4aba-bdf9-71c753dc5077,Kendrick Lamar,
spotify:track:2FGsiA2vF2sMP9vWKzUKrb,Thaurissan's Reach,Russell Brower,World of Warcraft: Cataclysm Original Soundtrack,3641628,54bb852e-55be-460b-b141-ab94e2c672f9,2010,3c84e93f-94e2-41b7-803d-ecccc61dd2de,Russell Brower,
spotify:track:6TyUrD8PmqxYyPlYXNGLXq,Battle Ground,Stray Kids,THE SOUND,3641198,22f6674b-9909-4e95-9ba5-68bff897d346,2023,142b343d-bf5a-428c-a64f-6d1a7566bbe9,Stray Kids,
spotify:track:30QR0ndUdiiMQMA9g1PGCm,"...And to Those I Love, Thanks for Sticking Around",$uicideboy$,Stop Staring At the Shadows,3636125,4bdc99d6-5202-413b-bf36-c2dcd443b575,2020,ef326b3d-61f0-4379-aca0-21237d696d63,$uicideboy$,
spotify:track:3iW3y326xuRpNVXzOMBZy5,Not Just Money,Frank Ocean,channel ORANGE,3636073,895716e1-337f-42fd-be3b-c4fbbdd3a973,2012,e520459c-dff4-491d-a6e4-c97be35e0044,Frank Ocean,
spotify:track:1vmanLxFqqfhUs0oBGydmo,Doubt Comes In,Reeve Carney,Hadestown (Original Broadway Cast Recording),3635687,,,,,wrong_artist
spotify:track:5kA2MEqVHuTblCdRlD8qSO,Dominion of the Stonemother,Russell Brower,World of Warcraft: Cataclysm Original Soundtrack,3631929,3cb76b5b-4a4c-42f8-98db-ac386412b330,2010,3c84e93f-94e2-41b7-803d-ecccc61dd2de,Russell Brower,
spotify:track:7z4xW9WY86uH3gd1V9pfCM,JUGGERNAUT (feat. Lil Uzi Vert & Pharrell Williams),"Tyler, The Creator",CALL ME IF YOU GET LOST,3630907,,,,,no_match
spotify:track:5JECXI57idQq8HRu9qCvAU,Starlight White Noise,Scientists of Noise,Starlight White Noise,3621006,,,,,no_match
spotify:track:3rU5t9hhc6oNrbRHxl1HSR,Baggage,Rare Americans,Jamesy Boy & The Screw Loose Zoo,3620863,3a7f166d-c566-4fac-8698-3d92991346a2,2022,78fcc713-214b-4f04-a84e-af800e2d34ba,Rare Americans,
spotify:track:66UmW7cKEGjUSgLSAqMjUT,Knee-Deep in the Dead [At Doom's Gate E1M1] (DooM),Daniel Tidwell,Versus Video Games 3,3620701,,,,,no_match
spotify:track:6JQtcDu6wsgYdX70F1VS9L,Dark Titan,Russell Brower,World of Warcraft: Legion (Original Game Soundtrack),3612621,045ceb92-3947-43c5-9957-d41441325e0d,2016,3c84e93f-94e2-41b7-803d-ecccc61dd2de,Russell Brower,
spotify:track:6qo8v2y2MHUSPLs7VBc6cG,Dancing Through Life,Jonathan Bailey,Wicked: The Soundtrack,3610404,85e524f3-ab56-4ee1-b856-7af37feba221,,47bdba22-8562-41f2-b307-b9c79db3b6dc,Jonathan Bailey,
spotify:track:4uHf3eVNVltdxOpZQdxfsB,Tanaris,Tracy Bush,World of Warcraft Original Soundtrack,3607816,,,,,no_match
spotify:track:7lmeHLHBe4nmXzuXc0HDjk,Testify,Rage Against The Machine,The Battle Of Los Angeles,3603039,7e3c81b3-61f1-4d64-88db-425d39f8b235,,3798b104-01cb-484c-a3b0-56adc6399b80,Rage Against the Machine,
spotify:track:6wZaKZs7XsMzAOu9yp8dUN,Crystal,Stevie Nicks,Practical Magic (Music From The Motion Picture),3595800,b8e86db3-11ea-46e9-b576-7fb988fa9ab7,1998,b7f2cca2-72c6-41fb-ae33-53370fc62fe7,Stevie Nicks,
spotify:track:1WsEgieHsWWndAzLkmV105,hostage,Billie Eilish,dont smile at me,3592331,5388ce74-a4b1-4d19-b6cc-75b1c706748b,2017,f4abc0b5-3f7a-4eff-8f78-ac078dbce533,Billie Eilish,
spotify:track:13vHWMjRhuLipri6Sqqs4P,The Golden Lotus,Neal Acree,World of Warcraft: Mists of Pandaria Soundtrack,3589371,1ab41616-64e1-4060-ab86-0a56213d8570,2012,6647af6b-8ea2-48bd-9d24-a8c478ed45ce,Neal Acree,
spotify:track:70Q7HhoShAqW6cTGm2fZRR,To Be Kyrian,Glenn Stafford,World of Warcraft: Shadowlands Original Soundtrack,3589230,4b253b24-9e32-428a-8960-c4a2187dad55,2020,2465d7da-7da3-42ea-8440-e701775d856b,Glenn Stafford,
spotify:track:5NIPsWpDjJTFBoPxCUUeXp,Welcome To The Jungle,Guns N' Roses,Appetite For Destruction,3587692,ae97a45d-bf1e-4b31-8fb0-4596650a5388,,eeb1195b-f213-4ce1-b28c-8565211f8e43,Guns N’ Roses,
spotify:track:3VWzxEpsSxCrpSGzVmg1w6,What Makes Us Strong,Neal Acree,World of Warcraft - Battle for Azeroth Soundtrack OST,3585533,d46d8761-6afd-4d23-a621-c0b57d0297a5,2018,6647af6b-8ea2-48bd-9d24-a8c478ed45ce,Neal Acree,
spotify:track:0h7QMc9ZRzA9QJrbEHytn2,The Astronaut,JIN,The Astronaut,3580172,60bcc3e6-46dd-4b82-986e-0ebcc752ddd7,2022,09720eec-3871-49d5-932d-eb7542768cd3,Jin,
spotify:track:2IZiwBnwtrc0Fd8VIwAPeG,Livin' it Up on Top,Amber Gray,Hadestown (Original Broadway Cast Recording),3577869,1a656a15-c8aa-4580-966d-4151d9411cb0,2017,1139ec25-ea32-4eb4-880c-73bb5a5ab04e,Amber Gray,
spotify:track:3THFKx88trZuOFlssVLJ5G,Broken,Gorillaz,Plastic Beach,3572525,d51921a2-3867-4890-bd60-813c21f9f2f5,2010,e21857d5-3256-4547-afb3-4b6ded592596,Gorillaz,
spotify:track:632rqMTyssozVRuB0SsCjq,Theme for Duet,Tim Shiel,Duet (Original Game Soundtrack),3571445,,,,,no_match
spotify:track:6Jr2GutTFyfvAzGA36R2Uj,Rain,BTS,Dark & Wild,3562217,af7a3687-a3c7-43c2-ad7b-4e600845a785,2014,0d79fe8e-ba27-4859-bb8c-2f255f346853,BTS,
spotify:track:7zQirOExB0VR8yWUOqYeio,DOLLA SIGN SLIME (feat. Megan Thee Stallion),Lil Nas X,MONTERO,3561381,,,,,no_match
spotify:track:2JUqYobT8NvARdPmc4ES2x,Good Guy,Frank Ocean,Blonde,3558971,c4625cbf-f5a8-46d9-baa5-ba8c3b9127bc,2016,e520459c-dff4-491d-a6e4-c97be35e0044,Frank Ocean,
spotify:track:3uCkIqD0VzQUijbs8WIizs,These Days,Nico,Chelsea Girl,3558829,81f4ce5e-ac9e-4c3c-8632-64c11b460676,1983,37c61bf2-5fb1-47ae-9605-80025d956958,Nico,
spotify:track:5f3d9K9sqnecKg5aoqWzqB,Low Rent / Blue Skies,Okey Dokey,"Love You, Mean It",3556060,,,,,no_match
spotify:track:5TRCIkDGNty4FY284bdjRo,END CREDITS! - OFFLINE,JPEGMAFIA,OFFLINE!,3553422,,,,,no_match
spotify:track:1TwThcYwltFBZgvd9zE5kC,Depths of Vashj'ir,Derek Duke,World of Warcraft: Cataclysm Original Soundtrack,3542400,59d885f9-a7a3-40fd-907c-cc501dd511a7,2010,ef8d7a94-64a3-4362-b81f-b5999fb246de,Derek Duke,
spotify:track:2nKZMOEvOyTViP09HxBfXx,Boogie Woogie Wu,Insane Clown Posse,The Great Milenko,3534991,32f8f934-181b-454a-b35c-cbc728acf0e4,2010,7a1eb805-2242-4daa-bd90-c1ed350e2e48,Insane Clown Posse,
spotify:track:6vjPTknawcVxQDozuTx75h,Shady Sanctuary,Jake Lefkowitz,World of Warcraft: Dragonflight,3534450,743424b8-5e31-419c-a499-ebdf4611b7c3,2022,96afb04e-f03c-44c1-9a00-9eb31dd031da,Jake Lefkowitz,
spotify:track:4fvI0jKdS7WgbGgAMmCuHT,Analog Rest,Granular,Analog Noise,3532610,dc550684-7065-4dd1-84b5-8386403c97f7,2021,22c34351-7946-47a4-a75c-f80d7e1951c2,Granular,
spotify:track:3ALMzorIZUEfjLhMOiHCmR,Gardens of Unity,Jake Lefkowitz,World of Warcraft: Dragonflight,3530900,b9af63d7-89fd-4381-916d-98b3680e8754,2022,96afb04e-f03c-44c1-9a00-9eb31dd031da,Jake Lefkowitz,
spotify:track:7hzSSb5g0D1OGd6PRVnq2F,One Million,Rocket,One Million,3522846,b14332f6-8556-4842-ae46-8c7c112797bb,2025,9563966d-ca18-44f7-9d72-87a1fe27ae9d,Rocket,
spotify:track:5jgFfDIR6FR0gvlA56Nakr,Blackbird - Remastered 2009,The Beatles,The Beatles,3514492,5003e273-8b17-4e6f-bb62-85969340cee2,1997,b10bbbfc-cf9e-42e0-be17-e2c3e1d2600d,The Beatles,
spotify:track:5qSkVcBE48yj2TARFrVvgS,Artifacts,Sam Cardon,World of Warcraft: Legion (Original Game Soundtrack),3512408,,,,,wrong_artist
spotify:track:37ZJ0p5Jm13JPevGcx4SkF,Livin' On A Prayer,Bon Jovi,Slippery When Wet,3508847,12f0e8fe-9dda-4a42-87d0-ad05b04ba167,,5dcdb5eb-cb72-4e6e-9e63-b7bace604965,Bon Jovi,
spotify:track:3MYiE5HzpqNRDYCLogdxqf,Life is a Nightmare,Grand Commander,Life is a Nightmare,3504810,96f82711-313c-4e47-9f26-f588cdfbd022,2021,f7c547ed-29c8-42cf-9084-e902b5f720f7,Grand Commander,
spotify:track:01nZ6Dd6lEw9Q2Z8FTnqIf,Hidden White Noise,White Noise Android,Hidden White Noise,3504004,,,,,no_match
spotify:track:3xVZYkcuWalGudeKl861wb,Smokin Out The Window,Bruno Mars,An Evening With Silk Sonic,3502996,,,,,no_match
spotify:track:2Qh0vgdqdOr0g5C1ysGMzg,White Noise in der Grotte,Xiskko,White Noise,3500017,,,,,no_match
spotify:track:6Zicf0jsdVRnhhws580fUn,Nippy,student 1,Nippy,3499929,83c77549-71bf-44e2-8213-b1502fc2d015,2020,4b879e3d-7d1a-4bc2-a08e-3f92df54dc97,student 1,
spotify:track:02SskcrBRNJDDPY8CmpShY,double tap demon,Sugs,cloud pakk,3495465,,,,,no_match
spotify:track:7cXgeethsda8KnjsfT8kGE,Out of Ordinary,Oliver Tree,"Ugly is Beautiful: Shorter, Thicker & Uglier",3495174,4fcb2de0-cedf-4452-9a61-f6503d821f56,2021,1fa3bded-908f-47be-9784-3c9ef850682b,Oliver Tree,
spotify:track:0x9feQIJBVpKpnOcbPFZ2L,MiRRORGiRL,Black Dresses,Peaceful as Hell,3494642,400893c0-fdb3-4b8a-a837-9a0f7ebf9f84,2020,c5b2a3ca-4a5e-4ce2-a45a-ef69d909a498,Black Dresses,
spotify:track:4XHKxsDPAFyXpiFErtyqD9,Crow,NOEL,Push,3494293,b177f43a-9dd5-4399-9a04-3b5b83fa4f98,2020,d0ef51d1-15a4-40ce-862d-58914e2646b4,Noel,
spotify:track:4zMxWSP2qZUy5CBCH5PdzZ,Crown,Kendrick Lamar,Mr. Morale & The Big Steppers,3491471,0a422967-ed9a-4540-94f8-4a377911c342,,381086ea-f511-4aba-bdf9-71c753dc5077,Kendrick Lamar,
spotify:track:0J6mQxEZnlRt9ymzFntA6z,Livin' On A Prayer,Bon Jovi,Slippery When Wet,3490103,12f0e8fe-9dda-4a42-87d0-ad05b04ba167,,5dcdb5eb-cb72-4e6e-9e63-b7bace604965,Bon Jovi,
spotify:track:06isZAG9Bgm4jhPj7V0Rhx,The World Has Turned And Left Me Here,Weezer,Weezer,3486963,efc28418-9fba-4e9b-ad9d-2d6dfc79a994,1992,6fe07aa5-fec0-4eca-a456-f29bff451b04,Weezer,
spotify:track:3XJG4lwZqv0aklB8EVL2wj,Lifeblood,Clint Bajakian,World of Warcraft: Warlords of Draenor Original Game Soundtrack,3476929,1ae2d5c9-f1ed-4e8a-8514-c27ced2db890,2014,e79dc7f7-7a9c-4058-b9cc-372fb8b3da1c,Clint Bajakian,
spotify:track:7MVMk8f6mzxNVHpVFWjSES,Wastelands,Matt Uelmen,World of Warcraft: The Burning Crusade Original Soundtrack,3473669,8deadfb8-6b24-452e-99cf-ed047af554a9,2007,79dc561a-5e4f-459d-804a-13b7fc0e303b,Matt Uelmen,
spotify:track:6PJSJe7J4W40htlJwdVIWM,IDWBS,Friday Pilots Club,"I LOVE YOU, ROBOT SUPERSTAR!",3464227,2c0e9c21-7f6d-4c96-8a27-bf1d72cb4e37,,27afdb7c-c932-4698-9d2a-96d7199acbed,Friday Pilots Club,
spotify:track:5f7UJCMrA1VRLvbPrq1h0G,Put On A Smile,Bruno Mars,An Evening With Silk Sonic,3460102,,,,,no_match
spotify:track:6nG23R8RvaI4fe4SQDo10r,666,Black Dresses,Peaceful as Hell,3456913,68f0ef2a-103e-4306-88ba-62cd74a8eb6f,2020,c5b2a3ca-4a5e-4ce2-a45a-ef69d909a498,Black Dresses,
spotify:track:55Obwpwcw9uoR4XA9eqn6i,Grudge Match,Sugs,Grudge Match,3449334,,,,,no_match
spotify:track:7LmdSWfK8xJJLEgl88Yfuy,Hellfire,Matt Uelmen,World of Warcraft: The Burning Crusade Original Soundtrack,3448912,9e9e3dd6-bf59-49af-918d-42655234d722,2007,79dc561a-5e4f-459d-804a-13b7fc0e303b,Matt Uelmen,
spotify:track:1ByE7lUw6wWMTbCb3woHdK,Know,System Of A Down,System Of A Down,3443000,,,,,<urlopen error [SSL: CERTIFICATE_VERIFY_FAILED] certificate verify failed: unabl
spotify:track:4SM0NAUmbllfuu7YeajE4h,Swim Naked,Betcha,Falling,3441968,,,,,<urlopen error [SSL: CERTIFICATE_VERIFY_FAILED] certificate verify failed: unabl
spotify:track:17hBfRyeor6B2lmRAjRN6g,Jupiter Rainstorm,Liana Flores,The Water's Fine!,3432065,,,,,<urlopen error [SSL: CERTIFICATE_VERIFY_FAILED] certificate verify failed: unabl
spotify:track:1VZLEW5ZfcAbKZ94XQiSZF,Close To You,Frank Ocean,Blonde,3431669,,,,,<urlopen error [SSL: CERTIFICATE_VERIFY_FAILED] certificate verify failed: unabl
spotify:track:3KHqFGUmABy2LLdjzsX59S,Might of the Storm,Glenn Stafford,World of Warcraft: Dragonflight,3431423,,,,,<urlopen error [SSL: CERTIFICATE_VERIFY_FAILED] certificate verify failed: unabl
spotify:track:72cGBEqu7RitIOoACXYjfR,The Blonde,TV Girl,French Exit,3431232,,,,,<urlopen error [SSL: CERTIFICATE_VERIFY_FAILED] certificate verify failed: unabl
spotify:track:262RJtiqytpugV1UvDicN9,Hang 'Em High,My Chemical Romance,Three Cheers for Sweet Revenge,3430586,,,,,<urlopen error [SSL: CERTIFICATE_VERIFY_FAILED] certificate verify failed: unabl
spotify:track:5la0VZC4Yzp64MiM30dH4y,The Undercity,Derek Duke,World of Warcraft Original Soundtrack,3425221,,,,,<urlopen error [SSL: CERTIFICATE_VERIFY_FAILED] certificate verify failed: unabl
spotify:track:2pGKZmU9WtJAPdfU0rJhjm,Vision of the Prophet,Edo Guidotti,World of Warcraft: Warlords of Draenor Original Game Soundtrack,3419846,,,,,<urlopen error [SSL: CERTIFICATE_VERIFY_FAILED] certificate verify failed: unabl
spotify:track:3bu9B9WPsuuAbKcQCw6P2o,Fallen,potsu,Fallen,3418970,,,,,<urlopen error [SSL: CERTIFICATE_VERIFY_FAILED] certificate verify failed: unabl
spotify:track:4GBZUZe04pHVN0TLhejCSS,Coward,Hans Zimmer,Interstellar (Original Motion Picture Soundtrack),3418203,,,,,<urlopen error [SSL: CERTIFICATE_VERIFY_FAILED] certificate verify failed: unabl
spotify:track:0baNzeUcPQnQSagpe8T0mD,worldstar money (interlude),Joji,In Tongues (Deluxe),3415727,,,,,<urlopen error [SSL: CERTIFICATE_VERIFY_FAILED] certificate verify failed: unabl
spotify:track:2tudvzsrR56uom6smgOcSf,Like That,Future,WE DON'T TRUST YOU,3413787,,,,,<urlopen error [SSL: CERTIFICATE_VERIFY_FAILED] certificate verify failed: unabl
spotify:track:6AAZigYqOch79lKcrSBOv0,Killpop,Slipknot,.5: The Gray Chapter,3410076,,,,,<urlopen error [SSL: CERTIFICATE_VERIFY_FAILED] certificate verify failed: unabl
spotify:track:25ypHCQpDX2nrDFly7eZLZ,Bonfire,Childish Gambino,Camp,3406598,,,,,<urlopen error [SSL: CERTIFICATE_VERIFY_FAILED] certificate verify failed: unabl
spotify:track:7aQjPecQdIuNd1sz3KCDhD,Lovefool,The Cardigans,First Band On The Moon,3405075,,,,,<urlopen error [SSL: CERTIFICATE_VERIFY_FAILED] certificate verify failed: unabl
spotify:track:4OxpwmdDfxSv2pVrCI4Rt8,Chant (Reprise),Hadestown Original Broadway Company,Hadestown (Original Broadway Cast Recording),3404842,,,,,<urlopen error [SSL: CERTIFICATE_VERIFY_FAILED] certificate verify failed: unabl
spotify:track:1iDcKYNvo6gglrOG6lvnHL,Sympathy For The Devil,The Rolling Stones,Beggars Banquet,3399715,,,,,<urlopen error [SSL: CERTIFICATE_VERIFY_FAILED] certificate verify failed: unabl
spotify:track:0OM9ri37LIbPc9hffwsyb1,Hard To Explain,The Strokes,Is This It,3394925,,,,,<urlopen error [SSL: CERTIFICATE_VERIFY_FAILED] certificate verify failed: unabl
spotify:track:1NiAMp0CzUdG6e97VYRB1a,In the Aeroplane Over the Sea,Neutral Milk Hotel,In the Aeroplane Over the Sea,3393717,,,,,<urlopen error [SSL: CERTIFICATE_VERIFY_FAILED] certificate verify failed: unabl
spotify:track:23WI5V2eD4EyGKxSl7Pyeq,Andas En Mi Cabeza,Chino & Nacho,Andas En Mi Cabeza,3386439,,,,,<urlopen error [SSL: CERTIFICATE_VERIFY_FAILED] certificate verify failed: unabl
spotify:track:2vncrTYWeS3GIs20RwbitD,the lich,saoirse dream,saoirse dream,3386007,,,,,<urlopen error [SSL: CERTIFICATE_VERIFY_FAILED] certificate verify failed: unabl
spotify:track:0HZq47ubBTbuUUPGSueUOh,Any Way the Wind Blows,Eva Noblezada,Hadestown (Original Broadway Cast Recording),3383560,,,,,<urlopen error [SSL: CERTIFICATE_VERIFY_FAILED] certificate verify failed: unabl
spotify:track:558oD8tdaK2KmUBm7CgINa,DIKEMBE!,JPEGMAFIA,OFFLINE!,3382897,,,,,<urlopen error [SSL: CERTIFICATE_VERIFY_FAILED] certificate verify failed: unabl
spotify:track:6vcdiwrCVXnTLASFdjEV8r,How Are You True,Cage The Elephant,Tell Me I'm Pretty,3382223,,,,,<urlopen error [SSL: CERTIFICATE_VERIFY_FAILED] certificate verify failed: unabl
spotify:track:0h15VlXIzD1MwKwNi12ois,The Invisible Man - Remastered 2011,Queen,The Miracle,3369050,,,,,<urlopen error [SSL: CERTIFICATE_VERIFY_FAILED] certificate verify failed: unabl
spotify:track:54EOWcfnBfopVnQXCnHqoD,Endless Sea,Freddie Dredd,"Variety Pack EP, Vol. 1",3366998,,,,,<urlopen error [SSL: CERTIFICATE_VERIFY_FAILED] certificate verify failed: unabl
spotify:track:1SGvjfc85yzqKXsfKcCxn2,heart pt. 6,Kendrick Lamar,GNX,3365821,,,,,<urlopen error [SSL: CERTIFICATE_VERIFY_FAILED] certificate verify failed: unabl
spotify:track:08XshFxOo9rcQagObgcoK6,Blockbuster feat. YEONJUN of TOMORROW X TOGETHER,ENHYPEN,DIMENSION : DILEMMA,3364394,,,,,<urlopen error [SSL: CERTIFICATE_VERIFY_FAILED] certificate verify failed: unabl
spotify:track:2NJDGk8pc3f7f3FisD7YKu,Copycats,Danny Brown,Stardust,3362903,,,,,<urlopen error [SSL: CERTIFICATE_VERIFY_FAILED] certificate verify failed: unabl
spotify:track:0dxPHMZTI8TWMYRucsAFNd,Attack,System Of A Down,Hypnotize,3359283,,,,,<urlopen error [SSL: CERTIFICATE_VERIFY_FAILED] certificate verify failed: unabl
spotify:track:73Wojy4LKvQMqm7itsEbpy,Cocoa,Liana Flores,The Water's Fine!,3358684,,,,,<urlopen error [SSL: CERTIFICATE_VERIFY_FAILED] certificate verify failed: unabl
spotify:track:7qZ3G0HpUS0yZ3njoTL7Xr,In My Head,NewDad,MADRA,3356220,,,,,<urlopen error [SSL: CERTIFICATE_VERIFY_FAILED] certificate verify failed: unabl
spotify:track:4JiEyzf0Md7KEFFGWDDdCr,Knockin' On Heaven's Door,Guns N' Roses,Use Your Illusion II,3351704,,,,,<urlopen error [SSL: CERTIFICATE_VERIFY_FAILED] certificate verify failed: unabl
spotify:track:2zAAXQbzIB5e2VpBiGI8SI,Into the Void,Celldweller,Satellites,3345911,,,,,<urlopen error [SSL: CERTIFICATE_VERIFY_FAILED] certificate verify failed: unabl
spotify:track:20pl0RVGT7P6L1Jr9p51nw,Trust Fund Baby,TOMORROW X TOGETHER,minisode 2: Thursday's Child,3344492,,,,,<urlopen error [SSL: CERTIFICATE_VERIFY_FAILED] certificate verify failed: unabl
spotify:track:1qGmxIGEuBEkj7bft72Kh0,Suite-Pee,System Of A Down,System Of A Down,3342305,,,,,<urlopen error [SSL: CERTIFICATE_VERIFY_FAILED] certificate verify failed: unabl
spotify:track:40udcJKNzQ8WonnPwMW9ky,Everybody's dead!,underscores,boneyard aka fearmonger,3336201,,,,,<urlopen error [SSL: CERTIFICATE_VERIFY_FAILED] certificate verify failed: unabl
spotify:track:2TvNCYh47FWjTNvv6hWRSL,Class Is in Session,DBangz,Winter Booty Icicles,3331476,,,,,<urlopen error [SSL: CERTIFICATE_VERIFY_FAILED] certificate verify failed: unabl
spotify:track:3YG8OpxeR9AZSAEkRR66xH,What You See,Danny Brown,Stardust,3330495,,,,,<urlopen error [SSL: CERTIFICATE_VERIFY_FAILED] certificate verify failed: unabl
spotify:track:6xGruZOHLs39ZbVccQTuPZ,Glimpse of Us,Joji,Glimpse of Us,3329597,,,,,<urlopen error [SSL: CERTIFICATE_VERIFY_FAILED] certificate verify failed: unabl
spotify:track:7q7vCKmFmGLhhPmFo3DNpw,Heck,underscores,boneyard aka fearmonger,3326208,,,,,<urlopen error [SSL: CERTIFICATE_VERIFY_FAILED] certificate verify failed: unabl
spotify:track:4TcHUU51XZLcBCxYn1WyMj,White Noise im Windtunnel,Dream Storms,Dreams in White Noise,3321016,,,,,<urlopen error [SSL: CERTIFICATE_VERIFY_FAILED] certificate verify failed: unabl
spotify:track:0tV8pOpiNsKqUys0ilUcXz,Rise Up,Andra Day,Cheers to the Fall,3318683,,,,,<urlopen error [SSL: CERTIFICATE_VERIFY_FAILED] certificate verify failed: unabl
spotify:track:5GkGZMxefumnPoezEUkeUi,My Friends Are Robots,Arrested Youth,Fear,3317848,,,,,<urlopen error [SSL: CERTIFICATE_VERIFY_FAILED] certificate verify failed: unabl
spotify:track:2IApCw6CLK9S59VeCfzs6Y,If it's True,Reeve Carney,Hadestown (Original Broadway Cast Recording),3315843,,,,,<urlopen error [SSL: CERTIFICATE_VERIFY_FAILED] certificate verify failed: unabl
spotify:track:5IrwQsIgPd8e02AirtY70l,Moss Park,Rare Americans,Rare Americans,3314898,,,,,<urlopen error [SSL: CERTIFICATE_VERIFY_FAILED] certificate verify failed: unabl
spotify:track:0j2T0R9dR9qdJYsB7ciXhf,Stronger,Kanye West,Graduation,3314275,,,,,<urlopen error [SSL: CERTIFICATE_VERIFY_FAILED] certificate verify failed: unabl
spotify:track:6AtcZ9vX0Wfvcnk3Cmyho8,initialize,saoirse dream,saoirse dream,3308335,,,,,<urlopen error [SSL: CERTIFICATE_VERIFY_FAILED] certificate verify failed: unabl
spotify:track:2cClnOEBnNJWxbLuTFVIgK,Poplife,umru,Poplife,3302582,,,,,<urlopen error [SSL: CERTIFICATE_VERIFY_FAILED] certificate verify failed: unabl
spotify:track:1DoBPOlB884EHiftB46QGx,All Dogs Go to Heaven,$uicideboy$,Stop Staring At the Shadows,3302183,,,,,<urlopen error [SSL: CERTIFICATE_VERIFY_FAILED] certificate verify failed: unabl
spotify:track:6Js9pKLTyVw7xZQ1MIjkVo,Shenanigans (feat. Yung Bans),Jasiah,Jasiah I Am,3301230,,,,,<urlopen error [SSL: CERTIFICATE_VERIFY_FAILED] certificate verify failed: unabl
spotify:track:0DBF9dFpekB4AMCYiR2SSY,All I've Ever Known,Eva Noblezada,Hadestown (Original Broadway Cast Recording),3295500,,,,,<urlopen error [SSL: CERTIFICATE_VERIFY_FAILED] certificate verify failed: unabl
spotify:track:4LEcTaAmB3wPbpH6zFkCWB,The King & The Queen,Neal Acree,World of Warcraft: Shadowlands Original Soundtrack,3293906,,,,,<urlopen error [SSL: CERTIFICATE_VERIFY_FAILED] certificate verify failed: unabl
spotify:track:2Cz0wgwqdZJgaSOA1Dg6aS,The Sky Under the Sea,Pierce The Veil,Selfish Machines,3288219,,,,,<urlopen error [SSL: CERTIFICATE_VERIFY_FAILED] certificate verify failed: unabl
spotify:track:198ccToP7ZpJUUUjOURLS1,Priceless White Noise,ZNoize,Priceless White Noise,3279521,,,,,<urlopen error [SSL: CERTIFICATE_VERIFY_FAILED] certificate verify failed: unabl
spotify:track:2kS6td1yvmpNgZTt1q5pQq,Hayloft,Mother Mother,O My Heart,3277909,,,,,<urlopen error [SSL: CERTIFICATE_VERIFY_FAILED] certificate verify failed: unabl
spotify:track:3DIMO4vDeW65ruNqoSffEM,Speed of Light - Remastered 2016,Stratovarius,Best Of,3270640,,,,,<urlopen error [SSL: CERTIFICATE_VERIFY_FAILED] certificate verify failed: unabl
spotify:track:1mFHMzbaECWFaPfoePoEYl,Late,Kanye West,Late Registration,3258538,,,,,<urlopen error [SSL: CERTIFICATE_VERIFY_FAILED] certificate verify failed: unabl
spotify:track:03HnD9pCxpqWZiv4idMKD2,Howling Fjord,Russell Brower,World of Warcraft: Wrath of the Lich King Original Soundtrack,3254248,,,,,<urlopen error [SSL: CERTIFICATE_VERIFY_FAILED] certificate verify failed: unabl
spotify:track:1HsSIPLTQT354yJcQGfEY3,Good Boy Gone Bad,TOMORROW X TOGETHER,minisode 2: Thursday's Child,3247710,,,,,<urlopen error [SSL: CERTIFICATE_VERIFY_FAILED] certificate verify failed: unabl
spotify:track:4QIo4oxwzzafcBWkKjDpXY,xanny,Billie Eilish,"WHEN WE ALL FALL ASLEEP, WHERE DO WE GO?",3247519,,,,,<urlopen error [SSL: CERTIFICATE_VERIFY_FAILED] certificate verify failed: unabl
spotify:track:1Hu2OypX8tMPwBcCUaAeO4,Wolfcat,Still Woozy,Wolfcat,3244616,,,,,<urlopen error [SSL: CERTIFICATE_VERIFY_FAILED] certificate verify failed: unabl
spotify:track:3ajU531gR5fW71wqsw4tFX,i wonder... (with Jung Kook of BTS),j-hope,HOPE ON THE STREET VOL.1,3239274,,,,,<urlopen error [SSL: CERTIFICATE_VERIFY_FAILED] certificate verify failed: unabl
spotify:track:1BLOVHYYlH4JUHQGcpt75R,Ode To The Mets,The Strokes,The New Abnormal,3230032,,,,,<urlopen error [SSL: CERTIFICATE_VERIFY_FAILED] certificate verify failed: unabl
spotify:track:13NCxLOlvQ4Tnexgfp03Gs,Do Me a Favour,Arctic Monkeys,Favourite Worst Nightmare,3228661,,,,,<urlopen error [SSL: CERTIFICATE_VERIFY_FAILED] certificate verify failed: unabl
spotify:track:07q0QVgO56EorrSGHC48y3,I Was Made For Lovin' You,KISS,Dynasty,3226007,,,,,<urlopen error [SSL: CERTIFICATE_VERIFY_FAILED] certificate verify failed: unabl
spotify:track:4s9diT9GXpI7QiysMkoANG,Easy,Stray Kids,GO LIVE,3212497,,,,,<urlopen error [SSL: CERTIFICATE_VERIFY_FAILED] certificate verify failed: unabl
spotify:track:6YUeadg4axbvuOOrrgPhzF,Venus in the Morning - Remastered 2016,Stratovarius,Destiny (Reissue 2016),3199418,,,,,<urlopen error [SSL: CERTIFICATE_VERIFY_FAILED] certificate verify failed: unabl
spotify:track:0elCmyfISzkP5tAYTVuYjS,August,flipturn,Citrona,3195668,,,,,<urlopen error [SSL: CERTIFICATE_VERIFY_FAILED] certificate verify failed: unabl
spotify:track:5FGMhsO9YBSakTgNX2rhFj,For the Cold Country,"Black Country, New Road",Forever Howlong,3195097,,,,,<urlopen error [SSL: CERTIFICATE_VERIFY_FAILED] certificate verify failed: unabl
spotify:track:1zoyteFQmeUUqyOl2Xznpy,Tamed-Dashed,ENHYPEN,DIMENSION : DILEMMA,3193862,,,,,<urlopen error [SSL: CERTIFICATE_VERIFY_FAILED] certificate verify failed: unabl
spotify:track:43zdsphuZLzwA9k4DJhU0I,when the party's over,Billie Eilish,"WHEN WE ALL FALL ASLEEP, WHERE DO WE GO?",3192297,,,,,<urlopen error [SSL: CERTIFICATE_VERIFY_FAILED] certificate verify failed: unabl
spotify:track:6Slvi85s1hIaeykjvDe1xk,Perhaps Vampires Is A Bit Strong But…,Arctic Monkeys,"Whatever People Say I Am, That's What I'm Not",3189258,,,,,<urlopen error [SSL: CERTIFICATE_VERIFY_FAILED] certificate verify failed: unabl
spotify:track:5PtejkcHWFVjj5pV0MzNz2,Same Graves,The Ghost Club,The Ghost Club,3188686,,,,,<urlopen error [SSL: CERTIFICATE_VERIFY_FAILED] certificate verify failed: unabl
spotify:track:5BDo6TzD8q0oNtqhhXU3nx,Do It,underscores,Do It,3188487,,,,,<urlopen error [SSL: CERTIFICATE_VERIFY_FAILED] certificate verify failed: unabl
spotify:track:0BHUIuLE8ZqojV6LqswBgS,Cabination Noise,Noise Project,Cabination Noise,3188070,,,,,<urlopen error [SSL: CERTIFICATE_VERIFY_FAILED] certificate verify failed: unabl
spotify:track:3zrqcFaZI10iKuiFwKBNlD,If I Were President (Skit),The Pharcyde,Bizarre Ride II The Pharcyde,3184633,,,,,<urlopen error [SSL: CERTIFICATE_VERIFY_FAILED] certificate verify failed: unabl
spotify:track:1yy0XglPOI5E8NKbtGH3OO,Wedding Song,Reeve Carney,Hadestown (Original Broadway Cast Recording),3184276,,,,,<urlopen error [SSL: CERTIFICATE_VERIFY_FAILED] certificate verify failed: unabl
spotify:track:0SA0mMXWh23raZ6xzOCU2V,She,"Tyler, The Creator",Goblin,3181647,,,,,<urlopen error [SSL: CERTIFICATE_VERIFY_FAILED] certificate verify failed: unabl
spotify:track:4IadxL6BUymXlh8RCJJu7T,Too Sweet,Hozier,Unheard,3177300,,,,,<urlopen error [SSL: CERTIFICATE_VERIFY_FAILED] certificate verify failed: unabl
spotify:track:4FTKMpQaNomHJtonNaUQFj,fear of failure / scared of success,Shrimp,fear of failure / scared of success,3177267,,,,,<urlopen error [SSL: CERTIFICATE_VERIFY_FAILED] certificate verify failed: unabl
spotify:track:484t6qg9BaFOgIwCndfNY6,Teldrassil,Jason Hayes,World of Warcraft Original Soundtrack,3176796,,,,,<urlopen error [SSL: CERTIFICATE_VERIFY_FAILED] certificate verify failed: unabl
spotify:track:2TK2KSrzXD6W01qjXVjNGh,The Room Where It Happens,Leslie Odom Jr.,Hamilton,3176183,,,,,<urlopen error [SSL: CERTIFICATE_VERIFY_FAILED] certificate verify failed: unabl
spotify:track:6PDg4jvsi5pFhLNQ2B62vr,SCARED 2 DEATH,Black Dresses,Peaceful as Hell,3171875,,,,,<urlopen error [SSL: CERTIFICATE_VERIFY_FAILED] certificate verify failed: unabl
spotify:track:6JyEh4kl9DLwmSAoNDRn5b,4th Dimension,KIDS SEE GHOSTS,KIDS SEE GHOSTS,3171313,,,,,<urlopen error [SSL: CERTIFICATE_VERIFY_FAILED] certificate verify failed: unabl
spotify:track:3aVyHFxRkf8lSjhWdJ68AW,Just Another Girl,The Killers,Direct Hits,3168589,,,,,<urlopen error [SSL: CERTIFICATE_VERIFY_FAILED] certificate verify failed: unabl
spotify:track:2PzU4IB8Dr6mxV3lHuaG34,(I Can't Get No) Satisfaction - Mono,The Rolling Stones,Out Of Our Heads,3164403,,,,,<urlopen error [SSL: CERTIFICATE_VERIFY_FAILED] certificate verify failed: unabl
spotify:track:3lzUeaCbcCDB5IXYfqWRlF,Silent Hill,Kendrick Lamar,Mr. Morale & The Big Steppers,3156372,,,,,<urlopen error [SSL: CERTIFICATE_VERIFY_FAILED] certificate verify failed: unabl
spotify:track:0G21yYKMZoHa30cYVi1iA8,Welcome To The Jungle,Guns N' Roses,Appetite For Destruction,3154865,,,,,<urlopen error [SSL: CERTIFICATE_VERIFY_FAILED] certificate verify failed: unabl
spotify:track:2l3QTs4bDmOXmg3IQMn1c7,The Burning Legion [Main Title],Russell Brower,World of Warcraft: The Burning Crusade Original Soundtrack,3153534,,,,,<urlopen error [SSL: CERTIFICATE_VERIFY_FAILED] certificate verify failed: unabl
spotify:track:4KW1lqgSr8TKrvBII0Brf8,Father Stretch My Hands Pt. 1,Kanye West,The Life Of Pablo,3148621,,,,,<urlopen error [SSL: CERTIFICATE_VERIFY_FAILED] certificate verify failed: unabl
spotify:track:6mVD1SfTvlFAPVi7txFL5H,Machu Picchu,The Strokes,Angles,3144392,,,,,<urlopen error [SSL: CERTIFICATE_VERIFY_FAILED] certificate verify failed: unabl
spotify:track:35D1RA5uVFVhMc1qX80TaQ,Balloon (feat. Doechii),"Tyler, The Creator",CHROMAKOPIA,3143802,,,,,<urlopen error [SSL: CERTIFICATE_VERIFY_FAILED] certificate verify failed: unabl
spotify:track:5Jue6vup8nHUgXFUGMk478,JUGGERNAUT (feat. Lil Uzi Vert & Pharrell Williams),"Tyler, The Creator",CALL ME IF YOU GET LOST: The Estate Sale,3141469,,,,,<urlopen error [SSL: CERTIFICATE_VERIFY_FAILED] certificate verify failed: unabl
spotify:track:4UUyaFZ4Lul1Va3yI1pIDF,Grow Back,The Happy Fits,Concentrate,3141430,,,,,<urlopen error [SSL: CERTIFICATE_VERIFY_FAILED] certificate verify failed: unabl
spotify:track:6Q8mqjuz8xqdoUjhZQDfY7,Life Is Fun,Boyinaband,Life Is Fun,3140741,,,,,<urlopen error [SSL: CERTIFICATE_VERIFY_FAILED] certificate verify failed: unabl
spotify:track:2mMNBgFRyEiRoGvrdoONeq,A Grave Mistake,Ice Nine Kills,The Silver Scream,3139053,,,,,<urlopen error [SSL: CERTIFICATE_VERIFY_FAILED] certificate verify failed: unabl
spotify:track:0FNpuD3SNYuUTOx2V7W2d0,Just Enough,CatDany,Just Enough,3136073,,,,,<urlopen error [SSL: CERTIFICATE_VERIFY_FAILED] certificate verify failed: unabl
spotify:track:4PcOyOMCCy28juICGa4FkH,Townlong Steppes,Sam Cardon,World of Warcraft: Mists of Pandaria Soundtrack,3135110,,,,,<urlopen error [SSL: CERTIFICATE_VERIFY_FAILED] certificate verify failed: unabl
spotify:track:2Nz6aF1umHh5Et6I5H581L,Hooked On A Feeling,Blue Swede,Hooked On A Feeling - 40th Anniversary Collection,3134751,,,,,<urlopen error [SSL: CERTIFICATE_VERIFY_FAILED] certificate verify failed: unabl
spotify:track:71X7bPDljJHrmEGYCe7kQ8,The Schuyler Sisters,Renée Elise Goldsberry,Hamilton,3118498,,,,,<urlopen error [SSL: CERTIFICATE_VERIFY_FAILED] certificate verify failed: unabl
spotify:track:4bZZVcgWWMWPBwzTTp642w,Filter,BTS,MAP OF THE SOUL : 7,3109623,,,,,<urlopen error [SSL: CERTIFICATE_VERIFY_FAILED] certificate verify failed: unabl
spotify:track:1IthE5GNiRzFN5CVaCa445,Born Singer,BTS,Proof,3106811,,,,,<urlopen error [SSL: CERTIFICATE_VERIFY_FAILED] certificate verify failed: unabl
spotify:track:7C5pKQBh9xr7kCsBT6Y2n8,Halcyon Age,Vansire,Angel Youth,3095473,,,,,<urlopen error [SSL: CERTIFICATE_VERIFY_FAILED] certificate verify failed: unabl
spotify:track:1hrfvLgEC9lci0kB89QEQ0,Carry On,Avenged Sevenfold,Carry On,3091986,,,,,<urlopen error [SSL: CERTIFICATE_VERIFY_FAILED] certificate verify failed: unabl
spotify:track:74irxdVWstNlEQjsvArITq,Crazy,Aerosmith,Get A Grip,3083554,,,,,<urlopen error [SSL: CERTIFICATE_VERIFY_FAILED] certificate verify failed: unabl
spotify:track:7Ki0hse0IfXEcXUlpyECbJ,Blue & Grey,BTS,BE,3082870,,,,,<urlopen error [SSL: CERTIFICATE_VERIFY_FAILED] certificate verify failed: unabl
spotify:track:1E5xuX6tAkVtvOBM6ZZwDX,Angrathar's Shadow,Derek Duke,World of Warcraft: Wrath of the Lich King Original Soundtrack,3072933,,,,,<urlopen error [SSL: CERTIFICATE_VERIFY_FAILED] certificate verify failed: unabl
spotify:track:59CLe8stbcx4XYBWdsfbwK,One Way Or Another,Blondie,Parallel Lines,3067077,,,,,<urlopen error [SSL: CERTIFICATE_VERIFY_FAILED] certificate verify failed: unabl
spotify:track:1mKXFLRA179hdOWQBwUk9e,Just Give Me a Reason (feat. Nate Ruess),P!nk,The Truth About Love,3059707,,,,,<urlopen error [SSL: CERTIFICATE_VERIFY_FAILED] certificate verify failed: unabl
spotify:track:7yBjQ29XKxHlxuqycHuvmm,Wet,Dazey and the Scouts,Maggot,3056609,,,,,<urlopen error [SSL: CERTIFICATE_VERIFY_FAILED] certificate verify failed: unabl
spotify:track:5Cda1tVbFMhPIyPDyd6EYe,whatchu mean?,Crispy Concords,whatchu mean?,3054894,,,,,<urlopen error [SSL: CERTIFICATE_VERIFY_FAILED] certificate verify failed: unabl
spotify:track:6JlXC4wheppnhrms970xE3,Holy War,Boom Kitty,Holy War,3048397,,,,,<urlopen error [SSL: CERTIFICATE_VERIFY_FAILED] certificate verify failed: unabl
spotify:track:310c9S3sVZJOAhNRsEtk4Q,White Noise for Deep Focus,Librarical Nature,White Noise for Deep Focus,3046235,,,,,<urlopen error [SSL: CERTIFICATE_VERIFY_FAILED] certificate verify failed: unabl
spotify:track:3fvFqnPGrboTqY8gA3gtxc,Northwest zombie girl,underscores,Wallsocket (Director's Cut),3044685,,,,,<urlopen error [SSL: CERTIFICATE_VERIFY_FAILED] certificate verify failed: unabl
spotify:track:0wWUmTEZjzGgtEezwrzNb5,glitter ✩‧₊˚,lexycat,glitter ✩‧₊˚,3043853,,,,,<urlopen error [SSL: CERTIFICATE_VERIFY_FAILED] certificate verify failed: unabl
spotify:track:4enlu3e7TufoXN8rktGJwf,God Help The Outcasts,Ciara Renée,The Hunchback of Notre Dame (Studio Cast Recording),3043379,,,,,<urlopen error [SSL: CERTIFICATE_VERIFY_FAILED] certificate verify failed: unabl
spotify:track:68oU2YXg4kwPpertTUFrC6,Why We Build the Wall,Patrick Page,Hadestown (Original Broadway Cast Recording),3039914,,,,,<urlopen error [SSL: CERTIFICATE_VERIFY_FAILED] certificate verify failed: unabl
spotify:track:1fEGtTZjrjJW8eUeewnNJR,"Flightless Bird, American Mouth",Iron & Wine,The Shepherd's Dog,3038393,,,,,<urlopen error [SSL: CERTIFICATE_VERIFY_FAILED] certificate verify failed: unabl
spotify:track:6F5vUbyHKA9fZcSuMdyVJ1,"""DELTA"":for the DELTA",Camellia,PLANET / /SHAPER,3037937,,,,,<urlopen error [SSL: CERTIFICATE_VERIFY_FAILED] certificate verify failed: unabl
spotify:track:1FomWvYH5RqagHVHYj9OfC,Way Down Hadestown (Reprise),André De Shields,Hadestown (Original Broadway Cast Recording),3031677,,,,,<urlopen error [SSL: CERTIFICATE_VERIFY_FAILED] certificate verify failed: unabl
spotify:track:1Q3t9fWvHUXKsMmpD2XpUu,Cold Cold Cold,Cage The Elephant,Tell Me I'm Pretty,3029591,,,,,<urlopen error [SSL: CERTIFICATE_VERIFY_FAILED] certificate verify failed: unabl
spotify:track:10oYQrDbgWjK0339xaL7Ne,Return to Arms,Glenn Stafford,World of Warcraft - Battle for Azeroth Soundtrack OST,3025529,,,,,<urlopen error [SSL: CERTIFICATE_VERIFY_FAILED] certificate verify failed: unabl
spotify:track:2ih2U8ttFzCjnQ5njF3SrR,Gorilla,Bruno Mars,Unorthodox Jukebox,3023145,,,,,<urlopen error [SSL: CERTIFICATE_VERIFY_FAILED] certificate verify failed: unabl
spotify:track:1KPKbyKyV2gh3VAa2Qzs16,Ryan and Dave,Rare Americans,Ryan and Dave,3022705,,,,,<urlopen error [SSL: CERTIFICATE_VERIFY_FAILED] certificate verify failed: unabl
spotify:track:5TRPicyLGbAF2LGBFbHGvO,Flashing Lights,Kanye West,Graduation,3019163,,,,,<urlopen error [SSL: CERTIFICATE_VERIFY_FAILED] certificate verify failed: unabl
spotify:track:0RgjEkSbeuStKfT2Pa4Zai,reincarnated,Kendrick Lamar,GNX,3016078,,,,,<urlopen error [SSL: CERTIFICATE_VERIFY_FAILED] certificate verify failed: unabl
spotify:track:0TzIHqhAbvYR6qJKrMMFlk,My Way Home,Kanye West,Late Registration,3015755,,,,,<urlopen error [SSL: CERTIFICATE_VERIFY_FAILED] certificate verify failed: unabl
spotify:track:1rCBJgngZ6ZUyHnOGjmm6E,Vuelo,Ricardo Arjona,5to Piso,3015614,,,,,<urlopen error [SSL: CERTIFICATE_VERIFY_FAILED] certificate verify failed: unabl
spotify:track:5ZYBczat60p8a2Fnenour4,Garage Palace (feat. Little Simz),Gorillaz,Garage Palace (feat. Little Simz),3014854,,,,,<urlopen error [SSL: CERTIFICATE_VERIFY_FAILED] certificate verify failed: unabl
spotify:track:5d5vbFsYB7EebhVgafqvKS,Ghost Choir,Louie Zong,Ghost Choir,3011135,,,,,<urlopen error [SSL: CERTIFICATE_VERIFY_FAILED] certificate verify failed: unabl
spotify:track:0hCB0YR03f6AmQaHbwWDe8,Whole Lotta Love - 1990 Remaster,Led Zeppelin,Led Zeppelin II,3009965,,,,,<urlopen error [SSL: CERTIFICATE_VERIFY_FAILED] certificate verify failed: unabl
spotify:track:6fqaMyg066xlukvUJWdM2T,00:00 (Zero O’Clock),BTS,MAP OF THE SOUL : 7,3008709,,,,,<urlopen error [SSL: CERTIFICATE_VERIFY_FAILED] certificate verify failed: unabl
spotify:track:5NxxixRIBePmP5iNl9lPOt,Lose My Breath (Stray Kids Ver.),Stray Kids,Lose My Breath (Remixes),3006915,,,,,<urlopen error [SSL: CERTIFICATE_VERIFY_FAILED] certificate verify failed: unabl
spotify:track:2oyfOnDg5Nysv4wGdcFLgK,Variations On White Noise,Feedback Loops 1994,Variations On White Noise,3006881,,,,,<urlopen error [SSL: CERTIFICATE_VERIFY_FAILED] certificate verify failed: unabl
spotify:track:5MzAdOahVsGuDw40wOcZmJ,Up Up and Away,Derek Pope,Epochs,3006119,,,,,<urlopen error [SSL: CERTIFICATE_VERIFY_FAILED] certificate verify failed: unabl
spotify:track:0STK94RxUulYqWzwFlyAb5,Sober,Demi Lovato,Sober,3005830,,,,,<urlopen error [SSL: CERTIFICATE_VERIFY_FAILED] certificate verify failed: unabl
spotify:track:4tZdPxjFCZepceY2iuoeKp,Stella was a diver and she was always down,Interpol,Turn On The Bright Lights,2995887,,,,,<urlopen error [SSL: CERTIFICATE_VERIFY_FAILED] certificate verify failed: unabl
spotify:track:0EA2RhRHL4KWeNa7JfD1Yw,So It Goes,Mac Miller,Swimming,2989215,,,,,<urlopen error [SSL: CERTIFICATE_VERIFY_FAILED] certificate verify failed: unabl
spotify:track:4yRqwkqrG2f2kwaYLwi3DF,Summer Breeze,Varrick Frost,Summer Breeze,2988294,,,,,<urlopen error [SSL: CERTIFICATE_VERIFY_FAILED] certificate verify failed: unabl
spotify:track:1COXMzXT4JxnQCePCeptPP,ALL IN,Stray Kids,ALL IN,2988035,,,,,<urlopen error [SSL: CERTIFICATE_VERIFY_FAILED] certificate verify failed: unabl
spotify:track:7kgRKpUaw2kQOAUL5XyxLP,ULTRA (Changbin),Stray Kids,HOP,2987968,,,,,<urlopen error [SSL: CERTIFICATE_VERIFY_FAILED] certificate verify failed: unabl
spotify:track:0ZA43HPPeTVV7hPoFlLeR2,Different State of Mind,Kid Bloom,Different State of Mind,2986518,,,,,<urlopen error [SSL: CERTIFICATE_VERIFY_FAILED] certificate verify failed: unabl
spotify:track:1XnpzbOGptRwfJhZgLbmSr,Pretty Savage,BLACKPINK,THE ALBUM,2986455,,,,,<urlopen error [SSL: CERTIFICATE_VERIFY_FAILED] certificate verify failed: unabl
spotify:track:3h0P4TXrlrv9Lj0z7FS36I,BUFFALO (feat. Shane Powers),"Tyler, The Creator",Cherry Bomb + Instrumentals,2975135,,,,,<urlopen error [SSL: CERTIFICATE_VERIFY_FAILED] certificate verify failed: unabl
spotify:track:3ruWo9VJQxMV26GgLL4siH,Arete II,Tim Shiel,Duet (Original Game Soundtrack),2973934,,,,,<urlopen error [SSL: CERTIFICATE_VERIFY_FAILED] certificate verify failed: unabl
spotify:track:0eEXcw3JLVXcRxYrVYMy68,Electric Relaxation,A Tribe Called Quest,The Anthology,2973861,,,,,<urlopen error [SSL: CERTIFICATE_VERIFY_FAILED] certificate verify failed: unabl
spotify:track:04A4WyCRyHQ8Nb3u3IsfzH,I Like It,Stray Kids,ATE,2971032,,,,,<urlopen error [SSL: CERTIFICATE_VERIFY_FAILED] certificate verify failed: unabl
spotify:track:0WED8fw8BrCMIer08VsLjK,Balmoral Hotel,Rare Americans,Balmoral Hotel,2962299,,,,,<urlopen error [SSL: CERTIFICATE_VERIFY_FAILED] certificate verify failed: unabl
spotify:track:2KH16WveTQWT6KOG9Rg6e2,Eye of the Tiger,Survivor,Rocky IV,2961918,,,,,<urlopen error [SSL: CERTIFICATE_VERIFY_FAILED] certificate verify failed: unabl
spotify:track:05yhiHcReEjhJVPgKNGsjI,Calm Before,Tim Shiel,Glowing Pains: Music from the Gardens Between,2955920,,,,,<urlopen error [SSL: CERTIFICATE_VERIFY_FAILED] certificate verify failed: unabl
spotify:track:1REVvAphiSTJyKQ1fDpHa4,Purple Hearts,Kendrick Lamar,Mr. Morale & The Big Steppers,2948827,,,,,<urlopen error [SSL: CERTIFICATE_VERIFY_FAILED] certificate verify failed: unabl
spotify:track:0XmLRP1GkjjRrdIx0G75Dj,Epic I,Reeve Carney,Hadestown (Original Broadway Cast Recording),2948209,,,,,<urlopen error [SSL: CERTIFICATE_VERIFY_FAILED] certificate verify failed: unabl
spotify:track:1UyAYPWFDFEYb0jUUrW8PA,Cheesecake,Billy Marchiafava,Cheesecake,2945018,,,,,<urlopen error [SSL: CERTIFICATE_VERIFY_FAILED] certificate verify failed: unabl
spotify:track:3CRDbSIZ4r5MsZ0YwxuEkn,Stressed Out,Twenty One Pilots,Blurryface,2941894,,,,,<urlopen error [SSL: CERTIFICATE_VERIFY_FAILED] certificate verify failed: unabl
spotify:track:5pi6ZCx0bTucAltIvomExp,It's Cool,First in Flight,It's Cool,2938479,,,,,<urlopen error [SSL: CERTIFICATE_VERIFY_FAILED] certificate verify failed: unabl
spotify:track:7KKoGA5nKLJ6Q4wPXFJcNt,Nothing Lasts,Bedroom,Grow,2930512,,,,,<urlopen error [SSL: CERTIFICATE_VERIFY_FAILED] certificate verify failed: unabl
spotify:track:1FRF0NHXBW4ecdulGkTzJY,Blow My High (Members Only),Kendrick Lamar,Section.80,2928438,,,,,<urlopen error [SSL: CERTIFICATE_VERIFY_FAILED] certificate verify failed: unabl
spotify:track:6N5IDVq97uM3g54wipzint,White Noise Healing Energies,Hum Humming,White Noise Healing Energies,2925118,,,,,<urlopen error [SSL: CERTIFICATE_VERIFY_FAILED] certificate verify failed: unabl
spotify:track:0ODMEf23m2ahqnmayR4wpa,Get Enough,CatDany,Get Enough,2923151,,,,,<urlopen error [SSL: CERTIFICATE_VERIFY_FAILED] certificate verify failed: unabl
spotify:track:3mXx2bkVqN5KVgl6TKbozp,Shado-Pan,Sam Cardon,World of Warcraft: Mists of Pandaria Soundtrack,2922717,,,,,<urlopen error [SSL: CERTIFICATE_VERIFY_FAILED] certificate verify failed: unabl
spotify:track:2qQpFbqqkLOGySgNK8wBXt,FANCY,TWICE,FANCY YOU,2921840,,,,,<urlopen error [SSL: CERTIFICATE_VERIFY_FAILED] certificate verify failed: unabl
spotify:track:0nj9Bq5sHDiTxSHunhgkFb,squabble up,Kendrick Lamar,GNX,2921706,,,,,<urlopen error [SSL: CERTIFICATE_VERIFY_FAILED] certificate verify failed: unabl
spotify:track:57lHFW5RSl888Q1UionOXq,"BLOW MY LOAD (feat. Wanya Morris, Dâm-Funk, Austin Feinstein & Sydney Bennett)","Tyler, The Creator",Cherry Bomb + Instrumentals,2918614,,,,,<urlopen error [SSL: CERTIFICATE_VERIFY_FAILED] certificate verify failed: unabl
spotify:track:2H3kc8vwKWtgaDWs0Xw98Y,Eres Mi Religión - 2020 Remasterizado,Maná,Revolución De Amor,2915711,,,,,<urlopen error [SSL: CERTIFICATE_VERIFY_FAILED] certificate verify failed: unabl
spotify:track:36BBMo08ATnSQaGrz662uQ,Borean Tundra,Derek Duke,World of Warcraft: Wrath of the Lich King Original Soundtrack,2914108,,,,,<urlopen error [SSL: CERTIFICATE_VERIFY_FAILED] certificate verify failed: unabl
spotify:track:4Wh5WGtov1VJ6EJ8OQgNeS,Magic,TOMORROW X TOGETHER,The Chaos Chapter: FREEZE,2909959,,,,,<urlopen error [SSL: CERTIFICATE_VERIFY_FAILED] certificate verify failed: unabl
spotify:track:2Nd0EiPVR49KVOAzCcObmd,You Tore Out My Heart,Tiny Little Houses,You Tore Out My Heart,2907259,,,,,<urlopen error [SSL: CERTIFICATE_VERIFY_FAILED] certificate verify failed: unabl
spotify:track:5BCGb7MFelQaL3P7yrX3sy,God Help The Outcasts,Ciara Renée,The Hunchback of Notre Dame,2907014,,,,,<urlopen error [SSL: CERTIFICATE_VERIFY_FAILED] certificate verify failed: unabl
spotify:track:5z4GWgru4a3X0SFnQMD2oH,I Don't Care If You're Contagious,Pierce The Veil,Selfish Machines,2905636,,,,,<urlopen error [SSL: CERTIFICATE_VERIFY_FAILED] certificate verify failed: unabl
spotify:track:2SsJmkp6iZyKzKczgPUbeh,A World Divided,Neal Acree,World of Warcraft: Legion (Original Game Soundtrack),2902647,,,,,<urlopen error [SSL: CERTIFICATE_VERIFY_FAILED] certificate verify failed: unabl
spotify:track:2GMLTm3qlHmKkHnQA3wuRn,Road to Hell (Reprise),André De Shields,Hadestown (Original Broadway Cast Recording),2902309,,,,,<urlopen error [SSL: CERTIFICATE_VERIFY_FAILED] certificate verify failed: unabl
spotify:track:34iOH7LY3vme5rQxsVILZ4,Love Will Tear Us Apart - 2020 Remaster,Joy Division,Love Will Tear Us Apart,2901657,,,,,<urlopen error [SSL: CERTIFICATE_VERIFY_FAILED] certificate verify failed: unabl
spotify:track:6hfvLF2YNTuH6dfG2t1kEH,Hands Free,Rare Americans,Rare Americans,2899934,,,,,<urlopen error [SSL: CERTIFICATE_VERIFY_FAILED] certificate verify failed: unabl
spotify:track:5Go7a9wnApTQm2nYqKBdm0,Live And Let Die - Main Title,Paul McCartney,All The Best,2899799,,,,,<urlopen error [SSL: CERTIFICATE_VERIFY_FAILED] certificate verify failed: unabl
spotify:track:3flQv4DNGg31Ic4vBv45Tj,Resurrections,Lena Raine,Celeste (Original Soundtrack),2899521,,,,,<urlopen error [SSL: CERTIFICATE_VERIFY_FAILED] certificate verify failed: unabl
spotify:track:0YOzUujSDOvSRahyn1Pkeb,KEEP DA O'S (feat. Pharrell Williams & Coco O.),"Tyler, The Creator",Cherry Bomb + Instrumentals,2899228,,,,,<urlopen error [SSL: CERTIFICATE_VERIFY_FAILED] certificate verify failed: unabl
spotify:track:3h5AZDf5z7D18plaLtHTfi,Murder in the City,The Avett Brothers,The Second Gleam,2896353,,,,,<urlopen error [SSL: CERTIFICATE_VERIFY_FAILED] certificate verify failed: unabl
spotify:track:4Ck28jt61FsCgIBz01uAIm,Hellfire,Patrick Page,The Hunchback of Notre Dame,2895886,,,,,<urlopen error [SSL: CERTIFICATE_VERIFY_FAILED] certificate verify failed: unabl
spotify:track:30U2ANWm8iFBRiYX3USS5H,Hammer To Fall - Remastered 2011,Queen,Greatest Hits II,2893199,,,,,<urlopen error [SSL: CERTIFICATE_VERIFY_FAILED] certificate verify failed: unabl
spotify:track:07XwE8LdgVZFR3noDCWlLl,Go Ask The River,Russell Brower,World of Warcraft: Mists of Pandaria Soundtrack,2891908,,,,,<urlopen error [SSL: CERTIFICATE_VERIFY_FAILED] certificate verify failed: unabl
spotify:track:4fPBB44eDH71YohayI4eKV,You Only Live Once,The Strokes,First Impressions Of Earth,2891260,,,,,<urlopen error [SSL: CERTIFICATE_VERIFY_FAILED] certificate verify failed: unabl
spotify:track:1oERlssLrpssCAY6Yqqs6c,Smokin Out The Window,Bruno Mars,An Evening With Silk Sonic,2887327,,,,,<urlopen error [SSL: CERTIFICATE_VERIFY_FAILED] certificate verify failed: unabl
spotify:track:7Cu2COdH93MnuireuKNiS3,Streetcar,Daniel Caesar,Pilgrim's Paradise,2886599,,,,,<urlopen error [SSL: CERTIFICATE_VERIFY_FAILED] certificate verify failed: unabl
spotify:track:0zMAvsQmaQ4DGsmXtKixpn,Burning Pile,Mother Mother,O My Heart,2882385,,,,,<urlopen error [SSL: CERTIFICATE_VERIFY_FAILED] certificate verify failed: unabl
spotify:track:0YcAtsbazONflncetoi5Vw,The Kalu'ak,Derek Duke,World of Warcraft: Wrath of the Lich King Original Soundtrack,2882382,,,,,<urlopen error [SSL: CERTIFICATE_VERIFY_FAILED] certificate verify failed: unabl
spotify:track:3hU637WcAGM5ubSqeaTme5,The Show Must Go On - Remastered 2011,Queen,Innuendo,2881576,,,,,<urlopen error [SSL: CERTIFICATE_VERIFY_FAILED] certificate verify failed: unabl
spotify:track:5MLlfYP9uZUGqsaPtUAVQe,YASOPP,KXLLSWXTCH,DISORDER,2879930,,,,,<urlopen error [SSL: CERTIFICATE_VERIFY_FAILED] certificate verify failed: unabl
spotify:track:6uZ07X3RBcNwPX8JjvCfU5,Celestial White Drift,Enhanced Audio,Celestial White Drift,2879910,,,,,<urlopen error [SSL: CERTIFICATE_VERIFY_FAILED] certificate verify failed: unabl
spotify:track:5LuX3XQmdRG327lafv1p50,Promise You,NCT 127,Sticker - The 3rd Album,2878668,,,,,<urlopen error [SSL: CERTIFICATE_VERIFY_FAILED] certificate verify failed: unabl
spotify:track:5MTGPkmiUuud9NkA0sl2nI,Magic Shop,BTS,Love Yourself 轉 'Tear',2878516,,,,,<urlopen error [SSL: CERTIFICATE_VERIFY_FAILED] certificate verify failed: unabl
spotify:track:65Cev4uzaAUqfqu0oxepew,SIR BAUDELAIRE (feat. DJ Drama),"Tyler, The Creator",CALL ME IF YOU GET LOST: The Estate Sale,2875165,,,,,<urlopen error [SSL: CERTIFICATE_VERIFY_FAILED] certificate verify failed: unabl
spotify:track:1pKDDWvQp4HiyEzsVuSHTT,Cloud White Noise,Lilly Almberg,Cloud White Noise,2871456,,,,,<urlopen error [SSL: CERTIFICATE_VERIFY_FAILED] certificate verify failed: unabl
spotify:track:6nTiIhLmQ3FWhvrGafw2zj,American Idiot,Green Day,American Idiot,2871169,,,,,<urlopen error [SSL: CERTIFICATE_VERIFY_FAILED] certificate verify failed: unabl
spotify:track:0yBWJskffvGKh6hM4gvB7l,Curse of the Worgen,Russell Brower,World of Warcraft: Cataclysm Original Soundtrack,2870678,,,,,<urlopen error [SSL: CERTIFICATE_VERIFY_FAILED] certificate verify failed: unabl
spotify:track:40WWeoX26jtsfdmFx5iRty,I'm Low On Gas And You Need A Jacket,Pierce The Veil,Collide With The Sky,2869851,,,,,<urlopen error [SSL: CERTIFICATE_VERIFY_FAILED] certificate verify failed: unabl
spotify:track:3nOSvfxdOeIAaUYO0KMYox,How Long?,Amber Gray,Hadestown (Original Broadway Cast Recording),2869623,,,,,<urlopen error [SSL: CERTIFICATE_VERIFY_FAILED] certificate verify failed: unabl
spotify:track:6MiMpZdaNTsMbmjrIBK2Eo,King of Carrot Flowers Pts. 2 & 3,Neutral Milk Hotel,In the Aeroplane Over the Sea,2869130,,,,,<urlopen error [SSL: CERTIFICATE_VERIFY_FAILED] certificate verify failed: unabl
spotify:track:4WXFDVe299Po8ih6Np54n2,Wolf in Sheep's Clothing (feat. William Beckett),Set It Off,Duality,2868134,,,,,<urlopen error [SSL: CERTIFICATE_VERIFY_FAILED] certificate verify failed: unabl
spotify:track:4jjaOnFqtAyiYmP7PdTJbO,RUN (HAN),Stray Kids,SKZ-REPLAY,2865641,,,,,<urlopen error [SSL: CERTIFICATE_VERIFY_FAILED] certificate verify failed: unabl
spotify:track:7BXW1QCg56yzEBV8pW8pah,Have It All,Jason Mraz,Know.,2861705,,,,,<urlopen error [SSL: CERTIFICATE_VERIFY_FAILED] certificate verify failed: unabl
spotify:track:67BOjO8BESXYNU5E6qDcUv,777,Bruno Mars,An Evening With Silk Sonic,2861284,,,,,<urlopen error [SSL: CERTIFICATE_VERIFY_FAILED] certificate verify failed: unabl
spotify:track:6dr7ekfhlbquvsVY8D7gyk,"Aaron Burr, Sir",Lin-Manuel Miranda,Hamilton,2858993,,,,,<urlopen error [SSL: CERTIFICATE_VERIFY_FAILED] certificate verify failed: unabl
spotify:track:44AyOl4qVkzS48vBsbNXaC,Can't Help Falling in Love,Elvis Presley,Blue Hawaii,2857178,,,,,<urlopen error [SSL: CERTIFICATE_VERIFY_FAILED] certificate verify failed: unabl
spotify:track:6zC0mpGYwbNTpk9SKwh08f,Wonderful Tonight,Eric Clapton,Slowhand 35th Anniversary,2856807,,,,,<urlopen error [SSL: CERTIFICATE_VERIFY_FAILED] certificate verify failed: unabl
spotify:track:5J4l2J1HOU6yC1Y27Ww22H,Nay,Tim Shiel,Duet (Original Game Soundtrack),2855592,,,,,<urlopen error [SSL: CERTIFICATE_VERIFY_FAILED] certificate verify failed: unabl
spotify:track:0EmYZZ8OqeALedVhijSjsg,CROWN,TOMORROW X TOGETHER,The Dream Chapter: STAR,2852393,,,,,<urlopen error [SSL: CERTIFICATE_VERIFY_FAILED] certificate verify failed: unabl
spotify:track:41GZMEuFsHlFo0bSCz4ZbJ,Pepper,Sugs,Pepper,2851325,,,,,<urlopen error [SSL: CERTIFICATE_VERIFY_FAILED] certificate verify failed: unabl
spotify:track:7AwH2iMS0hTY5lBhOtgdmO,Warrior,Mr.Tree,Splitting,2846723,,,,,<urlopen error [SSL: CERTIFICATE_VERIFY_FAILED] certificate verify failed: unabl
spotify:track:3WFTUAPrXvqg3SXC0bsukz,EENIE MEENIE (Feat. Hongjoong of ATEEZ),CHUNG HA,EENIE MEENIE,2845211,,,,,<urlopen error [SSL: CERTIFICATE_VERIFY_FAILED] certificate verify failed: unabl
spotify:track:09r45kX1QtF7N1aaFDhSzM,White Cloud Somnolence,Sleeping Parachuter,White Cloud Somnolence,2845045,,,,,<urlopen error [SSL: CERTIFICATE_VERIFY_FAILED] certificate verify failed: unabl
spotify:track:2qFIJT5hjqaNFA1GKwl9me,Take a Break,Phillipa Soo,Hamilton,2841572,,,,,<urlopen error [SSL: CERTIFICATE_VERIFY_FAILED] certificate verify failed: unabl
spotify:track:0ZBjqW8nYAf3IT5ySPQtAq,Hay Amores,Ricardo Arjona,Independiente + Demos,2839838,,,,,<urlopen error [SSL: CERTIFICATE_VERIFY_FAILED] certificate verify failed: unabl
spotify:track:5pUudDDuJgIpgKIGk2zmxv,Baby I'm Bleeding,JPEGMAFIA,Veteran,2838066,,,,,<urlopen error [SSL: CERTIFICATE_VERIFY_FAILED] certificate verify failed: unabl
spotify:track:6NPVjNh8Jhru9xOmyQigds,Happy,Pharrell Williams,Despicable Me 2 (Original Motion Picture Soundtrack),2833587,,,,,<urlopen error [SSL: CERTIFICATE_VERIFY_FAILED] certificate verify failed: unabl
spotify:track:12AcktSzuhNRXtjQoH7trj,Azuremyst Isle,Derek Duke,World of Warcraft: The Burning Crusade Original Soundtrack,2831322,,,,,<urlopen error [SSL: CERTIFICATE_VERIFY_FAILED] certificate verify failed: unabl
spotify:track:2UWNLVMXNgPrJOR9p8Wvef,LIED TO ME,your best friend jippy,BEAT TAPE 23,2830474,,,,,<urlopen error [SSL: CERTIFICATE_VERIFY_FAILED] certificate verify failed: unabl
spotify:track:1JSTJqkT5qHq8MDJnJbRE1,Every Breath You Take,The Police,Synchronicity,2822793,,,,,<urlopen error [SSL: CERTIFICATE_VERIFY_FAILED] certificate verify failed: unabl
spotify:track:1o7fEkmVNWFiBOunYE4flT,Oh No!!!,grandson,a modern tragedy vol. 3,2821217,,,,,<urlopen error [SSL: CERTIFICATE_VERIFY_FAILED] certificate verify failed: unabl
spotify:track:2C40hQsA5kViP4WWX2pDMg,resume,bbno$,eat ya veggies,2816532,,,,,<urlopen error [SSL: CERTIFICATE_VERIFY_FAILED] certificate verify failed: unabl
spotify:track:1foMv2HQwfQ2vntFf9HFeG,Rhinestone Eyes,Gorillaz,Plastic Beach,2814995,,,,,<urlopen error [SSL: CERTIFICATE_VERIFY_FAILED] certificate verify failed: unabl
spotify:track:0NDOVMOT6ah2k6HuXLrq5x,Cloud of Unknowing (feat. Bobby Womack and Sinfonia ViVA),Gorillaz,Plastic Beach,2810724,,,,,<urlopen error [SSL: CERTIFICATE_VERIFY_FAILED] certificate verify failed: unabl
spotify:track:7wCmS9TTVUcIhRalDYFgPy,Where Is My Mind? - 2007 Remaster,Pixies,Surfer Rosa,2810058,,,,,<urlopen error [SSL: CERTIFICATE_VERIFY_FAILED] certificate verify failed: unabl
spotify:track:6h6FF9kL3Qf1VnppZjk7dF,Webpunk,Vylet Pony,Webpunk,2802066,,,,,<urlopen error [SSL: CERTIFICATE_VERIFY_FAILED] certificate verify failed: unabl
spotify:track:1eoHEohApA5EuLcqhbO2FF,At Wit's End,Dream Theater,Distance Over Time,2801468,,,,,<urlopen error [SSL: CERTIFICATE_VERIFY_FAILED] certificate verify failed: unabl
spotify:track:2YkDmUfSC7bZpH3DHvvuxh,Death Because of Death,Slipknot,We Are Not Your Kind,2794417,,,,,<urlopen error [SSL: CERTIFICATE_VERIFY_FAILED] certificate verify failed: unabl
spotify:track:6ZIh5ZhYv7OGb8XspO389R,I'm Gone,Oliver Tree,Ugly is Beautiful,2793389,,,,,<urlopen error [SSL: CERTIFICATE_VERIFY_FAILED] certificate verify failed: unabl
spotify:track:4SFknyjLcyTLJFPKD2m96o,How You Like That,BLACKPINK,THE ALBUM,2791679,,,,,<urlopen error [SSL: CERTIFICATE_VERIFY_FAILED] certificate verify failed: unabl
spotify:track:3BLuKfTl1WDMluP3Dcn31R,Sup Yall,Constera,Sup Yall,2791447,,,,,<urlopen error [SSL: CERTIFICATE_VERIFY_FAILED] certificate verify failed: unabl
spotify:track:3lUx27TOwV2nAiKwnYYXxe,Bicycle Race - Remastered 2011,Queen,Jazz,2789043,,,,,<urlopen error [SSL: CERTIFICATE_VERIFY_FAILED] certificate verify failed: unabl
spotify:track:4ZlHqeXbItX1qC86aFUax1,once in a moon,Sarah Kang,once in a moon,2787178,,,,,<urlopen error [SSL: CERTIFICATE_VERIFY_FAILED] certificate verify failed: unabl
spotify:track:3M2bD9SMYnJIPdrTKUnBd3,I Know It's Over - 2011 Remaster,The Smiths,The Queen Is Dead,2786246,,,,,<urlopen error [SSL: CERTIFICATE_VERIFY_FAILED] certificate verify failed: unabl
spotify:track:0INUNNYfsp4qr6kJdY46mY,Travelin' Band,Creedence Clearwater Revival,Cosmo's Factory,2784866,,,,,<urlopen error [SSL: CERTIFICATE_VERIFY_FAILED] certificate verify failed: unabl
spotify:track:0HHIbFhmTXsIzz2VUmkH96,I Heard It Through The Grapevine,Creedence Clearwater Revival,Cosmo's Factory,2782259,,,,,<urlopen error [SSL: CERTIFICATE_VERIFY_FAILED] certificate verify failed: unabl
spotify:track:0bzuAU3gnO3e1Me1ii5mYL,montage,saoirse dream,saoirse dream,2775079,,,,,<urlopen error [SSL: CERTIFICATE_VERIFY_FAILED] certificate verify failed: unabl
spotify:track:1oFEAWvPHP5TdSlmIs77sV,Conversation Pt. 1,Mac Miller,Swimming,2773390,,,,,<urlopen error [SSL: CERTIFICATE_VERIFY_FAILED] certificate verify failed: unabl
spotify:track:7wbfumClDSecgtE8U3fasS,There Will Come Soft Rains,Atlanta Master Chorale,Crossroads,2773274,,,,,<urlopen error [SSL: CERTIFICATE_VERIFY_FAILED] certificate verify failed: unabl
spotify:track:7eB1KFJ9BeDVyPxHTAy0AZ,Stuck Down the Wrong Rabbit Hole,Mr.Tree,Splitting,2773029,,,,,<urlopen error [SSL: CERTIFICATE_VERIFY_FAILED] certificate verify failed: unabl
spotify:track:2Vp0ue7NNLHFF6RKSdOEuN,Candy Says,The Velvet Underground,The Velvet Underground,2769654,,,,,<urlopen error [SSL: CERTIFICATE_VERIFY_FAILED] certificate verify failed: unabl
spotify:track:1JwU26KiAoM9PX7bdZnyhT,Crater,Tim Shiel,Duet (Original Game Soundtrack),2769550,,,,,<urlopen error [SSL: CERTIFICATE_VERIFY_FAILED] certificate verify failed: unabl
spotify:track:7HQqlyTnavA97mX9h8TNRy,Green Light,Danny Brown,Stardust,2766042,,,,,<urlopen error [SSL: CERTIFICATE_VERIFY_FAILED] certificate verify failed: unabl
spotify:track:6bz7RbUwk0LTLAHE4WvdeC,Out There,Patrick Page,The Hunchback of Notre Dame (Studio Cast Recording),2764473,,,,,<urlopen error [SSL: CERTIFICATE_VERIFY_FAILED] certificate verify failed: unabl
spotify:track:786A4mxiKmPGHA7z7dPA9K,DOODLE (Changbin),Stray Kids,SKZ-REPLAY,2761682,,,,,<urlopen error [SSL: CERTIFICATE_VERIFY_FAILED] certificate verify failed: unabl
spotify:track:4AD4KKFy864J694ORhJxSP,Que Bonito Baila,Control,Fuera De Control,2759842,,,,,<urlopen error [SSL: CERTIFICATE_VERIFY_FAILED] certificate verify failed: unabl
spotify:track:0mgJ3jfhhBNRxuqUqGIcZ0,Black Water,Reuben And The Dark,Funeral Sky,2757982,,,,,<urlopen error [SSL: CERTIFICATE_VERIFY_FAILED] certificate verify failed: unabl
spotify:track:4mxj6SQ7BxfQ90CBTbxcwH,The Wizard And I,Cynthia Erivo,Wicked: The Soundtrack,2757898,,,,,<urlopen error [SSL: CERTIFICATE_VERIFY_FAILED] certificate verify failed: unabl
spotify:track:7IaBNvBUsdZ9eQaP0EZgrU,Indie Pop Type Beat,Billy Marchiafava,Indie Pop Type Beat,2754066,,,,,<urlopen error [SSL: CERTIFICATE_VERIFY_FAILED] certificate verify failed: unabl
spotify:track:7lqkrW4NxWuC8nVW1qnh2k,Open Always Wins,TOMORROW X TOGETHER,Open Always Wins,2753315,,,,,<urlopen error [SSL: CERTIFICATE_VERIFY_FAILED] certificate verify failed: unabl
spotify:track:7M9Td6TRHXRfZTqRqzIkcQ,Crystal Calm,Day Nappers,Crystal Calm,2753053,,,,,<urlopen error [SSL: CERTIFICATE_VERIFY_FAILED] certificate verify failed: unabl
spotify:track:5wgwd3g6CV8LQ5iJl8aGZR,PERCH,Ben Beal,PERCH,2752502,,,,,<urlopen error [SSL: CERTIFICATE_VERIFY_FAILED] certificate verify failed: unabl
spotify:track:5aWhs651KYM26HYM16kRdk,The Man,The Killers,Wonderful Wonderful,2751677,,,,,<urlopen error [SSL: CERTIFICATE_VERIFY_FAILED] certificate verify failed: unabl
spotify:track:6bDr0xoeeSzWq62pKO4yvp,Revival,Mr.Tree,Splitting,2750853,,,,,<urlopen error [SSL: CERTIFICATE_VERIFY_FAILED] certificate verify failed: unabl
spotify:track:6vlwlVM3LzFHIDrIvuYPks,Someone Just Like You,Pretty Vicious,Beauty Of Youth,2750109,,,,,<urlopen error [SSL: CERTIFICATE_VERIFY_FAILED] certificate verify failed: unabl
spotify:track:3VMeAc0SlgLaS9RzA8TSxH,Deep end (Felix),Stray Kids,SKZ-REPLAY,2747258,,,,,<urlopen error [SSL: CERTIFICATE_VERIFY_FAILED] certificate verify failed: unabl
spotify:track:2MO6XvzlEBKA0PoRqAt9J9,American Blood,Dead Poet Society,American Blood,2747082,,,,,<urlopen error [SSL: CERTIFICATE_VERIFY_FAILED] certificate verify failed: unabl
spotify:track:0NdTUS4UiNYCNn5FgVqKQY,Snap Out Of It,Arctic Monkeys,AM,2744702,,,,,<urlopen error [SSL: CERTIFICATE_VERIFY_FAILED] certificate verify failed: unabl
spotify:track:6A4F0dR5xSDIB2www3T6nY,Stasis Tank,Rav,B-Sides Vol.3 (2011-2015),2737961,,,,,<urlopen error [SSL: CERTIFICATE_VERIFY_FAILED] certificate verify failed: unabl
spotify:track:1EtR8nAoFKJryJqmf426YZ,FLAME EMOJI!,JPEGMAFIA,OFFLINE!,2737496,,,,,<urlopen error [SSL: CERTIFICATE_VERIFY_FAILED] certificate verify failed: unabl
spotify:track:1OQ6Jk2d4bv622LStoYapx,Our Lady of the Underground,Amber Gray,Hadestown (Original Broadway Cast Recording),2730073,,,,,<urlopen error [SSL: CERTIFICATE_VERIFY_FAILED] certificate verify failed: unabl
spotify:track:1oEYBTuJW6kn5Qa5H7Dori,Suramar,Russell Brower,World of Warcraft: Legion (Original Game Soundtrack),2727027,,,,,<urlopen error [SSL: CERTIFICATE_VERIFY_FAILED] certificate verify failed: unabl
spotify:track:4hozY0uWh4hxvH2mP6EmSL,Infamous Date Rape,A Tribe Called Quest,The Low End Theory,2726799,,,,,<urlopen error [SSL: CERTIFICATE_VERIFY_FAILED] certificate verify failed: unabl
spotify:track:6OG1S805gIrH5nAQbEOPY3,You'll Be Back,Jonathan Groff,Hamilton,2726352,,,,,<urlopen error [SSL: CERTIFICATE_VERIFY_FAILED] certificate verify failed: unabl
spotify:track:3xSdLXog9B8TwbD3l2aCXx,Jinbei,"Hi, I'm Chris",Jinbei,2726314,,,,,<urlopen error [SSL: CERTIFICATE_VERIFY_FAILED] certificate verify failed: unabl
spotify:track:11VwZwNF29HrqwalYUMitb,Pale Blue Eyes,The Velvet Underground,The Velvet Underground,2726148,,,,,<urlopen error [SSL: CERTIFICATE_VERIFY_FAILED] certificate verify failed: unabl
spotify:track:3IWUCuJ19dmUhddJAEZddx,Ghost,Neutral Milk Hotel,In the Aeroplane Over the Sea,2725417,,,,,<urlopen error [SSL: CERTIFICATE_VERIFY_FAILED] certificate verify failed: unabl
spotify:track:1LiLcXmLVnmkZyuJVuJDOc,Let Go,NewDad,MADRA,2725127,,,,,<urlopen error [SSL: CERTIFICATE_VERIFY_FAILED] certificate verify failed: unabl
spotify:track:5fbQCQt91LsVgXusFS0CCD,Disorder - 2007 Remaster,Joy Division,Unknown Pleasures,2722176,,,,,<urlopen error [SSL: CERTIFICATE_VERIFY_FAILED] certificate verify failed: unabl
spotify:track:1zFbBrZmJr1Z49HYe84dBg,Harvey,Her's,Invitation to Her's,2714891,,,,,<urlopen error [SSL: CERTIFICATE_VERIFY_FAILED] certificate verify failed: unabl
spotify:track:0eVobqDxiFnDvKcXfScqCi,Mockingbird,Jamie Berry,Prohibition,2714052,,,,,<urlopen error [SSL: CERTIFICATE_VERIFY_FAILED] certificate verify failed: unabl
spotify:track:2RqMYDrFmG2l1GDyRZL4ju,Concrete & Cola,Psychedelic Porn Crumpets,"Carpe Diem, Moonman",2705708,,,,,<urlopen error [SSL: CERTIFICATE_VERIFY_FAILED] certificate verify failed: unabl
spotify:track:3EYOJ48Et32uATr9ZmLnAo,Roxanne,The Police,Outlandos D'Amour,2705653,,,,,<urlopen error [SSL: CERTIFICATE_VERIFY_FAILED] certificate verify failed: unabl
spotify:track:32zqrDpYvNr8BuOClDpavD,Absolute Territory,Ken Ashcorp,Absolute Territory,2704547,,,,,<urlopen error [SSL: CERTIFICATE_VERIFY_FAILED] certificate verify failed: unabl
spotify:track:54Sc7mZQ1RM03STpk4SfaA,Helpless,Phillipa Soo,Hamilton,2702082,,,,,<urlopen error [SSL: CERTIFICATE_VERIFY_FAILED] certificate verify failed: unabl
spotify:track:2l3499tWzWD9J6rlDfLXgQ,Mary,"Black Country, New Road",Forever Howlong,2693982,,,,,<urlopen error [SSL: CERTIFICATE_VERIFY_FAILED] certificate verify failed: unabl
spotify:track:3rYYTuFIv4RjYgeADwCQgY,Why do we fight?,Neal Acree,World of Warcraft: Mists of Pandaria Soundtrack,2692494,,,,,<urlopen error [SSL: CERTIFICATE_VERIFY_FAILED] certificate verify failed: unabl
spotify:track:2vWBUC9djv6BtiGlmKiQaH,YKWIM?,Yot Club,Bipolar,2692457,,,,,<urlopen error [SSL: CERTIFICATE_VERIFY_FAILED] certificate verify failed: unabl
spotify:track:0za55KLGfhCOr2TC4RM6dr,Sofia,Clairo,Immunity,2691430,,,,,<urlopen error [SSL: CERTIFICATE_VERIFY_FAILED] certificate verify failed: unabl
spotify:track:4KspXoCVJXGY1VrvEe1Hdm,Don't Look Back into the Sun,The Libertines,Don't Look Back into the Sun,2690866,,,,,<urlopen error [SSL: CERTIFICATE_VERIFY_FAILED] certificate verify failed: unabl
spotify:track:45J4avUb9Ni0bnETYaYFVJ,luther (with sza),Kendrick Lamar,GNX,2690080,,,,,<urlopen error [SSL: CERTIFICATE_VERIFY_FAILED] certificate verify failed: unabl
spotify:track:4RVbK6cV0VqWdpCDcx3hiT,Reborn,KIDS SEE GHOSTS,KIDS SEE GHOSTS,2685166,,,,,<urlopen error [SSL: CERTIFICATE_VERIFY_FAILED] certificate verify failed: unabl
spotify:track:5ZRq8wZ98vRg3YHkKyVM1i,i want it all (trophy),saoirse dream,saoirse dream,2682278,,,,,<urlopen error [SSL: CERTIFICATE_VERIFY_FAILED] certificate verify failed: unabl
spotify:track:3aLD0uF1ANitez8hf7wQpC,Dalaran,Russell Brower,World of Warcraft: Wrath of the Lich King Original Soundtrack,2678169,,,,,<urlopen error [SSL: CERTIFICATE_VERIFY_FAILED] certificate verify failed: unabl
spotify:track:5uCax9HTNlzGybIStD3vDh,Say You Won't Let Go,James Arthur,Back from the Edge,2674647,,,,,<urlopen error [SSL: CERTIFICATE_VERIFY_FAILED] certificate verify failed: unabl
spotify:track:6govoZCPjRcTCIf2kzevQd,defeated,Nohidea,Lost / Found,2673525,,,,,<urlopen error [SSL: CERTIFICATE_VERIFY_FAILED] certificate verify failed: unabl
spotify:track:46M2hXnaQpueG7vSvgVtVH,GTG,Freddie Dredd,GTG,2671765,,,,,<urlopen error [SSL: CERTIFICATE_VERIFY_FAILED] certificate verify failed: unabl
spotify:track:5nrIvFhvRbIReemGlbjZBC,The Way Is Our Purpose,Neal Acree,World of Warcraft: Shadowlands Original Soundtrack,2669121,,,,,<urlopen error [SSL: CERTIFICATE_VERIFY_FAILED] certificate verify failed: unabl
spotify:track:3fJJ28RcXGkgKlgbgBSbc8,Wait for Me (Reprise),André De Shields,Hadestown (Original Broadway Cast Recording),2667808,,,,,<urlopen error [SSL: CERTIFICATE_VERIFY_FAILED] certificate verify failed: unabl
spotify:track:3Yd2WbXs9RhfwKB7GMC534,Reclusion,Anberlin,Cities,2667248,,,,,<urlopen error [SSL: CERTIFICATE_VERIFY_FAILED] certificate verify failed: unabl
spotify:track:3aW0ds4A4tSQDIp75FqWTo,FAKE LOVE,BTS,Love Yourself 轉 'Tear',2666033,,,,,<urlopen error [SSL: CERTIFICATE_VERIFY_FAILED] certificate verify failed: unabl
spotify:track:67qdozSgFFHL6VGW85KmtD,Fistful Of Steel,Rage Against The Machine,Rage Against The Machine - XX (20th Anniversary Special Edition),2665672,,,,,<urlopen error [SSL: CERTIFICATE_VERIFY_FAILED] certificate verify failed: unabl
spotify:track:7pKfPomDEeI4TPT6EOYjn9,Imagine - Remastered 2010,John Lennon,Imagine,2662970,,,,,<urlopen error [SSL: CERTIFICATE_VERIFY_FAILED] certificate verify failed: unabl
spotify:track:33d7n0d2Ou4wQ5AcLrLTav,Everything Is Fair,A Tribe Called Quest,The Low End Theory,2661570,,,,,<urlopen error [SSL: CERTIFICATE_VERIFY_FAILED] certificate verify failed: unabl
spotify:track:4VweM7darPhSdYe0taXTMK,[PEJA] HOL UP,your best friend jippy,BEAT TAPE 16: 64 BEATS,2655949,,,,,<urlopen error [SSL: CERTIFICATE_VERIFY_FAILED] certificate verify failed: unabl
spotify:track:0iWCpaSaiIZVPSqjZ9YB5L,Million Dollar Houses (The Painter),Pierce The Veil,Selfish Machines,2655213,,,,,<urlopen error [SSL: CERTIFICATE_VERIFY_FAILED] certificate verify failed: unabl
spotify:track:0RRd7AcCl0HR5gzzRuCMXs,Eternally,TOMORROW X TOGETHER,The Dream Chapter: ETERNITY,2654320,,,,,<urlopen error [SSL: CERTIFICATE_VERIFY_FAILED] certificate verify failed: unabl
spotify:track:1MX0g22bQkr9HDVe37fLnN,134340,BTS,Love Yourself 轉 'Tear',2654114,,,,,<urlopen error [SSL: CERTIFICATE_VERIFY_FAILED] certificate verify failed: unabl
spotify:track:1XIIvx9S19CZVc7eow7EX7,STOP,j-hope,Jack In The Box,2652156,,,,,<urlopen error [SSL: CERTIFICATE_VERIFY_FAILED] certificate verify failed: unabl
spotify:track:35cljnTV9schHORuqWF8mA,Fat Bottomed Girls - Single Version / Remastered 2011,Queen,Jazz,2650849,,,,,<urlopen error [SSL: CERTIFICATE_VERIFY_FAILED] certificate verify failed: unabl
spotify:track:10SRMwb9EuVS1K9rYsBfHQ,Yet To Come,BTS,Proof,2649848,,,,,<urlopen error [SSL: CERTIFICATE_VERIFY_FAILED] certificate verify failed: unabl
spotify:track:37ZgsOy8t4vMnGtMExr6ah,Threat of Joy,The Strokes,Future Present Past,2647240,,,,,<urlopen error [SSL: CERTIFICATE_VERIFY_FAILED] certificate verify failed: unabl
spotify:track:7hm4HTk9encxT0LYC0J6oI,Someday,The Strokes,Is This It,2645452,,,,,<urlopen error [SSL: CERTIFICATE_VERIFY_FAILED] certificate verify failed: unabl
spotify:track:3qppK9r9CpNUcqAwn9bX6u,Vivir Sin Aire,Maná,Você É Minha Religião: O Melhor Do Maná,2644281,,,,,<urlopen error [SSL: CERTIFICATE_VERIFY_FAILED] certificate verify failed: unabl
spotify:track:1vvBUZseJ7fwYPX1NedOLd,Cha Cha,Freddie Dredd,Cha Cha,2642771,,,,,<urlopen error [SSL: CERTIFICATE_VERIFY_FAILED] certificate verify failed: unabl
spotify:track:6qwEeAl6Cl32odNr2GIMjm,EXORCIST,KXLLSWXTCH,KILL!,2639892,,,,,<urlopen error [SSL: CERTIFICATE_VERIFY_FAILED] certificate verify failed: unabl
spotify:track:2uuXC4uWUxDmHPqyTXHPrk,Qwik Maff,Psychedelic Porn Crumpets,"Carpe Diem, Moonman",2639543,,,,,<urlopen error [SSL: CERTIFICATE_VERIFY_FAILED] certificate verify failed: unabl
spotify:track:1kuGVB7EU95pJObxwvfwKS,vampire,Olivia Rodrigo,GUTS,2637918,,,,,<urlopen error [SSL: CERTIFICATE_VERIFY_FAILED] certificate verify failed: unabl
spotify:track:66WcXHsRgiI3llCmCtt0So,Brackenhide,Glenn Stafford,World of Warcraft: Dragonflight,2634383,,,,,<urlopen error [SSL: CERTIFICATE_VERIFY_FAILED] certificate verify failed: unabl
spotify:track:6bpq1jGkVz66Q3LYeoXdjZ,SCOOP (feat. Doja Cat),Lil Nas X,MONTERO,2632255,,,,,<urlopen error [SSL: CERTIFICATE_VERIFY_FAILED] certificate verify failed: unabl
spotify:track:0bJs66Q7uwNby1vPt8HM2E,Nicotine Dream,Breakup Shoes,Nicotine Dream EP,2631828,,,,,<urlopen error [SSL: CERTIFICATE_VERIFY_FAILED] certificate verify failed: unabl
spotify:track:0mHyWYXmmCB9iQyK18m3FQ,Hello,Lionel Richie,Can't Slow Down,2631046,,,,,<urlopen error [SSL: CERTIFICATE_VERIFY_FAILED] certificate verify failed: unabl
spotify:track:30h8YS2iYXSTPjqT4txPEh,Dying In A Hot Tub,Palaye Royale,Boom Boom Room,2630534,,,,,<urlopen error [SSL: CERTIFICATE_VERIFY_FAILED] certificate verify failed: unabl
spotify:track:4ec3cDJ9wjsR262duxyHbG,Canticle Of Sacrifice,Russell Brower,World of Warcraft: Legion (Original Game Soundtrack),2627846,,,,,<urlopen error [SSL: CERTIFICATE_VERIFY_FAILED] certificate verify failed: unabl
spotify:track:4PwkiQyE09iOcKameCkQAF,Love Curse,Moxas,Love Curse,2627466,,,,,<urlopen error [SSL: CERTIFICATE_VERIFY_FAILED] certificate verify failed: unabl
spotify:track:0e8nrvls4Qqv5Rfa2UhqmO,THATS WHAT I WANT,Lil Nas X,MONTERO,2625809,,,,,<urlopen error [SSL: CERTIFICATE_VERIFY_FAILED] certificate verify failed: unabl
spotify:track:5t3Vk8bRKylx4fjj7qlbib,bitches broken hearts,Billie Eilish,bitches broken hearts,2625059,,,,,<urlopen error [SSL: CERTIFICATE_VERIFY_FAILED] certificate verify failed: unabl
spotify:track:5G4uLkFKdEZLcuNyeomQmE,Savior - Interlude,Kendrick Lamar,Mr. Morale & The Big Steppers,2619876,,,,,<urlopen error [SSL: CERTIFICATE_VERIFY_FAILED] certificate verify failed: unabl
spotify:track:2SiXAy7TuUkycRVbbWDEpo,You Shook Me All Night Long,AC/DC,Back In Black,2619369,,,,,<urlopen error [SSL: CERTIFICATE_VERIFY_FAILED] certificate verify failed: unabl
spotify:track:63ylnQPFDRu0DoGAFD1dDM,Out of the Woodwork,Courtney Barnett,The Double EP: A Sea of Split Peas,2618627,,,,,<urlopen error [SSL: CERTIFICATE_VERIFY_FAILED] certificate verify failed: unabl
spotify:track:0UBHEoxTddvlFD8teRQ4NG,Bolvar - A Will Unbroken,Neal Acree,World of Warcraft: Shadowlands Original Soundtrack,2612995,,,,,<urlopen error [SSL: CERTIFICATE_VERIFY_FAILED] certificate verify failed: unabl
spotify:track:5648YJgWmV5TSYRdF6Cxl1,Empty,Olivia O'Brien,It's Not That Deep,2606506,,,,,<urlopen error [SSL: CERTIFICATE_VERIFY_FAILED] certificate verify failed: unabl
spotify:track:4VNvzf9nHWAZBHAJxfzVcy,Rusty Cage,Johnny Cash,American II: Unchained,2606038,,,,,<urlopen error [SSL: CERTIFICATE_VERIFY_FAILED] certificate verify failed: unabl
spotify:track:0zKKqt6jeG1IIcnBGcWDR0,Anime Intro,Public Theatre,Anime Intro,2602743,,,,,<urlopen error [SSL: CERTIFICATE_VERIFY_FAILED] certificate verify failed: unabl
spotify:track:4BVE5tIIpYabZcYCbephNW,Touch Me,The Doors,The Soft Parade,2596786,,,,,<urlopen error [SSL: CERTIFICATE_VERIFY_FAILED] certificate verify failed: unabl
spotify:track:3OIoy3TNU7CL5PTaHOGmbR,Espacio sideral,Jesse & Joy,Esta Es Mi Vida,2591445,,,,,<urlopen error [SSL: CERTIFICATE_VERIFY_FAILED] certificate verify failed: unabl
spotify:track:3jPt4MaAdSu2P4x6EcVJIc,Coffee Boi,Okey Dokey,"Love You, Mean It",2591195,,,,,<urlopen error [SSL: CERTIFICATE_VERIFY_FAILED] certificate verify failed: unabl
spotify:track:43hAWgANUMvybp1zDBMrRf,PA PA YA!!,BABYMETAL,METAL GALAXY,2590631,,,,,<urlopen error [SSL: CERTIFICATE_VERIFY_FAILED] certificate verify failed: unabl
spotify:track:0wgOhYnqZKjOHr6bmdz0aN,gloria (with sza),Kendrick Lamar,GNX,2587699,,,,,<urlopen error [SSL: CERTIFICATE_VERIFY_FAILED] certificate verify failed: unabl
spotify:track:003vvx7Niy0yvhvHt4a68B,Mr. Brightside,The Killers,Hot Fuss,2587403,,,,,<urlopen error [SSL: CERTIFICATE_VERIFY_FAILED] certificate verify failed: unabl
spotify:track:4UCiDcv0yO9tNLZbkZeBBA,Sink into the Floor,Feng Suave,Feng Suave,2585047,,,,,<urlopen error [SSL: CERTIFICATE_VERIFY_FAILED] certificate verify failed: unabl
spotify:track:3nfMffQtoBThOQIfrcwbwf,Heavenly White Noise,Dream Son,Heavenly White Noise,2582568,,,,,<urlopen error [SSL: CERTIFICATE_VERIFY_FAILED] certificate verify failed: unabl
spotify:track:7gKM4X1z9u2GwzqaP6GX2U,GOD DON'T LIKE UGLY!,JPEGMAFIA,OFFLINE!,2579043,,,,,<urlopen error [SSL: CERTIFICATE_VERIFY_FAILED] certificate verify failed: unabl
spotify:track:7u5KojInfeEKLKWnInfYZA,Pale Blue Dot,Dream Theater,Distance Over Time,2573922,,,,,<urlopen error [SSL: CERTIFICATE_VERIFY_FAILED] certificate verify failed: unabl
spotify:track:48lQegoLqGAzaRLnMwK0mO,Freedom,Rage Against The Machine,Rage Against The Machine - XX (20th Anniversary Special Edition),2572970,,,,,<urlopen error [SSL: CERTIFICATE_VERIFY_FAILED] certificate verify failed: unabl
spotify:track:1KIJclzEbNhSVw8tiHPWwE,Young,Vacations,Vibes,2572147,,,,,<urlopen error [SSL: CERTIFICATE_VERIFY_FAILED] certificate verify failed: unabl
spotify:track:7lXOqE38eCr979gp27O5wr,If I Knew,Bruno Mars,Unorthodox Jukebox,2570603,,,,,<urlopen error [SSL: CERTIFICATE_VERIFY_FAILED] certificate verify failed: unabl
spotify:track:5nIu0VwPOsjkF61zfevLKh,Hold My Liquor,Kanye West,Yeezus,2568241,,,,,<urlopen error [SSL: CERTIFICATE_VERIFY_FAILED] certificate verify failed: unabl
spotify:track:6GUq9y0Iy5QrAuPYxTrFp2,S.T.A.Y.,Hans Zimmer,Interstellar (Original Motion Picture Soundtrack),2567573,,,,,<urlopen error [SSL: CERTIFICATE_VERIFY_FAILED] certificate verify failed: unabl
spotify:track:70vqzYMXy2CgwnoeZifNli,The Isles Awaken,Jake Lefkowitz,World of Warcraft: Dragonflight,2564313,,,,,<urlopen error [SSL: CERTIFICATE_VERIFY_FAILED] certificate verify failed: unabl
spotify:track:7cFuJN73A8uO4s5EZgSLq8,Putting On (feat. BabySantana),midwxst,BACK IN ACTION 2.0,2564217,,,,,<urlopen error [SSL: CERTIFICATE_VERIFY_FAILED] certificate verify failed: unabl
spotify:track:4E7njsLjTwTSSBDXbJg4BF,1L0v3myL1f3!,Danny Brown,Stardust,2560302,,,,,<urlopen error [SSL: CERTIFICATE_VERIFY_FAILED] certificate verify failed: unabl
spotify:track:34LXW73avo8xz0NLiVuiow,Metal Church,Metal Church,Metal Church,2557059,,,,,<urlopen error [SSL: CERTIFICATE_VERIFY_FAILED] certificate verify failed: unabl
spotify:track:3RsEvBUaNT9MXqUvQVuK1G,Cat & Dog,TOMORROW X TOGETHER,The Dream Chapter: STAR,2543560,,,,,<urlopen error [SSL: CERTIFICATE_VERIFY_FAILED] certificate verify failed: unabl
spotify:track:5q3lYktxLBTgpog7Llhz4Z,Dragon Hunters,Jake Lefkowitz,World of Warcraft: Dragonflight,2542720,,,,,<urlopen error [SSL: CERTIFICATE_VERIFY_FAILED] certificate verify failed: unabl
spotify:track:3YNjvUXgfQznx5IZHAXk6i,Loose,ENHYPEN,Loose,2541820,,,,,<urlopen error [SSL: CERTIFICATE_VERIFY_FAILED] certificate verify failed: unabl
spotify:track:3KfbEIOC7YIv90FIfNSZpo,In My Life - Remastered 2009,The Beatles,Rubber Soul,2540710,,,,,<urlopen error [SSL: CERTIFICATE_VERIFY_FAILED] certificate verify failed: unabl
spotify:track:6PurllVXXGL1s6UkLtzMVF,Champion - Remix,Fall Out Boy,Champion,2540218,,,,,<urlopen error [SSL: CERTIFICATE_VERIFY_FAILED] certificate verify failed: unabl
spotify:track:5AQ7yGPs35whBThhawCHNG,Malmo,Mook,Mook,2537746,,,,,<urlopen error [SSL: CERTIFICATE_VERIFY_FAILED] certificate verify failed: unabl
spotify:track:4M0gfUpAfFRv7O44ZSkRIK,OG! - OFFLINE,JPEGMAFIA,OFFLINE!,2537466,,,,,<urlopen error [SSL: CERTIFICATE_VERIFY_FAILED] certificate verify failed: unabl
spotify:track:6zNuw4dZTuplVk6YV2tk4b,Internet Child,Manwolves,Sleeping In,2533190,,,,,<urlopen error [SSL: CERTIFICATE_VERIFY_FAILED] certificate verify failed: unabl
spotify:track:6SPMgvsYysPqfURkVvdDPU,Stranglethorn Vale,Jason Hayes,World of Warcraft Original Soundtrack,2532311,,,,,<urlopen error [SSL: CERTIFICATE_VERIFY_FAILED] certificate verify failed: unabl
spotify:track:2Plf0m8U76VQXGIvSrsVcH,Conquered Shores,Glenn Stafford,World of Warcraft - Battle for Azeroth Soundtrack OST,2530984,,,,,<urlopen error [SSL: CERTIFICATE_VERIFY_FAILED] certificate verify failed: unabl
spotify:track:4191RXFPa7Ge9XkA4cWlna,Lost Cause,Billie Eilish,Happier Than Ever,2529627,,,,,<urlopen error [SSL: CERTIFICATE_VERIFY_FAILED] certificate verify failed: unabl
spotify:track:0sZ7125n1GTxvrq0anThNy,The Shower Scene,Ice Nine Kills,Welcome To Horrorwood: The Silver Scream 2,2529309,,,,,<urlopen error [SSL: CERTIFICATE_VERIFY_FAILED] certificate verify failed: unabl
spotify:track:4atMrAadB7dS8xn9vfk9PQ,Fireside,Arctic Monkeys,AM,2529073,,,,,<urlopen error [SSL: CERTIFICATE_VERIFY_FAILED] certificate verify failed: unabl
spotify:track:4WEuEfFiczWxblHyuucSBL,HiiiPower,Kendrick Lamar,Section.80,2527893,,,,,<urlopen error [SSL: CERTIFICATE_VERIFY_FAILED] certificate verify failed: unabl
spotify:track:25mwJPzWVmS2yronBNQJF1,School Spirit Skit 1,Kanye West,The College Dropout,2525666,,,,,<urlopen error [SSL: CERTIFICATE_VERIFY_FAILED] certificate verify failed: unabl
spotify:track:3MTfE3Mo3lfwAymYLU2luX,Dirty,grandson,Dirty,2524301,,,,,<urlopen error [SSL: CERTIFICATE_VERIFY_FAILED] certificate verify failed: unabl
spotify:track:4Sxv0whUHWzHK5T8uuP66S,Tha,Aphex Twin,Selected Ambient Works 85-92,2523772,,,,,<urlopen error [SSL: CERTIFICATE_VERIFY_FAILED] certificate verify failed: unabl
spotify:track:452eWE1sXO6L0HgNoqZbpE,Stone Cold Crazy,Metallica,"Garage, Inc.",2521265,,,,,<urlopen error [SSL: CERTIFICATE_VERIFY_FAILED] certificate verify failed: unabl
spotify:track:3vtceW4EYrv3enjfz7MTff,Nancy Tries to Take the Night,"Black Country, New Road",Forever Howlong,2517583,,,,,<urlopen error [SSL: CERTIFICATE_VERIFY_FAILED] certificate verify failed: unabl
spotify:track:0B8GZ9M3tZSiFuIkhFqcEO,Baby,Danny Brown,Stardust,2514213,,,,,<urlopen error [SSL: CERTIFICATE_VERIFY_FAILED] certificate verify failed: unabl
spotify:track:11c16bh9i0WnkD76F2Ka5A,Esmeralda,The Hunchback of Notre Dame Company,The Hunchback of Notre Dame,2512074,,,,,<urlopen error [SSL: CERTIFICATE_VERIFY_FAILED] certificate verify failed: unabl
spotify:track:0xrLn2KUN5bB7D7rcCDBW7,A Call To Arms,Jason Hayes,World of Warcraft Original Soundtrack,2507760,,,,,<urlopen error [SSL: CERTIFICATE_VERIFY_FAILED] certificate verify failed: unabl
spotify:track:4jXbcY2ulVT7MOPdN8nR50,Lonely,Palaye Royale,The Bastards,2502923,,,,,<urlopen error [SSL: CERTIFICATE_VERIFY_FAILED] certificate verify failed: unabl
spotify:track:1V3Zn1TUGzYui1WCVa04ES,VAY (Feat. Changbin of Stray Kids),ITZY,GOLD,2501255,,,,,<urlopen error [SSL: CERTIFICATE_VERIFY_FAILED] certificate verify failed: unabl
spotify:track:1cX72dbWEkWW7UjEvvATiV,1000 BEAR TRAPS - DUNCE REMIX,Lucien Gray,1000 BEAR TRAPS,2501063,,,,,<urlopen error [SSL: CERTIFICATE_VERIFY_FAILED] certificate verify failed: unabl
spotify:track:73D5hBkiVZkopZrmBZTBWf,Facebook Story,Frank Ocean,Blonde,2499347,,,,,<urlopen error [SSL: CERTIFICATE_VERIFY_FAILED] certificate verify failed: unabl
spotify:track:685kbrozhKaTRkXPOqepbi,Go Agane,Constera,Go Agane,2490040,,,,,<urlopen error [SSL: CERTIFICATE_VERIFY_FAILED] certificate verify failed: unabl
spotify:track:2Nib4r0saYQf2pUV4RFDhl,Interlude : Shadow,BTS,MAP OF THE SOUL : 7,2487778,,,,,<urlopen error [SSL: CERTIFICATE_VERIFY_FAILED] certificate verify failed: unabl
spotify:track:2cTG2r3bPCGBhEddfyiW9A,Cloudburst,Eric Whitacre,"Whitacre: Choral Works, Vol. 1",2484964,,,,,<urlopen error [SSL: CERTIFICATE_VERIFY_FAILED] certificate verify failed: unabl
spotify:track:7FQhRfLwklMayNW3MC27up,bag or die,bbno$,bag or die,2483929,,,,,<urlopen error [SSL: CERTIFICATE_VERIFY_FAILED] certificate verify failed: unabl
spotify:track:1wsRitfRRtWyEapl0q22o8,Guerrilla Radio,Rage Against The Machine,The Battle Of Los Angeles,2479448,,,,,<urlopen error [SSL: CERTIFICATE_VERIFY_FAILED] certificate verify failed: unabl
spotify:track:6uFreJoeTZVC7MgC7B6rF1,Alors on danse,Stromae,Cheese,2477844,,,,,<urlopen error [SSL: CERTIFICATE_VERIFY_FAILED] certificate verify failed: unabl
spotify:track:0jSccBRnhNU4KtACMQPvco,Mikrokosmos,BTS,MAP OF THE SOUL : PERSONA,2475572,,,,,<urlopen error [SSL: CERTIFICATE_VERIFY_FAILED] certificate verify failed: unabl
spotify:track:2oHDXaIgFkD41mkocZKMKC,Rocketman (feat. Atlas & Lando!),AL-X The Great,Rocketman (feat. Atlas & Lando!),2475349,,,,,<urlopen error [SSL: CERTIFICATE_VERIFY_FAILED] certificate verify failed: unabl
spotify:track:1fTAs4YpBA7R21i0iB4j54,Stay,Hans Zimmer,Interstellar (Original Motion Picture Soundtrack),2474544,,,,,<urlopen error [SSL: CERTIFICATE_VERIFY_FAILED] certificate verify failed: unabl
spotify:track:7BFVLQASwcGrxEPsz1teIW,Am I Wrong,BTS,Wings,2474129,,,,,<urlopen error [SSL: CERTIFICATE_VERIFY_FAILED] certificate verify failed: unabl
spotify:track:6gCVA6ja6g0foIsWv0RuSZ,ATWA,System Of A Down,Toxicity,2470310,,,,,<urlopen error [SSL: CERTIFICATE_VERIFY_FAILED] certificate verify failed: unabl
spotify:track:5kQOy15OnDkLP2pIFFjB1C,Salem Sisters,"Black Country, New Road",Forever Howlong,2468148,,,,,<urlopen error [SSL: CERTIFICATE_VERIFY_FAILED] certificate verify failed: unabl
spotify:track:0R3TWpoxAhT3HDXM7tpRzS,Ghostride,Crumb,Jinx,2466354,,,,,<urlopen error [SSL: CERTIFICATE_VERIFY_FAILED] certificate verify failed: unabl
spotify:track:5SLTXOG5LJYDx9HMmmqTrP,Madra,NewDad,MADRA,2466199,,,,,<urlopen error [SSL: CERTIFICATE_VERIFY_FAILED] certificate verify failed: unabl
spotify:track:1U13SSgDOxK98L1FTWYrjQ,untitled 04 | 08.14.2014.,Kendrick Lamar,untitled unmastered.,2458983,,,,,<urlopen error [SSL: CERTIFICATE_VERIFY_FAILED] certificate verify failed: unabl
spotify:track:21vjia93HNJHEWsD6caoHT,Weird World Awoke,Psychedelic Porn Crumpets,"Carpe Diem, Moonman",2458334,,,,,<urlopen error [SSL: CERTIFICATE_VERIFY_FAILED] certificate verify failed: unabl
spotify:track:48WuGsko0WxKO9KUqZlqys,"Holland, 1945",Neutral Milk Hotel,In the Aeroplane Over the Sea,2445844,,,,,<urlopen error [SSL: CERTIFICATE_VERIFY_FAILED] certificate verify failed: unabl
spotify:track:4Sz5KwMxHQnJPf64wJW5aq,Burnin’ Tires (Changbin & I.N),Stray Kids,Mixtape : dominATE,2445780,,,,,<urlopen error [SSL: CERTIFICATE_VERIFY_FAILED] certificate verify failed: unabl
spotify:track:0301nLjG0ti26rx5ZmfqtP,"Scenario (feat. Busta Rhymes, Dinco D & Charlie Brown) - LP Mix",A Tribe Called Quest,The Low End Theory,2441252,,,,,<urlopen error [SSL: CERTIFICATE_VERIFY_FAILED] certificate verify failed: unabl
spotify:track:5TuTHrKzN6NweeQaKkBNb7,Relax,Vacations,Vibes,2438436,,,,,<urlopen error [SSL: CERTIFICATE_VERIFY_FAILED] certificate verify failed: unabl
spotify:track:2afx8zfrOsN3QVEWSx5IPp,Mixtape : OH,Stray Kids,NOEASY,2437141,,,,,<urlopen error [SSL: CERTIFICATE_VERIFY_FAILED] certificate verify failed: unabl
spotify:track:3KYVSjNTxOgTJzhaEU6la3,Esmeralda,The Hunchback of Notre Dame Company,The Hunchback of Notre Dame (Studio Cast Recording),2436268,,,,,<urlopen error [SSL: CERTIFICATE_VERIFY_FAILED] certificate verify failed: unabl
spotify:track:2QyuXBcV1LJ2rq01KhreMF,ON,BTS,MAP OF THE SOUL : 7,2434904,,,,,<urlopen error [SSL: CERTIFICATE_VERIFY_FAILED] certificate verify failed: unabl
spotify:track:4vHNeBWDQpVCmGbaccrRzi,Goodie Bag,Still Woozy,Goodie Bag,2431032,,,,,<urlopen error [SSL: CERTIFICATE_VERIFY_FAILED] certificate verify failed: unabl
spotify:track:2lffRiAET2Xt6BNb4EmkS2,80's Comedown Machine,The Strokes,Comedown Machine,2429599,,,,,<urlopen error [SSL: CERTIFICATE_VERIFY_FAILED] certificate verify failed: unabl
spotify:track:5TU0zT1Bk0NkO1Yn9H9KpP,Mire,Russell Brower,World of Warcraft: Legion (Original Game Soundtrack),2426175,,,,,<urlopen error [SSL: CERTIFICATE_VERIFY_FAILED] certificate verify failed: unabl
spotify:track:3W4bMHCwi8DsSMzOjZz0KC,かごめ(Acoustic ver.),Yuuri,かごめ(Acoustic ver.),2425269,,,,,<urlopen error [SSL: CERTIFICATE_VERIFY_FAILED] certificate verify failed: unabl
spotify:track:0xSF7iHZQxaZYMAiBfobms,Pirate Jet,Gorillaz,Plastic Beach,2425209,,,,,<urlopen error [SSL: CERTIFICATE_VERIFY_FAILED] certificate verify failed: unabl
spotify:track:70h14zKwLPxZgMlE1HpwBa,Shimmering Flats,Jason Hayes,World of Warcraft Original Soundtrack,2423615,,,,,<urlopen error [SSL: CERTIFICATE_VERIFY_FAILED] certificate verify failed: unabl
spotify:track:6I0KEvFfWszVJiCy5hum4V,Let's Fall in Love for the Night,FINNEAS,Blood Harmony,2421190,,,,,<urlopen error [SSL: CERTIFICATE_VERIFY_FAILED] certificate verify failed: unabl
spotify:track:2MvIMgtWyK88OiPi0J8Dg3,Psychosocial,Slipknot,All Hope Is Gone,2419149,,,,,<urlopen error [SSL: CERTIFICATE_VERIFY_FAILED] certificate verify failed: unabl
spotify:track:3DBFOXJKitLKUjlyOCX7ow,Chapter Six,Kendrick Lamar,Section.80,2415161,,,,,<urlopen error [SSL: CERTIFICATE_VERIFY_FAILED] certificate verify failed: unabl
spotify:track:42nQqUIFXbKivM5A4HcQIL,Nosebleed,NewDad,MADRA,2414636,,,,,<urlopen error [SSL: CERTIFICATE_VERIFY_FAILED] certificate verify failed: unabl
spotify:track:4jNerIJa2IOeL5gVDvMNLW,One Short Day,Cynthia Erivo,Wicked: The Soundtrack,2412834,,,,,<urlopen error [SSL: CERTIFICATE_VERIFY_FAILED] certificate verify failed: unabl
spotify:track:2I3dW2dCBZAJGj5X21E53k,Kids See Ghosts,KIDS SEE GHOSTS,KIDS SEE GHOSTS,2411820,,,,,<urlopen error [SSL: CERTIFICATE_VERIFY_FAILED] certificate verify failed: unabl
spotify:track:5dJSrn1RKceOPDyb4DAe4w,Hooked On A Feeling,Blue Swede,Reservoir Dogs,2410888,,,,,<urlopen error [SSL: CERTIFICATE_VERIFY_FAILED] certificate verify failed: unabl
spotify:track:2r43m9j2XwTFyo1iC34m6A,David Martinez Freestyle,User-177606669,"Despite Everything, It's Still User",2409489,,,,,<urlopen error [SSL: CERTIFICATE_VERIFY_FAILED] certificate verify failed: unabl
spotify:track:6b2oQwSGFkzsMtQruIWm2p,Creep,Radiohead,Pablo Honey,2407642,,,,,<urlopen error [SSL: CERTIFICATE_VERIFY_FAILED] certificate verify failed: unabl
spotify:track:1q76hfEvgBxaayZzptyJ4c,Times Change,Neal Acree,World of Warcraft: Warlords of Draenor Original Game Soundtrack,2405976,,,,,<urlopen error [SSL: CERTIFICATE_VERIFY_FAILED] certificate verify failed: unabl
spotify:track:4rdmZrqh2uwU1Hl5Al4Xs9,White Ribbons,NewDad,MADRA,2402938,,,,,<urlopen error [SSL: CERTIFICATE_VERIFY_FAILED] certificate verify failed: unabl
spotify:track:0uUOYmOu7V6v18XLkVtjDF,Get Cool,Stray Kids,SKZ2020,2401873,,,,,<urlopen error [SSL: CERTIFICATE_VERIFY_FAILED] certificate verify failed: unabl
spotify:track:2ZqTbIID9vFPTXaGyzbb4q,Neva Play (feat. RM of BTS),Megan Thee Stallion,Neva Play (feat. RM of BTS),2399642,,,,,<urlopen error [SSL: CERTIFICATE_VERIFY_FAILED] certificate verify failed: unabl
spotify:track:48GvW7NPbRhKYo2l1CHG5M,Taverns,David Arkenstone,World of Warcraft: The Burning Crusade Original Soundtrack,2395917,,,,,<urlopen error [SSL: CERTIFICATE_VERIFY_FAILED] certificate verify failed: unabl
spotify:track:1H7yy9jlDYS2EBF41J6Yf5,Black Boy Fly - Bonus Track,Kendrick Lamar,"good kid, m.A.A.d city",2394899,,,,,<urlopen error [SSL: CERTIFICATE_VERIFY_FAILED] certificate verify failed: unabl
spotify:track:7GNRUsU3M4XNDDB9xle5Dz,That That (prod.&feat. SUGA of BTS),PSY,PSY 9th,2390916,,,,,<urlopen error [SSL: CERTIFICATE_VERIFY_FAILED] certificate verify failed: unabl
spotify:track:3W0he0AHPtRvkkzrhXqTYh,Baby (feat. Coasting),Roderick Porter,Baby (feat. Coasting),2389348,,,,,<urlopen error [SSL: CERTIFICATE_VERIFY_FAILED] certificate verify failed: unabl
spotify:track:74IwzlYDUdP3OLVsEpFojX,Objects in the Mirror,Mac Miller,Watching Movies with the Sound Off,2389014,,,,,<urlopen error [SSL: CERTIFICATE_VERIFY_FAILED] certificate verify failed: unabl
spotify:track:6NALgwxQrzg4kIlKo9u4t9,Heart of Pandaria,Russell Brower,World of Warcraft: Mists of Pandaria Soundtrack,2386965,,,,,<urlopen error [SSL: CERTIFICATE_VERIFY_FAILED] certificate verify failed: unabl
spotify:track:6s0NHplywwr1IjnQpUpWJk,Bad To The Bone,George Thorogood & The Destroyers,BAD TO THE BONE,2383366,,,,,<urlopen error [SSL: CERTIFICATE_VERIFY_FAILED] certificate verify failed: unabl
spotify:track:1FdnsU6An1Ye3uBJe8j23c,"Surfin’ (Lee Know, Changbin, Felix)",Stray Kids,NOEASY,2382844,,,,,<urlopen error [SSL: CERTIFICATE_VERIFY_FAILED] certificate verify failed: unabl
spotify:track:3s44Qv8x974tm0ueLexMWN,Welcome to The Internet,Bo Burnham,INSIDE,2380075,,,,,<urlopen error [SSL: CERTIFICATE_VERIFY_FAILED] certificate verify failed: unabl
spotify:track:511yHkfUtRwarJInAofeEs,Exchange,Tim Shiel,Duet (Original Game Soundtrack),2379654,,,,,<urlopen error [SSL: CERTIFICATE_VERIFY_FAILED] certificate verify failed: unabl
spotify:track:6QFQqqYye5lAcnhCALvxKJ,My Flaws Burn Through My Skin Like Demonic Flames from Hell,$uicideboy$,I No Longer Fear the Razor Guarding My Heel,2374271,,,,,<urlopen error [SSL: CERTIFICATE_VERIFY_FAILED] certificate verify failed: unabl
spotify:track:7HKez549fwJQDzx3zLjHKC,Start Me Up - Remastered 2009,The Rolling Stones,Tattoo You,2371600,,,,,<urlopen error [SSL: CERTIFICATE_VERIFY_FAILED] certificate verify failed: unabl
spotify:track:6UFivO2zqqPFPoQYsEMuCc,Bags,Clairo,Immunity,2371258,,,,,<urlopen error [SSL: CERTIFICATE_VERIFY_FAILED] certificate verify failed: unabl
spotify:track:5k3oQJQyvwHBD2BmmBqSPf,The Foundry,Eimear Noone,World of Warcraft: Warlords of Draenor Original Game Soundtrack,2370765,,,,,<urlopen error [SSL: CERTIFICATE_VERIFY_FAILED] certificate verify failed: unabl
spotify:track:7HGTkn2aX7MNdKs7nV2xBt,Somebody Told Me,The Killers,Hot Fuss,2367981,,,,,<urlopen error [SSL: CERTIFICATE_VERIFY_FAILED] certificate verify failed: unabl
spotify:track:2T5R8pPzJsTOfbRcSCdMeN,suhwee,ceo@business.net,suhwee,2366646,,,,,<urlopen error [SSL: CERTIFICATE_VERIFY_FAILED] certificate verify failed: unabl
spotify:track:4CRADtHiMFZ2zTNrTbXAfM,"It's ok, I'm okay",Freddie Sunshine,"It's ok, I'm okay",2366054,,,,,<urlopen error [SSL: CERTIFICATE_VERIFY_FAILED] certificate verify failed: unabl
spotify:track:3csi3SryPTup0NhtRKidsm,When the Chips are Down,Jewelle Blackman,Hadestown (Original Broadway Cast Recording),2360949,,,,,<urlopen error [SSL: CERTIFICATE_VERIFY_FAILED] certificate verify failed: unabl
spotify:track:5LHQYPHXONMXoFvcFjBVQN,Garbage Day,Rare Americans,Rare Americans,2356750,,,,,<urlopen error [SSL: CERTIFICATE_VERIFY_FAILED] certificate verify failed: unabl
spotify:track:31RTFPrB7wmYBhlkM2ILXG,Sugar,System Of A Down,System Of A Down,2356165,,,,,<urlopen error [SSL: CERTIFICATE_VERIFY_FAILED] certificate verify failed: unabl
spotify:track:4WUAyxkq3x4l5P7QN0vmHr,Don't Come Home Today,Good Morning,Shawcross,2355466,,,,,<urlopen error [SSL: CERTIFICATE_VERIFY_FAILED] certificate verify failed: unabl
spotify:track:0dEPlb8waIqRtKpLb3l6So,Fotografía,Juanes,Un Día Normal,2353623,,,,,<urlopen error [SSL: CERTIFICATE_VERIFY_FAILED] certificate verify failed: unabl
spotify:track:1rcxltU3Mzn8gN6Z8ly9Zh,Visions,Loving,If I Am Only My Thoughts,2350615,,,,,<urlopen error [SSL: CERTIFICATE_VERIFY_FAILED] certificate verify failed: unabl
spotify:track:1GtI4Z9CixlTEzSW4DlVFP,Take To The Skies (Launch Cinematic),Neal Acree,World of Warcraft: Dragonflight,2347493,,,,,<urlopen error [SSL: CERTIFICATE_VERIFY_FAILED] certificate verify failed: unabl
spotify:track:2Im64pIz6m0EJKdUe6eZ8r,Lost In The World,Kanye West,My Beautiful Dark Twisted Fantasy,2343743,,,,,<urlopen error [SSL: CERTIFICATE_VERIFY_FAILED] certificate verify failed: unabl
spotify:track:63OJHHu2ambZAvdrvhdT2b,I Found a Reason - 2015 Remaster,The Velvet Underground,Loaded,2343580,,,,,<urlopen error [SSL: CERTIFICATE_VERIFY_FAILED] certificate verify failed: unabl
spotify:track:5etssK2rpk4SnHWWD1Q6xn,Amor Clandestino,Maná,Drama Y Luz,2342178,,,,,<urlopen error [SSL: CERTIFICATE_VERIFY_FAILED] certificate verify failed: unabl
spotify:track:2a1iMaoWQ5MnvLFBDv4qkf,High and Dry,Radiohead,The Bends,2341808,,,,,<urlopen error [SSL: CERTIFICATE_VERIFY_FAILED] certificate verify failed: unabl
spotify:track:03ePSz6tfbcASkRenhvfoW,Money Game,Ren,Money Game,2341359,,,,,<urlopen error [SSL: CERTIFICATE_VERIFY_FAILED] certificate verify failed: unabl
spotify:track:7us3KHe5QHBbtva0VVtOy6,Te Acuerdas de Mi (Carta No. 2) - Acústico,Ricardo Arjona,Apague la Luz y Escuche,2336414,,,,,<urlopen error [SSL: CERTIFICATE_VERIFY_FAILED] certificate verify failed: unabl
spotify:track:1nlSo0HaQCF3OA52jihIq6,Anxiety Persists (A Verse Done Once),Rav,B-Sides Vol.3 (2011-2015),2335587,,,,,<urlopen error [SSL: CERTIFICATE_VERIFY_FAILED] certificate verify failed: unabl
spotify:track:7lQyUSFLyCa8o4rBxsUNPU,top gun,bbno$,bag or die,2333462,,,,,<urlopen error [SSL: CERTIFICATE_VERIFY_FAILED] certificate verify failed: unabl
spotify:track:7eGuPhpdS8sBjPJNuAShUX,What Is This Feeling?,Ariana Grande,Wicked: The Soundtrack,2326368,,,,,<urlopen error [SSL: CERTIFICATE_VERIFY_FAILED] certificate verify failed: unabl
spotify:track:6jypaMkKsoc5npsVzxhksl,Fertilizer,Frank Ocean,channel ORANGE,2322770,,,,,<urlopen error [SSL: CERTIFICATE_VERIFY_FAILED] certificate verify failed: unabl
spotify:track:5kkOHHTccylnkYxDRgDWMs,"Sorry, I Love You",Stray Kids,NOEASY,2321845,,,,,<urlopen error [SSL: CERTIFICATE_VERIFY_FAILED] certificate verify failed: unabl
spotify:track:7ebaLVYxRUfzfEErE49uVQ,Saintlike,Jakey,Saintlike,2319335,,,,,<urlopen error [SSL: CERTIFICATE_VERIFY_FAILED] certificate verify failed: unabl
spotify:track:5COXzddFkxwPdVOcMe84fX,"His Kiss, the Riot",Patrick Page,Hadestown (Original Broadway Cast Recording),2317541,,,,,<urlopen error [SSL: CERTIFICATE_VERIFY_FAILED] certificate verify failed: unabl
spotify:track:62nQ8UZVqR2RMvkJHkcO2o,Jeremy,Pearl Jam,Ten,2317331,,,,,<urlopen error [SSL: CERTIFICATE_VERIFY_FAILED] certificate verify failed: unabl
spotify:track:1lRjyTDHAHg5vpAufAuKK6,Hurts to Be You,Okey Dokey,"Love You, Mean It",2317219,,,,,<urlopen error [SSL: CERTIFICATE_VERIFY_FAILED] certificate verify failed: unabl
spotify:track:0HMCdlOPJkAGlB0MlSWIcO,I Am A God,Kanye West,Yeezus,2314708,,,,,<urlopen error [SSL: CERTIFICATE_VERIFY_FAILED] certificate verify failed: unabl
spotify:track:0jk6J6B9ivegJc7dTg10Mp,Let Me Down,Oliver Tree,Ugly is Beautiful,2314273,,,,,<urlopen error [SSL: CERTIFICATE_VERIFY_FAILED] certificate verify failed: unabl
spotify:track:6bye6XG83KsNKmXWTYwNwG,100 EMOJI! - INSTRUMENTAL,JPEGMAFIA,OFFLINE!,2313236,,,,,<urlopen error [SSL: CERTIFICATE_VERIFY_FAILED] certificate verify failed: unabl
spotify:track:2UmTGzKwD6pR2lYnaOLQ3j,Cosmic Freeway,Yeek,Sebastian,2309788,,,,,<urlopen error [SSL: CERTIFICATE_VERIFY_FAILED] certificate verify failed: unabl
spotify:track:34jYdKass63B8LM94KoHQi,i see london i see france,bbno$,bag or die,2309090,,,,,<urlopen error [SSL: CERTIFICATE_VERIFY_FAILED] certificate verify failed: unabl
spotify:track:56Vk4WrIrTr3Jg7hReNZVb,Happy Birthday,"Black Country, New Road",Forever Howlong,2306464,,,,,<urlopen error [SSL: CERTIFICATE_VERIFY_FAILED] certificate verify failed: unabl
spotify:track:2wu3FXKgMR3zhAGVTT5MgZ,1999,Danny Brown,Stardust,2305945,,,,,<urlopen error [SSL: CERTIFICATE_VERIFY_FAILED] certificate verify failed: unabl
spotify:track:4E8OpetCY9kU4yPIH7xIzu,Flowers,Danny Brown,Stardust,2304344,,,,,<urlopen error [SSL: CERTIFICATE_VERIFY_FAILED] certificate verify failed: unabl
spotify:track:1v870eS7JuHSeBNBFsVz3b,Stone Cold Crazy - Remastered 2011,Queen,Sheer Heart Attack,2303073,,,,,<urlopen error [SSL: CERTIFICATE_VERIFY_FAILED] certificate verify failed: unabl
spotify:track:4KRp5U0iMDfaAgvGWKfwQn,S2N,Dream Theater,Distance Over Time,2302339,,,,,<urlopen error [SSL: CERTIFICATE_VERIFY_FAILED] certificate verify failed: unabl
spotify:track:66FbkukCI5pva9EbMvT0pV,Disasterology,Pierce The Veil,Selfish Machines,2300064,,,,,<urlopen error [SSL: CERTIFICATE_VERIFY_FAILED] certificate verify failed: unabl
spotify:track:7wXzljwZBPGr0JldWqxmPd,Silvermoon City,Russell Brower,World of Warcraft: The Burning Crusade Original Soundtrack,2298506,,,,,<urlopen error [SSL: CERTIFICATE_VERIFY_FAILED] certificate verify failed: unabl
spotify:track:2t0wwvR15fc3K1ey8OiOaN,Selfless,The Strokes,The New Abnormal,2296506,,,,,<urlopen error [SSL: CERTIFICATE_VERIFY_FAILED] certificate verify failed: unabl
spotify:track:19a3JfW8BQwqHWUMbcqSx8,Famous,Kanye West,The Life Of Pablo,2296188,,,,,<urlopen error [SSL: CERTIFICATE_VERIFY_FAILED] certificate verify failed: unabl
spotify:track:3HfEgAaf0koxBpBB8NvGda,When You Sleep,my bloody valentine,Loveless,2295624,,,,,<urlopen error [SSL: CERTIFICATE_VERIFY_FAILED] certificate verify failed: unabl
spotify:track:7fHoIcqmjrcpPYvv1iaZk1,"Money Game, Pt. 2",Ren,"Demos (Do Not Share), Vol 1",2295358,,,,,<urlopen error [SSL: CERTIFICATE_VERIFY_FAILED] certificate verify failed: unabl
spotify:track:45ayOApOM2oteP8yhbQcOm,流れ星 〜Shooting Star〜,Home Made Kazoku,家宝 〜THE BEST OF HOME MADE 家族〜,2295090,,,,,<urlopen error [SSL: CERTIFICATE_VERIFY_FAILED] certificate verify failed: unabl
spotify:track:3Dah48XTdzVtbIl4dUn6l4,Get A Guitar,RIIZE,Get A Guitar,2294490,,,,,<urlopen error [SSL: CERTIFICATE_VERIFY_FAILED] certificate verify failed: unabl
spotify:track:1NdRVNWtf4EtkqxplMAWbL,The Wrath Gate,Russell Brower,World of Warcraft: Wrath of the Lich King Original Soundtrack,2294215,,,,,<urlopen error [SSL: CERTIFICATE_VERIFY_FAILED] certificate verify failed: unabl
spotify:track:3NTaEHQg5iVrRRNWlnK4RY,Eres Mi Religión,Maná,Revolución De Amor,2293200,,,,,<urlopen error [SSL: CERTIFICATE_VERIFY_FAILED] certificate verify failed: unabl
spotify:track:186NCtNk1tUYS7c2DxgJ7O,Christmas Tree,V,"Our Beloved Summer (Original Television Soundtrack), Pt. 5",2292550,,,,,<urlopen error [SSL: CERTIFICATE_VERIFY_FAILED] certificate verify failed: unabl
spotify:track:2OCJ0ZZW75wPcMyUI9l1Lb,4 Better Or 4 Worse (Interlude),The Pharcyde,Bizarre Ride II The Pharcyde,2287431,,,,,<urlopen error [SSL: CERTIFICATE_VERIFY_FAILED] certificate verify failed: unabl
spotify:track:5eyTC5GZzpzlN7YRO9AoPf,The View From The Afternoon,Arctic Monkeys,"Whatever People Say I Am, That's What I'm Not",2284048,,,,,<urlopen error [SSL: CERTIFICATE_VERIFY_FAILED] certificate verify failed: unabl
spotify:track:7seCWy9HQCSCftyR4wj2IN,The Culling,Glenn Stafford,World of Warcraft: Wrath of the Lich King Original Soundtrack,2282501,,,,,<urlopen error [SSL: CERTIFICATE_VERIFY_FAILED] certificate verify failed: unabl
spotify:track:4BOOsIe7Zx3SKJAEXgt1YH,Township Rebellion,Rage Against The Machine,Rage Against The Machine - XX (20th Anniversary Special Edition),2280297,,,,,<urlopen error [SSL: CERTIFICATE_VERIFY_FAILED] certificate verify failed: unabl
spotify:track:4caKym1Gd3yZNji1VJhxXk,Another Reincarnation,Psychedelic Porn Crumpets,"Carpe Diem, Moonman",2277135,,,,,<urlopen error [SSL: CERTIFICATE_VERIFY_FAILED] certificate verify failed: unabl
spotify:track:1hHn2SG7j8Ux61wWiUcXPq,Oh No!!!,grandson,Oh No!!!,2276552,,,,,<urlopen error [SSL: CERTIFICATE_VERIFY_FAILED] certificate verify failed: unabl
spotify:track:2lD6AoA8qf2t4Dkf2TcmNK,Rigamortus,Kendrick Lamar,Section.80,2275268,,,,,<urlopen error [SSL: CERTIFICATE_VERIFY_FAILED] certificate verify failed: unabl
spotify:track:1QhF4HWFQ3YFzFOuWUpDP0,As we are (Seungmin),Stray Kids,HOP,2274842,,,,,<urlopen error [SSL: CERTIFICATE_VERIFY_FAILED] certificate verify failed: unabl
spotify:track:7MuZHnNrVStFlsVFrPETD6,Sugar Cube White Noise,The Clear Mind,Sugar Cube White Noise,2274370,,,,,<urlopen error [SSL: CERTIFICATE_VERIFY_FAILED] certificate verify failed: unabl
spotify:track:0HnmELJYOBPFXdw1lAVlPG,I don’t wanna lose,SUNGJIN,30,2271818,,,,,<urlopen error [SSL: CERTIFICATE_VERIFY_FAILED] certificate verify failed: unabl
spotify:track:6cx5CvFhqN19efStehJqoW,Valentine,Laufey,Everything I Know About Love,2269245,,,,,<urlopen error [SSL: CERTIFICATE_VERIFY_FAILED] certificate verify failed: unabl
spotify:track:2Yv2mHzr5AQavVdwQjEokV,Hand Me Downs,Mac Miller,Circles,2269213,,,,,<urlopen error [SSL: CERTIFICATE_VERIFY_FAILED] certificate verify failed: unabl
spotify:track:11zf7m4vw9Ze7cer9Nyhk1,Pleaser,Wallows,Pleaser,2263997,,,,,<urlopen error [SSL: CERTIFICATE_VERIFY_FAILED] certificate verify failed: unabl
spotify:track:5K8bwpzEVNfZYNKdqvQMeB,Out There,Patrick Page,The Hunchback of Notre Dame,2263899,,,,,<urlopen error [SSL: CERTIFICATE_VERIFY_FAILED] certificate verify failed: unabl
spotify:track:5vDImXyLguoCbkYASPf4xQ,Before You Accuse Me,Creedence Clearwater Revival,Cosmo's Factory,2261910,,,,,<urlopen error [SSL: CERTIFICATE_VERIFY_FAILED] certificate verify failed: unabl
spotify:track:4JYJU761kWJEK91hyug33F,Tree Among Shrubs,Men I Trust,Untourable Album,2261672,,,,,<urlopen error [SSL: CERTIFICATE_VERIFY_FAILED] certificate verify failed: unabl
spotify:track:7AaET28qSzlkFBcySHh4ES,Keisha's Song (Her Pain) (feat. Ashtro Bot),Kendrick Lamar,Section.80,2259112,,,,,<urlopen error [SSL: CERTIFICATE_VERIFY_FAILED] certificate verify failed: unabl
spotify:track:6knOYaP7PnWcagDw3YX3Ty,ACHOO!,Sugs,ACHOO!,2254229,,,,,<urlopen error [SSL: CERTIFICATE_VERIFY_FAILED] certificate verify failed: unabl
spotify:track:139RwLyp7r8F9ojvhGF5lC,The Number of the Beast - 2015 Remaster,Iron Maiden,The Number of the Beast,2253559,,,,,<urlopen error [SSL: CERTIFICATE_VERIFY_FAILED] certificate verify failed: unabl
spotify:track:0sd6BRTa0O96tfEbFGhJF9,"Sing About Me, I'm Dying Of Thirst",Kendrick Lamar,"good kid, m.A.A.d city",2250833,,,,,<urlopen error [SSL: CERTIFICATE_VERIFY_FAILED] certificate verify failed: unabl
spotify:track:7zFXmv6vqI4qOt4yGf3jYZ,Get You (feat. Kali Uchis),Daniel Caesar,Freudian,2248706,,,,,<urlopen error [SSL: CERTIFICATE_VERIFY_FAILED] certificate verify failed: unabl
spotify:track:7oL1sY13RGTOg8PNB465Pf,Blessings of the Aspects,Glenn Stafford,World of Warcraft: Dragonflight,2244468,,,,,<urlopen error [SSL: CERTIFICATE_VERIFY_FAILED] certificate verify failed: unabl
spotify:track:39ZVkOVxjG8ypNdUSVNkxU,Mr. Forgettable,David Kushner,Mr. Forgettable,2244316,,,,,<urlopen error [SSL: CERTIFICATE_VERIFY_FAILED] certificate verify failed: unabl
spotify:track:5R3yNEINschb3zK3go7GmY,Azsuna,Russell Brower,World of Warcraft: Legion (Original Game Soundtrack),2242030,,,,,<urlopen error [SSL: CERTIFICATE_VERIFY_FAILED] certificate verify failed: unabl
spotify:track:2rnX4QWY4Wc1TCAZ0wK6yP,"Colors of the Wind - From ""Pocahontas""",Judy Kuhn,Songs and Story: Pocahontas,2240932,,,,,<urlopen error [SSL: CERTIFICATE_VERIFY_FAILED] certificate verify failed: unabl
spotify:track:7B8BU9kWRWUVSppWQGdgiz,"IT's You (YEOSANG, SAN, WOOYOUNG)",ATEEZ,THE WORLD EP.FIN : WILL,2240650,,,,,<urlopen error [SSL: CERTIFICATE_VERIFY_FAILED] certificate verify failed: unabl
spotify:track:5SXM4OsHpWqgNUfvZRI2m6,Somniphobia,Afourteen,Somniphobia,2238634,,,,,<urlopen error [SSL: CERTIFICATE_VERIFY_FAILED] certificate verify failed: unabl
spotify:track:5WpQkpPpv3gyOMPVcR5zTy,Nightmares,NewDad,MADRA,2234373,,,,,<urlopen error [SSL: CERTIFICATE_VERIFY_FAILED] certificate verify failed: unabl
spotify:track:4ctaQ9Hx52rdvoPmUefvy9,Felwood,Derek Duke,World of Warcraft Original Soundtrack,2231333,,,,,<urlopen error [SSL: CERTIFICATE_VERIFY_FAILED] certificate verify failed: unabl
spotify:track:4fvneyc3bVlvzUuvKU6MpM,Weather,Freddie Dredd,Weather,2229210,,,,,<urlopen error [SSL: CERTIFICATE_VERIFY_FAILED] certificate verify failed: unabl
spotify:track:2Hvak6OlUkOgk9UR6Om3Lt,Gold and Bones,Friday Pilots Club,Gold and Bones,2229000,,,,,<urlopen error [SSL: CERTIFICATE_VERIFY_FAILED] certificate verify failed: unabl
spotify:track:5u2FOoFhp495GIj5BJC77J,Hold On Till May,Pierce The Veil,Collide With The Sky,2228688,,,,,<urlopen error [SSL: CERTIFICATE_VERIFY_FAILED] certificate verify failed: unabl
spotify:track:6DdUdoY5zUxt9NdGBbX374,Sun and The Moon,Freddie Sunshine,Sun and The Moon,2227299,,,,,<urlopen error [SSL: CERTIFICATE_VERIFY_FAILED] certificate verify failed: unabl
spotify:track:0Hj4YtlD0Q5O0srdZxJUtl,Gold Dust,NCT 127,2 Baddies - The 4th Album,2226532,,,,,<urlopen error [SSL: CERTIFICATE_VERIFY_FAILED] certificate verify failed: unabl
spotify:track:7jzaMOFF9zCu3cPcAREvRe,"Dixit Dominus, HWV 232: Dixit Dominus",George Frideric Handel,Vivaldi: Gloria / Handel: Dixit Dominus,2225110,,,,,<urlopen error [SSL: CERTIFICATE_VERIFY_FAILED] certificate verify failed: unabl
spotify:track:1Xn5n1PU6LDQslhnvSPwG3,Guerra Lenta,Caramelos De Cianuro,Flor De Fuego,2224562,,,,,<urlopen error [SSL: CERTIFICATE_VERIFY_FAILED] certificate verify failed: unabl
spotify:track:4lAE47gj539h8R1yxPhhGG,Airplane pt.2,BTS,Love Yourself 轉 'Tear',2222903,,,,,<urlopen error [SSL: CERTIFICATE_VERIFY_FAILED] certificate verify failed: unabl
spotify:track:5iYc7mKT0X0ghTEqOmnCcm,02 MURCI,Cemetery Drive,02 MURCI,2220532,,,,,<urlopen error [SSL: CERTIFICATE_VERIFY_FAILED] certificate verify failed: unabl
spotify:track:4RopFgGSZ3zcQqcb4PTvJA,Nightsong,Neal Acree,World of Warcraft: Cataclysm Original Soundtrack,2220382,,,,,<urlopen error [SSL: CERTIFICATE_VERIFY_FAILED] certificate verify failed: unabl
spotify:track:1jDJFeK9x3OZboIAHsY9k2,I'm Still Standing,Elton John,Too Low For Zero,2219677,,,,,<urlopen error [SSL: CERTIFICATE_VERIFY_FAILED] certificate verify failed: unabl
spotify:track:5aaXqH8rgKZxg61HjECldi,No Time for Caution,Hans Zimmer,Interstellar (Original Motion Picture Soundtrack),2216439,,,,,<urlopen error [SSL: CERTIFICATE_VERIFY_FAILED] certificate verify failed: unabl
spotify:track:2RognU2ViRdA6HxnpAITJl,Mariposa tecknicolor,Fito Paez,Circo Beat,2216005,,,,,<urlopen error [SSL: CERTIFICATE_VERIFY_FAILED] certificate verify failed: unabl
spotify:track:4b0mX1GtrQLiUW9jpb6Xcx,Play The Game - Remastered 2011,Queen,The Game,2215469,,,,,<urlopen error [SSL: CERTIFICATE_VERIFY_FAILED] certificate verify failed: unabl
spotify:track:1SC5rEoYDGUK4NfG82494W,MONTERO (Call Me By Your Name),Lil Nas X,MONTERO,2214296,,,,,<urlopen error [SSL: CERTIFICATE_VERIFY_FAILED] certificate verify failed: unabl
spotify:track:2gCfmy7yKAAPYymXZzOp13,Stormwind,Jason Hayes,World of Warcraft Original Soundtrack,2213932,,,,,<urlopen error [SSL: CERTIFICATE_VERIFY_FAILED] certificate verify failed: unabl
spotify:track:1ebh1wrBHO5JIRS4i95vR0,Southern Constellations,Pierce The Veil,Selfish Machines,2213274,,,,,<urlopen error [SSL: CERTIFICATE_VERIFY_FAILED] certificate verify failed: unabl
spotify:track:35k31HZI4z9PbBOioaI4dZ,Working for the Weekend,Loverboy,Get Lucky,2210000,,,,,<urlopen error [SSL: CERTIFICATE_VERIFY_FAILED] certificate verify failed: unabl
spotify:track:5Fhr3wqeieN5WDkAsqL1JJ,MONA LISA,j-hope,MONA LISA,2208611,,,,,<urlopen error [SSL: CERTIFICATE_VERIFY_FAILED] certificate verify failed: unabl
spotify:track:6DunV48Vct8MuSIyzpmQkm,new bladee album is kina cool i guess :3,User-177606669,"Despite Everything, It's Still User",2206969,,,,,<urlopen error [SSL: CERTIFICATE_VERIFY_FAILED] certificate verify failed: unabl
spotify:track:2X91kBCCazFno2pVWVbcbs,Out the Universe Pours,Psychedelic Porn Crumpets,"Carpe Diem, Moonman",2198816,,,,,<urlopen error [SSL: CERTIFICATE_VERIFY_FAILED] certificate verify failed: unabl
spotify:track:3NVskN6estUcP26ZaMcMMu,Tasty,NCT 127,2 Baddies - The 4th Album,2197487,,,,,<urlopen error [SSL: CERTIFICATE_VERIFY_FAILED] certificate verify failed: unabl
spotify:track:3i8fIJNV0yuC4kXT3SkVBZ,Popular,Ariana Grande,Wicked: The Soundtrack,2195857,,,,,<urlopen error [SSL: CERTIFICATE_VERIFY_FAILED] certificate verify failed: unabl
spotify:track:7KBoQnlle2lUerygFSk0iJ,Panacea,Disasterpeace,Hyper Light Drifter,2185638,,,,,<urlopen error [SSL: CERTIFICATE_VERIFY_FAILED] certificate verify failed: unabl
spotify:track:1ora7jNRx7tv7yjANfGu1u,Skypager,A Tribe Called Quest,The Low End Theory,2182457,,,,,<urlopen error [SSL: CERTIFICATE_VERIFY_FAILED] certificate verify failed: unabl
spotify:track:5Bi4oXjxJakV2dHvTzQGks,Jameson,Tha Ynoe,Tapebaby,2177657,,,,,<urlopen error [SSL: CERTIFICATE_VERIFY_FAILED] certificate verify failed: unabl
spotify:track:4OZXz0xNDrcqWDhHOkJ3Or,Echoes of the Past,Jason Hayes,World of Warcraft Original Soundtrack,2176225,,,,,<urlopen error [SSL: CERTIFICATE_VERIFY_FAILED] certificate verify failed: unabl
spotify:track:5pW81qgE6eZXbmZLPCalRc,Ancestors,Russell Brower,World of Warcraft: Warlords of Draenor Original Game Soundtrack,2176119,,,,,<urlopen error [SSL: CERTIFICATE_VERIFY_FAILED] certificate verify failed: unabl
spotify:track:42fW2Lfy4lDCc83okUTTne,Lately It Feels Alright,Kid Bloom,Lately It Feels Alright,2174519,,,,,<urlopen error [SSL: CERTIFICATE_VERIFY_FAILED] certificate verify failed: unabl
spotify:track:2moMdZAnPvsDXbOY5m9fHf,Forest,Takeshi Furukawa,The Last Guardian Soundtrack,2174483,,,,,<urlopen error [SSL: CERTIFICATE_VERIFY_FAILED] certificate verify failed: unabl
spotify:track:7kb6IV0z8Nd7vejSdAq0YN,Stop The Rain (TABLO X RM),TABLO,Stop The Rain (TABLO X RM),2174282,,,,,<urlopen error [SSL: CERTIFICATE_VERIFY_FAILED] certificate verify failed: unabl
spotify:track:7f1UEGMBMuXfLBP5XANfrW,The Hop,A Tribe Called Quest,"Beats, Rhymes & Life",2169919,,,,,<urlopen error [SSL: CERTIFICATE_VERIFY_FAILED] certificate verify failed: unabl
spotify:track:1JKCff2FuT5yw6bTbCuAgF,dof 4,User-177606669,"Despite Everything, It's Still User",2169099,,,,,<urlopen error [SSL: CERTIFICATE_VERIFY_FAILED] certificate verify failed: unabl
spotify:track:0uBp4ZtP5GQckfb50AATkf,Tang,VHS,Outtakes,2166624,,,,,<urlopen error [SSL: CERTIFICATE_VERIFY_FAILED] certificate verify failed: unabl
spotify:track:6DIMM15oo3kxnCuVypaYGy,Give Up Baby Go,Peach Pit,From 2 to 3,2165096,,,,,<urlopen error [SSL: CERTIFICATE_VERIFY_FAILED] certificate verify failed: unabl
spotify:track:3W9Ha6SOoywi8JLFJocMma,Worm Is Gonna Turn,Rare Americans,Worm Is Gonna Turn,2161824,,,,,<urlopen error [SSL: CERTIFICATE_VERIFY_FAILED] certificate verify failed: unabl
spotify:track:3wNNbf63xkxw9rIVWtFy7a,Stand Up (From Harriet),Cynthia Erivo,Stand Up (From Harriet),2160185,,,,,<urlopen error [SSL: CERTIFICATE_VERIFY_FAILED] certificate verify failed: unabl
spotify:track:2b2zC8luHg4jzAiMa1kSNw,Widower - Remastered,Make Them Suffer,Neverbloom,2158656,,,,,<urlopen error [SSL: CERTIFICATE_VERIFY_FAILED] certificate verify failed: unabl
spotify:track:7vPHiwgCOAjSBRjAirbMvS,"Sea, Swallow Me",Cocteau Twins,The Moon and the Melodies,2154009,,,,,<urlopen error [SSL: CERTIFICATE_VERIFY_FAILED] certificate verify failed: unabl
spotify:track:3cVKy8GOboRUtsIFgeYU9J,The Big Spin,"Black Country, New Road",Forever Howlong,2152817,,,,,<urlopen error [SSL: CERTIFICATE_VERIFY_FAILED] certificate verify failed: unabl
spotify:track:1V1btvvh0M47BWClDsiCqZ,Sector 1,ATEEZ,THE WORLD EP.1 : MOVEMENT,2152786,,,,,<urlopen error [SSL: CERTIFICATE_VERIFY_FAILED] certificate verify failed: unabl
spotify:track:3vPKllzxDpVQ0AbcZSnrX3,Rise of the Vrykul,Russell Brower,World of Warcraft: Wrath of the Lich King Original Soundtrack,2149361,,,,,<urlopen error [SSL: CERTIFICATE_VERIFY_FAILED] certificate verify failed: unabl
spotify:track:1TJW8qCQvETsN3IKxX67az,Relentless,Russell Brower,World of Warcraft: Legion (Original Game Soundtrack),2148597,,,,,<urlopen error [SSL: CERTIFICATE_VERIFY_FAILED] certificate verify failed: unabl
spotify:track:50xwQXPtfNZFKFeZ0XePWc,Yellow Submarine - Remastered 2009,The Beatles,Revolver,2148491,,,,,<urlopen error [SSL: CERTIFICATE_VERIFY_FAILED] certificate verify failed: unabl
spotify:track:722tgOgdIbNe3BEyLnejw4,Black Skinhead,Kanye West,Yeezus,2147347,,,,,<urlopen error [SSL: CERTIFICATE_VERIFY_FAILED] certificate verify failed: unabl
spotify:track:30Tn4kOvy73lYzp4mMFIKH,Anthropocene,Samsa,Anthropocene,2145324,,,,,<urlopen error [SSL: CERTIFICATE_VERIFY_FAILED] certificate verify failed: unabl
spotify:track:56VS2yP2aoYtKYUzoqImNQ,Caverns of Time - Opening of the Dark Portal,Derek Duke,World of Warcraft: The Burning Crusade Original Soundtrack,2145157,,,,,<urlopen error [SSL: CERTIFICATE_VERIFY_FAILED] certificate verify failed: unabl
spotify:track:45xU99QgWETDFGhgivpYce,Te Vi Venir,Sin Bandera,Hasta Ahora,2143862,,,,,<urlopen error [SSL: CERTIFICATE_VERIFY_FAILED] certificate verify failed: unabl
spotify:track:1wYIv0ySOwjMFWLOtrgtbo,III. Urn,Childish Gambino,Because the Internet,2142837,,,,,<urlopen error [SSL: CERTIFICATE_VERIFY_FAILED] certificate verify failed: unabl
spotify:track:6fWQJ2AYmHkfYbPgoYOZmT,Porcelain,Courtney Barnett,The Double EP: A Sea of Split Peas,2141150,,,,,<urlopen error [SSL: CERTIFICATE_VERIFY_FAILED] certificate verify failed: unabl
spotify:track:758wAlvPHZNJR3xg8ryaGX,RIGHT FROM WRONG,Danny Brown,Stardust,2136319,,,,,<urlopen error [SSL: CERTIFICATE_VERIFY_FAILED] certificate verify failed: unabl
spotify:track:1VAr5YFV3UF3eWmbhYQMqF,The Moth,Death Angel,The Evil Divide,2136025,,,,,<urlopen error [SSL: CERTIFICATE_VERIFY_FAILED] certificate verify failed: unabl
spotify:track:5OEFDVfpo5o2FLQv6NVnAk,The Chariot Jubilee,Robert Nathaniel Dett,The Aeolians,2135369,,,,,<urlopen error [SSL: CERTIFICATE_VERIFY_FAILED] certificate verify failed: unabl
spotify:track:7e89621JPkKaeDSTQ3avtg,Sweet Home Alabama,Lynyrd Skynyrd,Second Helping,2135099,,,,,<urlopen error [SSL: CERTIFICATE_VERIFY_FAILED] certificate verify failed: unabl
spotify:track:0WajUW5XINeraP2w0F3F8E,Don,Miranda!,El Templo del Pop,2134635,,,,,<urlopen error [SSL: CERTIFICATE_VERIFY_FAILED] certificate verify failed: unabl
spotify:track:1LKTWCC6p1RcznFdZfYbY5,Congenial Man,Okey Dokey,"Love You, Mean It",2132471,,,,,<urlopen error [SSL: CERTIFICATE_VERIFY_FAILED] certificate verify failed: unabl
spotify:track:2EGRE8lyfRRGuq7spra3eR,Our dawn is hotter than day,SEVENTEEN,SEVENTEEN 5th Mini Album 'YOU MAKE MY DAY',2130884,,,,,<urlopen error [SSL: CERTIFICATE_VERIFY_FAILED] certificate verify failed: unabl
spotify:track:5TuTVHG3mA5NoPyFsRck00,Legacy (YEOSANG),ATEEZ,GOLDEN HOUR : Part.3 'In Your Fantasy Edition',2130351,,,,,<urlopen error [SSL: CERTIFICATE_VERIFY_FAILED] certificate verify failed: unabl
spotify:track:5sSv2lotkWeHZ9YSTQrdbf,Youtiful,Stray Kids,5-STAR,2126587,,,,,<urlopen error [SSL: CERTIFICATE_VERIFY_FAILED] certificate verify failed: unabl
spotify:track:3CTW8Hq0xgKBErkRMxiWOb,MONSTER,BOY STORY,I=U=WE:U,2124237,,,,,<urlopen error [SSL: CERTIFICATE_VERIFY_FAILED] certificate verify failed: unabl
spotify:track:1B960zmIFgde0TflN2q8Au,Haven,Stray Kids,GO LIVE,2119716,,,,,<urlopen error [SSL: CERTIFICATE_VERIFY_FAILED] certificate verify failed: unabl
spotify:track:4r00VRDNW8T5MPKkTKPawJ,Scapegoat,Psychedelic Porn Crumpets,"Carpe Diem, Moonman",2119347,,,,,<urlopen error [SSL: CERTIFICATE_VERIFY_FAILED] certificate verify failed: unabl
spotify:track:3r8RuvgbX9s7ammBn07D3W,Ditto,NewJeans,Ditto,2117805,,,,,<urlopen error [SSL: CERTIFICATE_VERIFY_FAILED] certificate verify failed: unabl
spotify:track:0mvocLIWUnT10znvIXwHGr,En El Muelle de San Blas,Maná,Sueños Líquidos,2117138,,,,,<urlopen error [SSL: CERTIFICATE_VERIFY_FAILED] certificate verify failed: unabl
spotify:track:4TEp6rWuEROYfYOjQFyNPs,Let Go For Love,Rare Americans,Let Go For Love,2116437,,,,,<urlopen error [SSL: CERTIFICATE_VERIFY_FAILED] certificate verify failed: unabl
spotify:track:6oWXWkwHKREYlBNuBCitFP,Teenage Blue,Dreamgirl,Illuminaughty,2115819,,,,,<urlopen error [SSL: CERTIFICATE_VERIFY_FAILED] certificate verify failed: unabl
spotify:track:4VaL54I6TlzghRTzOhfr7L,Ab-Souls Outro (feat. Ab-Soul),Kendrick Lamar,Section.80,2114542,,,,,<urlopen error [SSL: CERTIFICATE_VERIFY_FAILED] certificate verify failed: unabl
spotify:track:4WGRWrnAAKC78oJsJQFCkY,Ironforge,Glenn Stafford,World of Warcraft Original Soundtrack,2112975,,,,,<urlopen error [SSL: CERTIFICATE_VERIFY_FAILED] certificate verify failed: unabl
spotify:track:5elW2CKSoqjYoJ32AGDxf1,Polaroid Love,ENHYPEN,DIMENSION : ANSWER,2112796,,,,,<urlopen error [SSL: CERTIFICATE_VERIFY_FAILED] certificate verify failed: unabl
spotify:track:0VjIjW4GlUZAMYd2vXMi3b,Blinding Lights,The Weeknd,After Hours,2109596,,,,,<urlopen error [SSL: CERTIFICATE_VERIFY_FAILED] certificate verify failed: unabl
spotify:track:5p5qzlBJrP2hLktva7LB5b,Going Hozen,Russell Brower,World of Warcraft: Mists of Pandaria Soundtrack,2107708,,,,,<urlopen error [SSL: CERTIFICATE_VERIFY_FAILED] certificate verify failed: unabl
spotify:track:4H7WNRErSbONkM06blBoGc,Stay,Post Malone,beerbongs & bentleys,2106340,,,,,<urlopen error [SSL: CERTIFICATE_VERIFY_FAILED] certificate verify failed: unabl
spotify:track:39791NeU0hDgNXrnKPf3QP,Riverbends,Jake Lefkowitz,World of Warcraft: Dragonflight,2105081,,,,,<urlopen error [SSL: CERTIFICATE_VERIFY_FAILED] certificate verify failed: unabl
spotify:track:6T4o4xEh61CpgM9v4jG5DJ,"3RACHA (Bang Chan, Changbin, HAN)",Stray Kids,MAXIDENT,2102378,,,,,<urlopen error [SSL: CERTIFICATE_VERIFY_FAILED] certificate verify failed: unabl
spotify:track:4fSar1liXyxCK3lOcWHUE1,Creo en Mi,Natalia Jiménez,Creo en Mi,2101518,,,,,<urlopen error [SSL: CERTIFICATE_VERIFY_FAILED] certificate verify failed: unabl
spotify:track:05lNdqc6FhcsxCfS8lJzyE,Seamus,Pink Floyd,Meddle,2083131,,,,,<urlopen error [SSL: CERTIFICATE_VERIFY_FAILED] certificate verify failed: unabl
spotify:track:3ykvobAQxQ5VlcDOMKXI4M,i won't run,Keanu Bicol,i won't run,2082567,,,,,<urlopen error [SSL: CERTIFICATE_VERIFY_FAILED] certificate verify failed: unabl
spotify:track:5519RhpzObr9Mn3iqoeodJ,Come and Get Your Love,Redbone,The Essential Redbone,2076895,,,,,<urlopen error [SSL: CERTIFICATE_VERIFY_FAILED] certificate verify failed: unabl
spotify:track:1Kv0G4eKjJ4ysGRXlHvQCm,Song of the Stars,TOMORROW X TOGETHER,The Star Chapter: TOGETHER,2076378,,,,,<urlopen error [SSL: CERTIFICATE_VERIFY_FAILED] certificate verify failed: unabl
spotify:track:3FYDQbIBLGEo3vOt65CSvc,Double Knot,Stray Kids,Clé : LEVANTER,2075851,,,,,<urlopen error [SSL: CERTIFICATE_VERIFY_FAILED] certificate verify failed: unabl
spotify:track:0UjlxjOkmfNTClhxrfQbxT,Ojalá Pudiera Borrarte,Maná,Amar Es Combatir,2074313,,,,,<urlopen error [SSL: CERTIFICATE_VERIFY_FAILED] certificate verify failed: unabl
spotify:track:4fDXIANSPZ5TyyIeiTPbD9,Human,Civil Twilight,Civil Twilight,2073888,,,,,<urlopen error [SSL: CERTIFICATE_VERIFY_FAILED] certificate verify failed: unabl
spotify:track:6z9vNQEWDkAmAKTNi1ulDZ,Walking Beside a Dragonfly,Vylet Pony,Love & Ponystep,2064851,,,,,<urlopen error [SSL: CERTIFICATE_VERIFY_FAILED] certificate verify failed: unabl
spotify:track:5FyYyTIwKv4JWRPfLZ2TOS,The First Punch,Pierce The Veil,Collide With The Sky,2064028,,,,,<urlopen error [SSL: CERTIFICATE_VERIFY_FAILED] certificate verify failed: unabl
spotify:track:35xV2xORjVjbyBHcdUcUqR,Skully Black,Sugs,Skully Black,2060370,,,,,<urlopen error [SSL: CERTIFICATE_VERIFY_FAILED] certificate verify failed: unabl
spotify:track:5f4Rad0XPGhKfMKbSrLBTS,I Didn't Realize How Empty My Bed Was Until You Left,Roderick Porter,I Didn't Realize How Empty My Bed Was Until You Left,2060105,,,,,<urlopen error [SSL: CERTIFICATE_VERIFY_FAILED] certificate verify failed: unabl
spotify:track:4ExR43GqMe2KwWM3VPGUmO,He Is,Ghost,Meliora,2059218,,,,,<urlopen error [SSL: CERTIFICATE_VERIFY_FAILED] certificate verify failed: unabl
spotify:track:3RflU6XdclibViyZ50ZQts,Plastic Heart,Fame on Fire,Welcome to the Chaos,2058354,,,,,<urlopen error [SSL: CERTIFICATE_VERIFY_FAILED] certificate verify failed: unabl
spotify:track:2a2zgdl4kGr8ScQ30HRA09,Dream with Me - Remastered 2016,Stratovarius,Destiny (Reissue 2016),2057673,,,,,<urlopen error [SSL: CERTIFICATE_VERIFY_FAILED] certificate verify failed: unabl
spotify:track:3SkGVKPF96xSkJpTSX2D1m,Terre Sainte,Kakou,Terre Sainte,2055304,,,,,<urlopen error [SSL: CERTIFICATE_VERIFY_FAILED] certificate verify failed: unabl
spotify:track:4GhBmjiomCDOZbLq4j2MKs,People and Their Bits,Shoe,Sdaasloi,2053444,,,,,<urlopen error [SSL: CERTIFICATE_VERIFY_FAILED] certificate verify failed: unabl
spotify:track:469hGcjGxAt3gctyiQzo5s,Seasons of War (Intro Movie),Jason Hayes,World of Warcraft Original Soundtrack,2051587,,,,,<urlopen error [SSL: CERTIFICATE_VERIFY_FAILED] certificate verify failed: unabl
spotify:track:0CSZ1DMvRZH0WLB5V0WSom,MX,Deftones,Around the Fur,2049980,,,,,<urlopen error [SSL: CERTIFICATE_VERIFY_FAILED] certificate verify failed: unabl
spotify:track:25uVLrUrzXnqjDHoyX3bCY,"Toking, Dozing",Feng Suave,"Toking, Dozing",2047303,,,,,<urlopen error [SSL: CERTIFICATE_VERIFY_FAILED] certificate verify failed: unabl
spotify:track:4cAgkb0ifwn0FSHGXnr4F6,New Slaves,Kanye West,Yeezus,2045885,,,,,<urlopen error [SSL: CERTIFICATE_VERIFY_FAILED] certificate verify failed: unabl
spotify:track:1hgb3hxKtCpX4tI0hrP46K,Nomu,Good Kid,Nomu,2044055,,,,,<urlopen error [SSL: CERTIFICATE_VERIFY_FAILED] certificate verify failed: unabl
spotify:track:2MFuMYktgaprnfWQdgJ4tS,The Shaping of the World,Jason Hayes,World of Warcraft Original Soundtrack,2042596,,,,,<urlopen error [SSL: CERTIFICATE_VERIFY_FAILED] certificate verify failed: unabl
spotify:track:2vmMSzDmAPUOCgbN4Kq0SX,The August Celestials,Neal Acree,World of Warcraft: Mists of Pandaria Soundtrack,2042467,,,,,<urlopen error [SSL: CERTIFICATE_VERIFY_FAILED] certificate verify failed: unabl
spotify:track:3HwA3Oom84GNvdQg95PIyH,Delilah,Deca,The Way Through,2039019,,,,,<urlopen error [SSL: CERTIFICATE_VERIFY_FAILED] certificate verify failed: unabl
spotify:track:4vQzZ59en04oIAqutICXDf,Xaxas,Neal Acree,World of Warcraft: Cataclysm Original Soundtrack,2036789,,,,,<urlopen error [SSL: CERTIFICATE_VERIFY_FAILED] certificate verify failed: unabl
spotify:track:27iksNpaur1CcH0w8703by,Shinzo wo Sasageyo! - TV Size,Linked Horizon,Shinzo wo Sasageyo!,2036294,,,,,<urlopen error [SSL: CERTIFICATE_VERIFY_FAILED] certificate verify failed: unabl
spotify:track:0aUNIY0nITYfGH1ooJBRvR,Closer,JIHYO,ZONE,2035222,,,,,<urlopen error [SSL: CERTIFICATE_VERIFY_FAILED] certificate verify failed: unabl
spotify:track:48hFGDHfwxiN8zeTxiAD8T,Whatever The Case,Danny Brown,Stardust,2031133,,,,,<urlopen error [SSL: CERTIFICATE_VERIFY_FAILED] certificate verify failed: unabl
spotify:track:5aRZk9oWIYUB5alrTs8TTV,From Eden,Hozier,Hozier (Expanded Edition),2029296,,,,,<urlopen error [SSL: CERTIFICATE_VERIFY_FAILED] certificate verify failed: unabl
spotify:track:0PQK5efczMVIIjScPRZYH5,atlas,keshi,skeletons,2025319,,,,,<urlopen error [SSL: CERTIFICATE_VERIFY_FAILED] certificate verify failed: unabl
spotify:track:1sEzuZNasuG8s1OOHwYfN2,Gutter Girl,Hot Flash Heat Wave,Neapolitan,2022426,,,,,<urlopen error [SSL: CERTIFICATE_VERIFY_FAILED] certificate verify failed: unabl
spotify:track:6pnwfWyaWjQiHCKTiZLItr,Shine On You Crazy Diamond (Pts. 1-5),Pink Floyd,Wish You Were Here,2013893,,,,,<urlopen error [SSL: CERTIFICATE_VERIFY_FAILED] certificate verify failed: unabl
spotify:track:5fdil8DGeHWvkDt1jbzGtT,Someday,Ciara Renée,The Hunchback of Notre Dame,2013024,,,,,<urlopen error [SSL: CERTIFICATE_VERIFY_FAILED] certificate verify failed: unabl
spotify:track:3aKXtIPNRoD73KLpsNnNoK,lock / unlock (with benny blanco & Nile Rodgers),j-hope,HOPE ON THE STREET VOL.1,2012706,,,,,<urlopen error [SSL: CERTIFICATE_VERIFY_FAILED] certificate verify failed: unabl
spotify:track:0B19jiwwLOEptYP9yKb2K4,Hellfire,Patrick Page,The Hunchback of Notre Dame (Studio Cast Recording),2012207,,,,,<urlopen error [SSL: CERTIFICATE_VERIFY_FAILED] certificate verify failed: unabl
spotify:track:4ak7xjvBeBOcJGWFDX9w5n,Rodeo,Lil Nas X,7,2012088,,,,,<urlopen error [SSL: CERTIFICATE_VERIFY_FAILED] certificate verify failed: unabl
spotify:track:4pbG9SUmWIvsROVLF0zF9s,I Want To Hold Your Hand - Remastered 2015,The Beatles,1,2011959,,,,,<urlopen error [SSL: CERTIFICATE_VERIFY_FAILED] certificate verify failed: unabl
spotify:track:3jHBgKdLCf46aP3HRI0WYv,World's Smallest Violin,AJR,OK ORCHESTRA,2011533,,,,,<urlopen error [SSL: CERTIFICATE_VERIFY_FAILED] certificate verify failed: unabl
spotify:track:6isjxsCiPOE57WMrd8WVMM,Dream of Me,NewDad,MADRA,2011312,,,,,<urlopen error [SSL: CERTIFICATE_VERIFY_FAILED] certificate verify failed: unabl
spotify:track:3KhPLLQjXodVQU9FoIlCUh,Le château,Ginger Root,Rikki,2011057,,,,,<urlopen error [SSL: CERTIFICATE_VERIFY_FAILED] certificate verify failed: unabl
spotify:track:0ARKW62l9uWIDYMZTUmJHF,Shut Down,BLACKPINK,BORN PINK,2008277,,,,,<urlopen error [SSL: CERTIFICATE_VERIFY_FAILED] certificate verify failed: unabl
spotify:track:4PINSJIlBWsnVeveicq1S8,I'll Be Your Mirror,The Velvet Underground,The Velvet Underground & Nico 45th Anniversary,2008221,,,,,<urlopen error [SSL: CERTIFICATE_VERIFY_FAILED] certificate verify failed: unabl
spotify:track:2xfcagYZ312e9xnJ8GXEZk,Winter in Parachutes,Psychedelic Porn Crumpets,"Carpe Diem, Moonman",2007235,,,,,<urlopen error [SSL: CERTIFICATE_VERIFY_FAILED] certificate verify failed: unabl
spotify:track:2D3gvohUyOfXIVX6Mvhqae,Weather,Ginger Root,Weather,2006784,,,,,<urlopen error [SSL: CERTIFICATE_VERIFY_FAILED] certificate verify failed: unabl
spotify:track:4j8hB6XdIYspmYbFsBk1DD,Teddy Bear,NCT DREAM,Glitch Mode - The 2nd Album,2003933,,,,,<urlopen error [SSL: CERTIFICATE_VERIFY_FAILED] certificate verify failed: unabl
spotify:track:4E5J79xdbVX3zodEGnP2cM,Halcyon,Danny Olson,Halcyon,2002914,,,,,<urlopen error [SSL: CERTIFICATE_VERIFY_FAILED] certificate verify failed: unabl
spotify:track:78TgV6o1Sh4i26GNi57W95,Paradigm,Avenged Sevenfold,The Stage,2001217,,,,,<urlopen error [SSL: CERTIFICATE_VERIFY_FAILED] certificate verify failed: unabl
spotify:track:1XghUZVP5lD9r11zSq6hdW,Egg,Shoe,Egg,1999365,,,,,<urlopen error [SSL: CERTIFICATE_VERIFY_FAILED] certificate verify failed: unabl
spotify:track:6L89mwZXSOwYl76YXfX13s,Basket Case,Green Day,Dookie,1998703,,,,,<urlopen error [SSL: CERTIFICATE_VERIFY_FAILED] certificate verify failed: unabl
spotify:track:1edgaGx2x2AQeWtL2OPEMW,Never Take It,Twenty One Pilots,Scaled And Icy,1996111,,,,,<urlopen error [SSL: CERTIFICATE_VERIFY_FAILED] certificate verify failed: unabl
spotify:track:4Ofg5uuH7qqDIXpAJMpXZV,Rayando el Sol,Maná,Falta Amor,1994981,,,,,<urlopen error [SSL: CERTIFICATE_VERIFY_FAILED] certificate verify failed: unabl
spotify:track:5XeIQO9gGkGo54naYVVeJP,Mr. Fear,SIAMES,BOUNCE INTO THE MUSIC,1993744,,,,,<urlopen error [SSL: CERTIFICATE_VERIFY_FAILED] certificate verify failed: unabl
spotify:track:1A7KzKilAbUieIhQMtLWkY,Lluvia Al Corazón,Maná,Drama Y Luz,1991568,,,,,<urlopen error [SSL: CERTIFICATE_VERIFY_FAILED] certificate verify failed: unabl
spotify:track:3rUl8UmceZLlUQhpZya9u5,The Engine Driver,The Decemberists,Picaresque,1990802,,,,,<urlopen error [SSL: CERTIFICATE_VERIFY_FAILED] certificate verify failed: unabl
spotify:track:6ELk3419HPBRleLyMgIVeh,Caverns of Time - The Battle of Mount Hyjal,Russell Brower,World of Warcraft: The Burning Crusade Original Soundtrack,1988649,,,,,<urlopen error [SSL: CERTIFICATE_VERIFY_FAILED] certificate verify failed: unabl
spotify:track:6mJj3O9dPZn3RHajZXeXtD,Serpent Riders,Jeremy Soule,World of Warcraft: Mists of Pandaria Soundtrack,1986842,,,,,<urlopen error [SSL: CERTIFICATE_VERIFY_FAILED] certificate verify failed: unabl
spotify:track:0A2N7iemZWBcYnBsMPJRdj,Pay Me Back,Rare Americans,Pay Me Back,1985860,,,,,<urlopen error [SSL: CERTIFICATE_VERIFY_FAILED] certificate verify failed: unabl
spotify:track:0P09TBGSKiQwfUsEh1UafT,The World Was Wide Enough,Leslie Odom Jr.,Hamilton,1979159,,,,,<urlopen error [SSL: CERTIFICATE_VERIFY_FAILED] certificate verify failed: unabl
spotify:track:2xo84jGkxFPrZmmBtS3Pkd,Lonely St.,Stray Kids,ODDINARY,1978352,,,,,<urlopen error [SSL: CERTIFICATE_VERIFY_FAILED] certificate verify failed: unabl
spotify:track:27rZZZFJoMW9JA1YTluDTC,Cinnabar,Kill Bill: The Rapper,Solar Flare,1976993,,,,,<urlopen error [SSL: CERTIFICATE_VERIFY_FAILED] certificate verify failed: unabl
spotify:track:4jfrFYcMWGojddctOCCSjL,The Memory Remains - Live with the SFSO,Metallica,S&M,1976611,,,,,<urlopen error [SSL: CERTIFICATE_VERIFY_FAILED] certificate verify failed: unabl
spotify:track:0WbMK4wrZ1wFSty9F7FCgu,"Good Luck, Babe!",Chappell Roan,"Good Luck, Babe!",1973557,,,,,<urlopen error [SSL: CERTIFICATE_VERIFY_FAILED] certificate verify failed: unabl
spotify:track:0hpYo5x9iNMGz52fRrflbT,Perfect World,TWICE,Perfect World,1972971,,,,,<urlopen error [SSL: CERTIFICATE_VERIFY_FAILED] certificate verify failed: unabl
spotify:track:2PN0FcvL9PECkRvXFtandp,Dizzy - Radio Edit,Balduin,Dizzy,1968553,,,,,<urlopen error [SSL: CERTIFICATE_VERIFY_FAILED] certificate verify failed: unabl
spotify:track:33RfPb7Vca7s2x5xzXR5E3,The Killa (I Belong to You),TOMORROW X TOGETHER,minisode 3: TOMORROW,1968163,,,,,<urlopen error [SSL: CERTIFICATE_VERIFY_FAILED] certificate verify failed: unabl
spotify:track:2ikFefGE30FT4yXF9Ugngh,Rhythm Kitchen (feat. D Smoke),Rare Americans,Rhythm Kitchen (feat. D Smoke),1967399,,,,,<urlopen error [SSL: CERTIFICATE_VERIFY_FAILED] certificate verify failed: unabl
spotify:track:7zjHY127UU2yDCA2lrcO9z,Birds Aren't Real,Ben Beal,Don't Feed the Birds,1964966,,,,,<urlopen error [SSL: CERTIFICATE_VERIFY_FAILED] certificate verify failed: unabl
spotify:track:1LD5aoGzVkqn0MExPMldBH,i fight my demons when i sleep,kyeaintdead,i fight my demons when i sleep,1963340,,,,,<urlopen error [SSL: CERTIFICATE_VERIFY_FAILED] certificate verify failed: unabl
spotify:track:3L2YOO6dDiB91M1AbQ0CCR,No Make-Up (Her Vice) (feat. Colin Munroe),Kendrick Lamar,Section.80,1962657,,,,,<urlopen error [SSL: CERTIFICATE_VERIFY_FAILED] certificate verify failed: unabl
spotify:track:2Fii5F4XnVdWmWEVneqzLy,Blue World,Mac Miller,Circles,1962456,,,,,<urlopen error [SSL: CERTIFICATE_VERIFY_FAILED] certificate verify failed: unabl
spotify:track:66wkCYWlXzSTQAfnsPBptt,My Favorite Part,Mac Miller,The Divine Feminine,1962350,,,,,<urlopen error [SSL: CERTIFICATE_VERIFY_FAILED] certificate verify failed: unabl
spotify:track:7dBaJLQhmLFGeoZiNhra6m,Without U,Beach Goons,Boisad,1960074,,,,,<urlopen error [SSL: CERTIFICATE_VERIFY_FAILED] certificate verify failed: unabl
spotify:track:4COR2ZPEyUn0lsbAouRWxA,Bfg Division,Mick Gordon,Doom (Original Game Soundtrack),1958708,,,,,<urlopen error [SSL: CERTIFICATE_VERIFY_FAILED] certificate verify failed: unabl
spotify:track:2Ei07VELTKHy7bJHWxNDRI,"Never Knew I Needed - From ""The Princess and the Frog""/Soundtrack Version",Ne-Yo,Never Knew I Needed,1957805,,,,,<urlopen error [SSL: CERTIFICATE_VERIFY_FAILED] certificate verify failed: unabl
spotify:track:4JIYKZzKnlPhL28h0uixzZ,Don't You Dare Forget the Sun,Get Scared,"Built for Blame, Laced With Shame - Spotify Exclusive",1956150,,,,,<urlopen error [SSL: CERTIFICATE_VERIFY_FAILED] certificate verify failed: unabl
spotify:track:104w9frCKBpIkNwtCaed1X,Simpler Times,Okey Dokey,"Love You, Mean It",1953789,,,,,<urlopen error [SSL: CERTIFICATE_VERIFY_FAILED] certificate verify failed: unabl
spotify:track:0V4mdBMb0zAk4FJkA5xfB3,Shadow of the Necropolis,Russell Brower,World of Warcraft: The Burning Crusade Original Soundtrack,1951760,,,,,<urlopen error [SSL: CERTIFICATE_VERIFY_FAILED] certificate verify failed: unabl
spotify:track:65cQN8pUC0dkKryUhEqJPh,Thank God I'm Not You,HIMALAYAS,Thank God I'm Not You,1946975,,,,,<urlopen error [SSL: CERTIFICATE_VERIFY_FAILED] certificate verify failed: unabl
spotify:track:72rUKYfdSaMVhgUhajRvrX,New Rules,TOMORROW X TOGETHER,The Dream Chapter: MAGIC,1944161,,,,,<urlopen error [SSL: CERTIFICATE_VERIFY_FAILED] certificate verify failed: unabl
spotify:track:0mbGHKzGjJx1omRaqNgwmB,Rain With Light Thunderstorm,Nature Sounds,Thunderstorm,1943484,,,,,<urlopen error [SSL: CERTIFICATE_VERIFY_FAILED] certificate verify failed: unabl
spotify:track:51NFxnQvaosfDDutk0tams,bellyache,Billie Eilish,Bellyache,1942500,,,,,<urlopen error [SSL: CERTIFICATE_VERIFY_FAILED] certificate verify failed: unabl
spotify:track:3gZt8bhVViUNQ5zqcEp6xK,Pay Me Back,Rare Americans,Rare Americans,1941332,,,,,<urlopen error [SSL: CERTIFICATE_VERIFY_FAILED] certificate verify failed: unabl
spotify:track:6MFoqu0qP9MNxj7UgYaxpD,Intro,C418,Minecraft - Volume Beta,1933309,,,,,<urlopen error [SSL: CERTIFICATE_VERIFY_FAILED] certificate verify failed: unabl
spotify:track:5PxibFPxW06HBPab6KrcPP,You Don't Know This Guy,Her's,Songs of Her's,1931399,,,,,<urlopen error [SSL: CERTIFICATE_VERIFY_FAILED] certificate verify failed: unabl
spotify:track:0Fc7ESmkM02PDH5NnPaS5S,Rock Bottom,grandson,Rock Bottom,1929969,,,,,<urlopen error [SSL: CERTIFICATE_VERIFY_FAILED] certificate verify failed: unabl
spotify:track:5gU6oziC1SWJTVgtYzzqaV,The Red Strings Club,fingerspit,The Red Strings Club Original Soundtrack,1929608,,,,,<urlopen error [SSL: CERTIFICATE_VERIFY_FAILED] certificate verify failed: unabl
spotify:track:1djCoU5rvnq2zXFyD2iqq4,"recently,",Liana Flores,recently,1929403,,,,,<urlopen error [SSL: CERTIFICATE_VERIFY_FAILED] certificate verify failed: unabl
spotify:track:2SeynaXh3RsTyun1DitBgd,Root of all Evil,Daniel Caesar,Son Of Spergy,1928649,,,,,<urlopen error [SSL: CERTIFICATE_VERIFY_FAILED] certificate verify failed: unabl
spotify:track:6Re2AwZUVlgBng04BZTauW,Cool Cat - Remastered 2011,Queen,Hot Space,1928616,,,,,<urlopen error [SSL: CERTIFICATE_VERIFY_FAILED] certificate verify failed: unabl
spotify:track:1Wh5LO3TWAvaeDrwp4FZgo,King,XXXTENTACION,Revenge,1928260,,,,,<urlopen error [SSL: CERTIFICATE_VERIFY_FAILED] certificate verify failed: unabl
spotify:track:0Molxw6WdYhOifas6NiQL2,I Hope to Be Around,Men I Trust,I Hope to Be Around,1927588,,,,,<urlopen error [SSL: CERTIFICATE_VERIFY_FAILED] certificate verify failed: unabl
spotify:track:7xIvvJkWVLGzFLeZadSupn,Takeshi Kovacs Concerto in F Minor,do not resurrect,Takeshi Kovacs Concerto in F Minor,1926983,,,,,<urlopen error [SSL: CERTIFICATE_VERIFY_FAILED] certificate verify failed: unabl
spotify:track:1pIX5DzGdDoJzCpbLM5JRe,A Loa's Bargain,Sam Cardon,World of Warcraft - Battle for Azeroth Soundtrack OST,1926830,,,,,<urlopen error [SSL: CERTIFICATE_VERIFY_FAILED] certificate verify failed: unabl
spotify:track:4YVweSirwIUWFIRePHp9q8,[05] PRETTY BANGLES,your best friend jippy,BEAT TAPE 16: 64 BEATS,1925942,,,,,<urlopen error [SSL: CERTIFICATE_VERIFY_FAILED] certificate verify failed: unabl
spotify:track:41pibL8twkliRyU2uSg75C,Blaow,Jarv,"Jarvage, Vol. 1",1923442,,,,,<urlopen error [SSL: CERTIFICATE_VERIFY_FAILED] certificate verify failed: unabl
spotify:track:6dokAviU0xkR5yxI7YGcLz,NICE - OG MIX,JPEGMAFIA,OFFLINE!,1922126,,,,,<urlopen error [SSL: CERTIFICATE_VERIFY_FAILED] certificate verify failed: unabl
spotify:track:0Iys022UwQ8xBfxE1g4nWZ,One Last Time,Christopher Jackson,Hamilton,1922101,,,,,<urlopen error [SSL: CERTIFICATE_VERIFY_FAILED] certificate verify failed: unabl
spotify:track:3apNWwWDdoqtpxX4a5ulOm,mbn,Cardingfraud,mbn,1919664,,,,,<urlopen error [SSL: CERTIFICATE_VERIFY_FAILED] certificate verify failed: unabl
spotify:track:4k7x3QKrc3h3U0Viqk0uop,Rosyln,Bon Iver,The Twilight Saga: New Moon (Original Motion Picture Soundtrack),1917813,,,,,<urlopen error [SSL: CERTIFICATE_VERIFY_FAILED] certificate verify failed: unabl
spotify:track:4QgMnTz4ceedQI3Ex6YkBT,King of Carrot Flowers Pt. 1,Neutral Milk Hotel,In the Aeroplane Over the Sea,1917577,,,,,<urlopen error [SSL: CERTIFICATE_VERIFY_FAILED] certificate verify failed: unabl
spotify:track:00mysNHejF7KdBNhdopXpQ,Cantaloupe's and Natural Calm,iamjakehill,Spectrum,1917086,,,,,<urlopen error [SSL: CERTIFICATE_VERIFY_FAILED] certificate verify failed: unabl
spotify:track:1NtIMM4N0cFa1dNzN15chl,Believer,Imagine Dragons,Evolve,1914599,,,,,<urlopen error [SSL: CERTIFICATE_VERIFY_FAILED] certificate verify failed: unabl
spotify:track:41JPN7pZMTp1sumBOHOzHd,People Pt.2 (feat. IU),Agust D,D-DAY,1914406,,,,,<urlopen error [SSL: CERTIFICATE_VERIFY_FAILED] certificate verify failed: unabl
spotify:track:0t2F6UBYfiUpbAweUy3DQj,Ramparts of Valdrakken,Jake Lefkowitz,World of Warcraft: Dragonflight,1911752,,,,,<urlopen error [SSL: CERTIFICATE_VERIFY_FAILED] certificate verify failed: unabl
spotify:track:5bZz8aw4R3ytyAWRaRS9Ul,Come Over,Matt Watson,OUCH!,1910264,,,,,<urlopen error [SSL: CERTIFICATE_VERIFY_FAILED] certificate verify failed: unabl
spotify:track:2vfPsGhqMbqmhjMGQ52dYf,Locket,Crumb,Locket,1903469,,,,,<urlopen error [SSL: CERTIFICATE_VERIFY_FAILED] certificate verify failed: unabl
spotify:track:6yUvkBnrorDDm9IEIBkD5j,mystry,User-177606669,"Despite Everything, It's Still User",1902256,,,,,<urlopen error [SSL: CERTIFICATE_VERIFY_FAILED] certificate verify failed: unabl
spotify:track:55M6WlPDc8WID9UcmWjbYM,Lilili Yabbay,SEVENTEEN,"SEVENTEEN 2ND ALBUM 'TEEN, AGE' (2)",1900719,,,,,<urlopen error [SSL: CERTIFICATE_VERIFY_FAILED] certificate verify failed: unabl
spotify:track:6Rvy686uW4eJPHVCpQoV1G,Simulation,Avenged Sevenfold,The Stage,1899596,,,,,<urlopen error [SSL: CERTIFICATE_VERIFY_FAILED] certificate verify failed: unabl
spotify:track:2a1JSfTePKhysdIif2bzut,Workout Plan,Kanye West,The College Dropout,1899310,,,,,<urlopen error [SSL: CERTIFICATE_VERIFY_FAILED] certificate verify failed: unabl
spotify:track:0BeqHPNJSLzfH8TZ7Adpb3,Winter Falls,Stray Kids,Christmas EveL,1899116,,,,,<urlopen error [SSL: CERTIFICATE_VERIFY_FAILED] certificate verify failed: unabl
spotify:track:2W9u3whoCkQYOUbmnSrHi1,What'd I Miss,Daveed Diggs,Hamilton,1899013,,,,,<urlopen error [SSL: CERTIFICATE_VERIFY_FAILED] certificate verify failed: unabl
spotify:track:3o8QzWsiiqTUVgBZfHgF58,Cherry Bomb,NCT 127,NCT #127 CHERRY BOMB - The 3rd Mini Album,1896330,,,,,<urlopen error [SSL: CERTIFICATE_VERIFY_FAILED] certificate verify failed: unabl
spotify:track:36s1NpeRYNlvSPAJZr2b07,She Sings,Mook,Mook,1892423,,,,,<urlopen error [SSL: CERTIFICATE_VERIFY_FAILED] certificate verify failed: unabl
spotify:track:2XWtzoPZXPzz5rAzCvLM6T,Same Graves,The Ghost Club,Same Graves,1888795,,,,,<urlopen error [SSL: CERTIFICATE_VERIFY_FAILED] certificate verify failed: unabl
spotify:track:5DskPJLZiSqHOMx9AwumLh,Sunny Disposition,Avenged Sevenfold,The Stage,1887618,,,,,<urlopen error [SSL: CERTIFICATE_VERIFY_FAILED] certificate verify failed: unabl
spotify:track:5u9cuDcYdOpSRB7fAYXXdp,Marcel,Her's,Songs of Her's,1886853,,,,,<urlopen error [SSL: CERTIFICATE_VERIFY_FAILED] certificate verify failed: unabl
spotify:track:1oVH404oz30kMDH3HgUooq,"Papers (""You're not from around here, son..."") [Intro]",Patrick Page,Hadestown (Original Broadway Cast Recording),1881727,,,,,<urlopen error [SSL: CERTIFICATE_VERIFY_FAILED] certificate verify failed: unabl
spotify:track:0Dv0R4tfRj5jy8e8CF3JB9,Quarter Life,TOMORROW X TOGETHER,minisode 3: TOMORROW,1880439,,,,,<urlopen error [SSL: CERTIFICATE_VERIFY_FAILED] certificate verify failed: unabl
spotify:track:3nqQXoyQOWXiESFLlDF1hG,Unholy (feat. Kim Petras),Sam Smith,Unholy (feat. Kim Petras),1879003,,,,,<urlopen error [SSL: CERTIFICATE_VERIFY_FAILED] certificate verify failed: unabl
spotify:track:2d2B9IE40GzctNZWeHejx6,Napalm Foray,Shade Apollo,Napalm Foray,1878043,,,,,<urlopen error [SSL: CERTIFICATE_VERIFY_FAILED] certificate verify failed: unabl
spotify:track:4JJWsxZX1BfiBR941XLLd2,Essence of Anguish,Grant Kirkhope,World of Warcraft: Shadowlands Original Soundtrack,1876846,,,,,<urlopen error [SSL: CERTIFICATE_VERIFY_FAILED] certificate verify failed: unabl
spotify:track:74fBSmfJinnjKXF1EjwODL,DOWNSHIFT,Cemetery Drive,DOWNSHIFT,1876292,,,,,<urlopen error [SSL: CERTIFICATE_VERIFY_FAILED] certificate verify failed: unabl
spotify:track:2KCJYwlBWxdlwyIYckIf6V,Rag Doll,Aerosmith,Permanent Vacation,1872131,,,,,<urlopen error [SSL: CERTIFICATE_VERIFY_FAILED] certificate verify failed: unabl
spotify:track:52Sj1SUJ6FNceKLZVggVak,The Leaders,ATEEZ,ZERO : FEVER Part.2,1871229,,,,,<urlopen error [SSL: CERTIFICATE_VERIFY_FAILED] certificate verify failed: unabl
spotify:track:6yZ2uz57VpBCglQ1bcAp3q,Empty,Boyinaband,Empty,1871052,,,,,<urlopen error [SSL: CERTIFICATE_VERIFY_FAILED] certificate verify failed: unabl
spotify:track:1j9rezdE3YeC7yktZXC1em,I Want It All,Arctic Monkeys,AM,1868571,,,,,<urlopen error [SSL: CERTIFICATE_VERIFY_FAILED] certificate verify failed: unabl
spotify:track:4J4LjEe33yN6gLmPib0nqz,Time for Heroes,The Libertines,Up the Bracket,1868369,,,,,<urlopen error [SSL: CERTIFICATE_VERIFY_FAILED] certificate verify failed: unabl
spotify:track:3jHdKaLCkuNEkWcLVmQPCX,BEST INTEREST,"Tyler, The Creator",BEST INTEREST,1865734,,,,,<urlopen error [SSL: CERTIFICATE_VERIFY_FAILED] certificate verify failed: unabl
spotify:track:7LOP9CB6XYdf0c2ggIk2lV,blah blah blah,ceo@business.net,incentivize unpaid overtime,1865078,,,,,<urlopen error [SSL: CERTIFICATE_VERIFY_FAILED] certificate verify failed: unabl
spotify:track:6vTOnXL0xPZBUvb3GJn8eu,Night After Night,Rare Americans,Rare Americans,1863927,,,,,<urlopen error [SSL: CERTIFICATE_VERIFY_FAILED] certificate verify failed: unabl
spotify:track:7DpUoxGSdlDHfqCYj0otzU,BITTERSUITE,Billie Eilish,HIT ME HARD AND SOFT,1862217,,,,,<urlopen error [SSL: CERTIFICATE_VERIFY_FAILED] certificate verify failed: unabl
spotify:track:5Qv2Nby1xTr9pQyjkrc94J,All I Need,Radiohead,In Rainbows,1857423,,,,,<urlopen error [SSL: CERTIFICATE_VERIFY_FAILED] certificate verify failed: unabl
spotify:track:5jhBwnqzNNrENXnYrAdoCe,Everybody Dies,Billie Eilish,Happier Than Ever,1857197,,,,,<urlopen error [SSL: CERTIFICATE_VERIFY_FAILED] certificate verify failed: unabl
spotify:track:0sy3uQ9QU2rBGWiPjcQwFi,Fuck You World,Rare Americans,Rare Americans,1856063,,,,,<urlopen error [SSL: CERTIFICATE_VERIFY_FAILED] certificate verify failed: unabl
spotify:track:6hBDlrlGEZV8tWHWTq4zSu,Angels,Avenged Sevenfold,The Stage,1855400,,,,,<urlopen error [SSL: CERTIFICATE_VERIFY_FAILED] certificate verify failed: unabl
spotify:track:3RptaQ5Xb8WvtpItZ2f9Hi,Snuff,Slipknot,All Hope Is Gone,1853295,,,,,<urlopen error [SSL: CERTIFICATE_VERIFY_FAILED] certificate verify failed: unabl
spotify:track:7DwaOIkZk8qLJKGX7XTF2l,Tip Toes,half•alive,3,1852218,,,,,<urlopen error [SSL: CERTIFICATE_VERIFY_FAILED] certificate verify failed: unabl
spotify:track:6p2liQLGoDaLXgND68bfVt,Coming Undone,Korn,See You On the Other Side,1850781,,,,,<urlopen error [SSL: CERTIFICATE_VERIFY_FAILED] certificate verify failed: unabl
spotify:track:5QAYgWH077T3F8kAcVtQs7,Roman Sky,Avenged Sevenfold,The Stage,1850117,,,,,<urlopen error [SSL: CERTIFICATE_VERIFY_FAILED] certificate verify failed: unabl
spotify:track:6NBbpQfD2MZcCNBOy7iE7Q,Beautiful,NCT 2021,Universe - The 3rd Album,1849748,,,,,<urlopen error [SSL: CERTIFICATE_VERIFY_FAILED] certificate verify failed: unabl
spotify:track:7pergIYWt3hVCqvrl8NZkR,Made Of Stone,Michael Arden,The Hunchback of Notre Dame (Studio Cast Recording),1847379,,,,,<urlopen error [SSL: CERTIFICATE_VERIFY_FAILED] certificate verify failed: unabl
spotify:track:39Gb80bu5xF0rQtAxTxUS1,Me Voy Enamorando,Chino & Nacho,Radio Universo,1847336,,,,,<urlopen error [SSL: CERTIFICATE_VERIFY_FAILED] certificate verify failed: unabl
spotify:track:06gDNbQUP6X5rpWTle27pX,Same Boat We Row,Rare Americans,Rare Americans,1847119,,,,,<urlopen error [SSL: CERTIFICATE_VERIFY_FAILED] certificate verify failed: unabl
spotify:track:3nRG0LP3ePNRIdYV42peFr,Are You Looking After Yourself,Courtney Barnett,The Double EP: A Sea of Split Peas,1846751,,,,,<urlopen error [SSL: CERTIFICATE_VERIFY_FAILED] certificate verify failed: unabl
spotify:track:4MYb7NWLwXNDB7bYs3HeX8,Slow Ride - Edit,Foghat,Slow Ride / Save Your Loving (For Me),1845789,,,,,<urlopen error [SSL: CERTIFICATE_VERIFY_FAILED] certificate verify failed: unabl
spotify:track:5vollujufHY0jMZxx77VWr,All These Things That I've Done,The Killers,Hot Fuss,1842462,,,,,<urlopen error [SSL: CERTIFICATE_VERIFY_FAILED] certificate verify failed: unabl
spotify:track:6DxQhPjtHj1hFqq90D0sOJ,The Wandering Isle,Russell Brower,World of Warcraft: Mists of Pandaria Soundtrack,1841020,,,,,<urlopen error [SSL: CERTIFICATE_VERIFY_FAILED] certificate verify failed: unabl
spotify:track:1Rrj7KyS2R6SP9CQMDJW1w,VERY NICE,SEVENTEEN,Love&Letter repackage album,1839763,,,,,<urlopen error [SSL: CERTIFICATE_VERIFY_FAILED] certificate verify failed: unabl
spotify:track:5FM1V3qjHroqsXRBbL57rW,The View,Stray Kids,NOEASY,1838082,,,,,<urlopen error [SSL: CERTIFICATE_VERIFY_FAILED] certificate verify failed: unabl
spotify:track:55yvzYuvJYG2RUEnMK78tr,About A Girl,Nirvana,Nirvana,1833040,,,,,<urlopen error [SSL: CERTIFICATE_VERIFY_FAILED] certificate verify failed: unabl
spotify:track:5Alg8C9HBdmTqzo6n3Itvn,What's Next,Slipknot,We Are Not Your Kind,1830626,,,,,<urlopen error [SSL: CERTIFICATE_VERIFY_FAILED] certificate verify failed: unabl
spotify:track:52dm9op3rbfAkc1LGXgipW,Wild Horses - 2009 Mix,The Rolling Stones,Sticky Fingers,1828189,,,,,<urlopen error [SSL: CERTIFICATE_VERIFY_FAILED] certificate verify failed: unabl
spotify:track:6b3YWIk44hwDJwaCKw3sfC,My Baby's Gone Away,Trudy and the Romance,My Baby's Gone Away,1826048,,,,,<urlopen error [SSL: CERTIFICATE_VERIFY_FAILED] certificate verify failed: unabl
spotify:track:5TNX6rJ91T8PdEt94X50Y9,One Hundred Sleepless Nights,Pierce The Veil,Collide With The Sky,1823368,,,,,<urlopen error [SSL: CERTIFICATE_VERIFY_FAILED] certificate verify failed: unabl
spotify:track:4OBZT9EnhYIV17t4pGw7ig,Best Part (feat. H.E.R.),Daniel Caesar,H.E.R.,1818075,,,,,<urlopen error [SSL: CERTIFICATE_VERIFY_FAILED] certificate verify failed: unabl
spotify:track:79zRkbWvRbTbwChJ4b0tFE,Eventide,Neal Acree,World of Warcraft: Cataclysm Original Soundtrack,1815197,,,,,<urlopen error [SSL: CERTIFICATE_VERIFY_FAILED] certificate verify failed: unabl
spotify:track:0UqfL3YDTqZwxZGnN3npjz,mirror,User-177606669,"Despite Everything, It's Still User",1813963,,,,,<urlopen error [SSL: CERTIFICATE_VERIFY_FAILED] certificate verify failed: unabl
spotify:track:2JvYDGWN21QQOdtUlRdg7w,Señora de las Cuatro Décadas,Ricardo Arjona,Sólo Para Mujeres,1811437,,,,,<urlopen error [SSL: CERTIFICATE_VERIFY_FAILED] certificate verify failed: unabl
spotify:track:16L5MRq8ZZ2b9WYUOLkkOm,PLOT TWIST,RealLiveAnimals,PLOT TWIST,1806549,,,,,<urlopen error [SSL: CERTIFICATE_VERIFY_FAILED] certificate verify failed: unabl
spotify:track:4W8sUeokQKfHt1uTXp0Jq0,Broken,Lund,Broken,1806048,,,,,<urlopen error [SSL: CERTIFICATE_VERIFY_FAILED] certificate verify failed: unabl
spotify:track:6rp55IcEsq3nJgTc0kMa0h,Rain,SEVENTEEN,SEVENTEEN 12th Mini Album 'SPILL THE FEELS',1805877,,,,,<urlopen error [SSL: CERTIFICATE_VERIFY_FAILED] certificate verify failed: unabl
spotify:track:6P0Ni8GrnwRScC4uk8tKqM,Make It Right - Japanese ver.,BTS,MAP OF THE SOUL : 7 ~ THE JOURNEY ~,1804160,,,,,<urlopen error [SSL: CERTIFICATE_VERIFY_FAILED] certificate verify failed: unabl
spotify:track:57yEbqu0L6Dq614Vv5hHHL,Mi Reina Del Dolor,Maná,Drama Y Luz,1803337,,,,,<urlopen error [SSL: CERTIFICATE_VERIFY_FAILED] certificate verify failed: unabl
spotify:track:1LUFqhv7F1Jyy95qeoVnnq,What's Wrong,half•alive,"Give Me Your Shoulders, Pt. 1",1802738,,,,,<urlopen error [SSL: CERTIFICATE_VERIFY_FAILED] certificate verify failed: unabl
spotify:track:2j1Es5qEl4pD8GEe2WsYgP,Darl+ing,SEVENTEEN,SEVENTEEN 4th Album 'Face the Sun',1802032,,,,,<urlopen error [SSL: CERTIFICATE_VERIFY_FAILED] certificate verify failed: unabl
spotify:track:3c3ncLWdUDVl2i5q9T1zBg,Azeroth's Last Hope,Neal Acree,World of Warcraft: Legion (Original Game Soundtrack),1799784,,,,,<urlopen error [SSL: CERTIFICATE_VERIFY_FAILED] certificate verify failed: unabl
spotify:track:7ALwI065Xv6J2UIxEErVEk,The News,Arrested Youth,Fear,1799463,,,,,<urlopen error [SSL: CERTIFICATE_VERIFY_FAILED] certificate verify failed: unabl
spotify:track:70uQzsAyJ1vmloywhrO0ss,Beachboy,McCafferty,Beachboy,1797945,,,,,<urlopen error [SSL: CERTIFICATE_VERIFY_FAILED] certificate verify failed: unabl
spotify:track:1PA05CgN84n44mT58GjjHA,Tyrhold,Glenn Stafford,World of Warcraft: Dragonflight,1797566,,,,,<urlopen error [SSL: CERTIFICATE_VERIFY_FAILED] certificate verify failed: unabl
spotify:track:42SDMQsfHin20j30XUhB4A,2 Caras 2 Corazones,Caramelos De Cianuro,Caramelos de Cianuro,1795320,,,,,<urlopen error [SSL: CERTIFICATE_VERIFY_FAILED] certificate verify failed: unabl
spotify:track:1hbJFOCwo0fR8tZJRbfQlM,Riptide,grandson,Dirty,1790711,,,,,<urlopen error [SSL: CERTIFICATE_VERIFY_FAILED] certificate verify failed: unabl
spotify:track:2UE9XGbAzicJIyo4bB6sqM,MAESTRO,SEVENTEEN,SEVENTEEN BEST ALBUM '17 IS RIGHT HERE',1790154,,,,,<urlopen error [SSL: CERTIFICATE_VERIFY_FAILED] certificate verify failed: unabl
spotify:track:1cqUmROW9Pxm7bCNYcQg7i,Not Alone (Korean Ver.),SEVENTEEN,SEVENTEEN BEST ALBUM '17 IS RIGHT HERE',1789677,,,,,<urlopen error [SSL: CERTIFICATE_VERIFY_FAILED] certificate verify failed: unabl
spotify:track:2JG9Gdo54L72gepntVPZQ4,Reckless Tongue,Airways,Reckless Tongue,1789436,,,,,<urlopen error [SSL: CERTIFICATE_VERIFY_FAILED] certificate verify failed: unabl
spotify:track:6HDHaCnH2FCSdEwXrJfEVF,People,Agust D,D-2,1787925,,,,,<urlopen error [SSL: CERTIFICATE_VERIFY_FAILED] certificate verify failed: unabl
spotify:track:0ltmioOsLQsL0OFgcPbdVi,i saw you in a dream,The Japanese House,Good At Falling,1787742,,,,,<urlopen error [SSL: CERTIFICATE_VERIFY_FAILED] certificate verify failed: unabl
spotify:track:6LUfuyLgvgqrykiTE6sJHY,Stylo (feat. Mos Def and Bobby Womack),Gorillaz,Plastic Beach,1785696,,,,,<urlopen error [SSL: CERTIFICATE_VERIFY_FAILED] certificate verify failed: unabl
spotify:track:0SuG9kyzGRpDqrCWtgD6Lq,Give Me Love,Ed Sheeran,+,1785441,,,,,<urlopen error [SSL: CERTIFICATE_VERIFY_FAILED] certificate verify failed: unabl
spotify:track:3kqTKerp9ZIPTLLPjZXeJj,Incubator (V2000),Psychedelic Porn Crumpets,"Carpe Diem, Moonman",1783080,,,,,<urlopen error [SSL: CERTIFICATE_VERIFY_FAILED] certificate verify failed: unabl
spotify:track:4CtUmWNzXEbWGqb3wVLaVb,Taking My Time to Be,Strawberry Guy,Taking My Time to Be,1782766,,,,,<urlopen error [SSL: CERTIFICATE_VERIFY_FAILED] certificate verify failed: unabl
spotify:track:6ToM0uwxtPKo9CMpbPGYvM,Break on Through (To the Other Side),The Doors,The Doors,1772566,,,,,<urlopen error [SSL: CERTIFICATE_VERIFY_FAILED] certificate verify failed: unabl
spotify:track:7KVBqGLGhrEejVokzYd8vF,Bunny Girl,1nonly,Bunny Girl,1769762,,,,,<urlopen error [SSL: CERTIFICATE_VERIFY_FAILED] certificate verify failed: unabl
spotify:track:3ujOiF34wdfdIM5sFOpykX,Medusa,Dbangz,Been a Long Time,1767449,,,,,<urlopen error [SSL: CERTIFICATE_VERIFY_FAILED] certificate verify failed: unabl
spotify:track:0NRhDK3s2L7GrUQjB6YL9X,Creep Through the Street,Freddie Dredd,8ball Playaz 1 & 2,1767348,,,,,<urlopen error [SSL: CERTIFICATE_VERIFY_FAILED] certificate verify failed: unabl
spotify:track:3zXhvJaLpxefYIxBE0cnB0,Skit #4,Kanye West,Late Registration,1766486,,,,,<urlopen error [SSL: CERTIFICATE_VERIFY_FAILED] certificate verify failed: unabl
spotify:track:0XaHPBAzPAC5ubwcRBqc1p,Shukumei,OFFICIAL HIGE DANDISM,Traveler,1764416,,,,,<urlopen error [SSL: CERTIFICATE_VERIFY_FAILED] certificate verify failed: unabl
spotify:track:5KFtE7lYdWaU5ukGOE7TMv,I'll try,DAY6,MOONRISE,1763945,,,,,<urlopen error [SSL: CERTIFICATE_VERIFY_FAILED] certificate verify failed: unabl
spotify:track:0CqUTgTtbPMntR7LE8xdoa,Epic II,Reeve Carney,Hadestown (Original Broadway Cast Recording),1763210,,,,,<urlopen error [SSL: CERTIFICATE_VERIFY_FAILED] certificate verify failed: unabl
spotify:track:2mUQjBtGJIUIA0Lchuzps2,Laf,Gawdlee,Laf,1762803,,,,,<urlopen error [SSL: CERTIFICATE_VERIFY_FAILED] certificate verify failed: unabl
spotify:track:2HS5CHJ7y6kcsjvIAJnToC,Blackout - Remastered 2016,Stratovarius,Destiny (Reissue 2016),1762501,,,,,<urlopen error [SSL: CERTIFICATE_VERIFY_FAILED] certificate verify failed: unabl
spotify:track:73E08jF1urQQSO0oTzCPpP,No One - Acoustic,Alicia Keys,Vault Volume 1,1761985,,,,,<urlopen error [SSL: CERTIFICATE_VERIFY_FAILED] certificate verify failed: unabl
spotify:track:40RI3qFVisaEy0HC49LMkz,Cuándo,Ricardo Arjona,Galeria Caribe,1760107,,,,,<urlopen error [SSL: CERTIFICATE_VERIFY_FAILED] certificate verify failed: unabl
spotify:track:5Lng4q571jghXAeYMMndia,THE GHOST OF RANKING DREAD! - OFFLINE,JPEGMAFIA,OFFLINE!,1758755,,,,,<urlopen error [SSL: CERTIFICATE_VERIFY_FAILED] certificate verify failed: unabl
spotify:track:3DQVgcqaP3iSMbaKsd57l5,I Bet You Look Good On The Dancefloor,Arctic Monkeys,"Whatever People Say I Am, That's What I'm Not",1756029,,,,,<urlopen error [SSL: CERTIFICATE_VERIFY_FAILED] certificate verify failed: unabl
spotify:track:0skYUMpS0AcbpjcGsAbRGj,Pink Venom,BLACKPINK,Pink Venom,1754494,,,,,<urlopen error [SSL: CERTIFICATE_VERIFY_FAILED] certificate verify failed: unabl
spotify:track:1bhuTWST1TYIVdrsEaQDKa,Fearless,SEVENTEEN,Heng:garæ,1753317,,,,,<urlopen error [SSL: CERTIFICATE_VERIFY_FAILED] certificate verify failed: unabl
spotify:track:5w7wuzMzsDer96KqxafeRK,COPYCAT,Billie Eilish,dont smile at me,1752399,,,,,<urlopen error [SSL: CERTIFICATE_VERIFY_FAILED] certificate verify failed: unabl
spotify:track:2MaBBaW5aDZuouBFgzwAGL,IMPOSSIBLE DREAM,Black Dresses,Peaceful as Hell,1751728,,,,,<urlopen error [SSL: CERTIFICATE_VERIFY_FAILED] certificate verify failed: unabl
spotify:track:2t0Ci12vaJaYzEmsJL2S1X,All I Want Is You,Barry Louis Polisar,Naturally Sweetened,1751078,,,,,<urlopen error [SSL: CERTIFICATE_VERIFY_FAILED] certificate verify failed: unabl
spotify:track:2Uts1QFB4u2YNIMiqcb4de,peekaboo (feat. azchike),Kendrick Lamar,GNX,1750751,,,,,<urlopen error [SSL: CERTIFICATE_VERIFY_FAILED] certificate verify failed: unabl
spotify:track:26Ad9ljBjYM2AiefFnh0f1,Niña Bonita,Chino & Nacho,Romántico… Pero Le Metemos Brutal,1748399,,,,,<urlopen error [SSL: CERTIFICATE_VERIFY_FAILED] certificate verify failed: unabl
spotify:track:6sqtADeE0EGissedFjUqgd,Tarren Mill,David Arkenstone,World of Warcraft: Taverns of Azeroth Original Soundtrack,1748255,,,,,<urlopen error [SSL: CERTIFICATE_VERIFY_FAILED] certificate verify failed: unabl
spotify:track:2L6MC5ULR2O7kRoFEtpfsX,Drifting Away,khai dreams,Summer Is Like a Dream,1748162,,,,,<urlopen error [SSL: CERTIFICATE_VERIFY_FAILED] certificate verify failed: unabl
spotify:track:4SSnFejRGlZikf02HLewEF,bury a friend,Billie Eilish,"WHEN WE ALL FALL ASLEEP, WHERE DO WE GO?",1746335,,,,,<urlopen error [SSL: CERTIFICATE_VERIFY_FAILED] certificate verify failed: unabl
spotify:track:3iARls5EH6Q4fks2tWJStQ,Bury Me Low,8 Graves,Black,1745996,,,,,<urlopen error [SSL: CERTIFICATE_VERIFY_FAILED] certificate verify failed: unabl
spotify:track:0LtOwyZoSNZKJWHqjzADpW,Feels Like We Only Go Backwards,Tame Impala,Lonerism,1744363,,,,,<urlopen error [SSL: CERTIFICATE_VERIFY_FAILED] certificate verify failed: unabl
spotify:track:0ZiCt8FvFJqxqM0ioP3CzF,Fluffy White Noise,Noi Ses,Fluffy White Noise,1742902,,,,,<urlopen error [SSL: CERTIFICATE_VERIFY_FAILED] certificate verify failed: unabl
spotify:track:4GcFycJt14aqnUGiEgG3JH,I'm Going Home,Hans Zimmer,Interstellar (Original Motion Picture Soundtrack),1742760,,,,,<urlopen error [SSL: CERTIFICATE_VERIFY_FAILED] certificate verify failed: unabl
spotify:track:2jOdqw7a9uV1s256FXXR4W,The Chemicals Between Us - 2014 Remastered,Bush,The Science of Things - 2014 Remastered,1742019,,,,,<urlopen error [SSL: CERTIFICATE_VERIFY_FAILED] certificate verify failed: unabl
spotify:track:0G3Dx5MtWa8sIOcowNbbYD,Shkleepy,Manwolves,A Safety Meeting,1741919,,,,,<urlopen error [SSL: CERTIFICATE_VERIFY_FAILED] certificate verify failed: unabl
spotify:track:6whN5aU7NVsnhpmV67Q7HA,DarkShadowBlunts,BONES,FromBeyondTheGrave,1737525,,,,,<urlopen error [SSL: CERTIFICATE_VERIFY_FAILED] certificate verify failed: unabl
spotify:track:2ag0hixCwLjj9Gi5Z44hbO,Stained Glass Eyes And Colorful Tears,Pierce The Veil,Collide With The Sky,1737463,,,,,<urlopen error [SSL: CERTIFICATE_VERIFY_FAILED] certificate verify failed: unabl
spotify:track:4G8gkOterJn0Ywt6uhqbhp,Radioactive,Imagine Dragons,Night Visions,1737212,,,,,<urlopen error [SSL: CERTIFICATE_VERIFY_FAILED] certificate verify failed: unabl
spotify:track:6MXXY2eiWkpDCezVCc0cMH,Good Morning,Kanye West,Graduation,1737105,,,,,<urlopen error [SSL: CERTIFICATE_VERIFY_FAILED] certificate verify failed: unabl
spotify:track:2GZSsH5Ln4i8jNy7FwHR5K,Hazy Miss Daisy,Kid Bloom,A Different State of Mind,1736840,,,,,<urlopen error [SSL: CERTIFICATE_VERIFY_FAILED] certificate verify failed: unabl
spotify:track:4K2TmH3Luk6dF8dVEmq6m0,You Deserve an Oscar,Matt Maltese,Good Morning It's Now Tomorrow,1736557,,,,,<urlopen error [SSL: CERTIFICATE_VERIFY_FAILED] certificate verify failed: unabl
spotify:track:0GAE689kVy7sFT2QWZH1Xa,Start,Frank Ocean,channel ORANGE,1734512,,,,,<urlopen error [SSL: CERTIFICATE_VERIFY_FAILED] certificate verify failed: unabl
spotify:track:5kIcrM3QVD4BQPFMszQnU1,¡Corre!,Jesse & Joy,¿Con Quién Se Queda El Perro?,1731489,,,,,<urlopen error [SSL: CERTIFICATE_VERIFY_FAILED] certificate verify failed: unabl
spotify:track:39Mzqwp2PBwMy61CVTuLDl,At the Bottom of Everything,Bright Eyes,"I'm Wide Awake, It's Morning",1729194,,,,,<urlopen error [SSL: CERTIFICATE_VERIFY_FAILED] certificate verify failed: unabl
spotify:track:4nIPSXOTSlQFZWd4N27TD0,Sacred,Jason Hayes,World of Warcraft Original Soundtrack,1728036,,,,,<urlopen error [SSL: CERTIFICATE_VERIFY_FAILED] certificate verify failed: unabl
spotify:track:4gi0OW8wqHikh6wufQTKY5,OMG This Slaps!,TrippyThaKid,Squid Puppies Deluxe,1725770,,,,,<urlopen error [SSL: CERTIFICATE_VERIFY_FAILED] certificate verify failed: unabl
spotify:track:7LQvpgaadSh74HzYAjOisA,FNF,Stray Kids,5-STAR,1716800,,,,,<urlopen error [SSL: CERTIFICATE_VERIFY_FAILED] certificate verify failed: unabl
spotify:track:2Vy16OMt19FH30uQNTFdLk,THAT'S THAT,MF DOOM,BORN LIKE THIS,1716199,,,,,<urlopen error [SSL: CERTIFICATE_VERIFY_FAILED] certificate verify failed: unabl
spotify:track:3TfKt8mPpdXfQTMfRjHzyz,Cabinet Battle #1,Christopher Jackson,Hamilton,1715811,,,,,<urlopen error [SSL: CERTIFICATE_VERIFY_FAILED] certificate verify failed: unabl
spotify:track:5wANPM4fQCJwkGd4rN57mH,drivers license,Olivia Rodrigo,SOUR,1714736,,,,,<urlopen error [SSL: CERTIFICATE_VERIFY_FAILED] certificate verify failed: unabl
spotify:track:1yIMrzF45Ven2FzPFAr0Gg,Mr. Doctor Man,Palaye Royale,Boom Boom Room,1714302,,,,,<urlopen error [SSL: CERTIFICATE_VERIFY_FAILED] certificate verify failed: unabl
spotify:track:7kyiHjkFdmHcYcIJtFAdaF,Yam Yam,No Vacation,Yam Yam,1714280,,,,,<urlopen error [SSL: CERTIFICATE_VERIFY_FAILED] certificate verify failed: unabl
spotify:track:08fSTr0AZ6sePyTnhVk7oi,God Hunters,Derek Duke,World of Warcraft: Wrath of the Lich King Original Soundtrack,1713718,,,,,<urlopen error [SSL: CERTIFICATE_VERIFY_FAILED] certificate verify failed: unabl
spotify:track:42Do1T9tU04SbC9AuTvFqY,"I Kissed a Girl, and She Kissed Me",Kid Bloom,A Different State of Mind,1711510,,,,,<urlopen error [SSL: CERTIFICATE_VERIFY_FAILED] certificate verify failed: unabl
spotify:track:6LEbDXfd7brC9YrjdF5kts,Avant Gardener,Courtney Barnett,The Double EP: A Sea of Split Peas,1706363,,,,,<urlopen error [SSL: CERTIFICATE_VERIFY_FAILED] certificate verify failed: unabl
spotify:track:35ItUJlMtjOQW3SSiTCrrw,Crazy Little Thing Called Love - Remastered 2011,Queen,The Game,1705028,,,,,<urlopen error [SSL: CERTIFICATE_VERIFY_FAILED] certificate verify failed: unabl
spotify:track:1e8J3XClxZbFmvIHLI8CE4,IDOL,BTS,Love Yourself 結 'Answer',1698814,,,,,<urlopen error [SSL: CERTIFICATE_VERIFY_FAILED] certificate verify failed: unabl
spotify:track:2bwpVCOZAlZRYMWAOISXkv,Promises,Eva Noblezada,Hadestown (Original Broadway Cast Recording),1698581,,,,,<urlopen error [SSL: CERTIFICATE_VERIFY_FAILED] certificate verify failed: unabl
spotify:track:0tMSssfxAL2oV8Vri0mFHE,listen before i go,Billie Eilish,"WHEN WE ALL FALL ASLEEP, WHERE DO WE GO?",1698564,,,,,<urlopen error [SSL: CERTIFICATE_VERIFY_FAILED] certificate verify failed: unabl
spotify:track:3yd2FlbeVXrF5wnQr3wm5M,HAVE YOU SEEN MY MIND?,KXLLSWXTCH,DISORDER,1696412,,,,,<urlopen error [SSL: CERTIFICATE_VERIFY_FAILED] certificate verify failed: unabl
spotify:track:1Yimn9plSAWNv9G3ePzITO,Snap Shoot,SEVENTEEN,An Ode,1693960,,,,,<urlopen error [SSL: CERTIFICATE_VERIFY_FAILED] certificate verify failed: unabl
spotify:track:6SpLc7EXZIPpy0sVko0aoU,Misery Business,Paramore,Riot!,1692148,,,,,<urlopen error [SSL: CERTIFICATE_VERIFY_FAILED] certificate verify failed: unabl
spotify:track:7GRTrWsP3yo2Fx8umJfA1X,Freeee (Ghost Town Pt. 2),KIDS SEE GHOSTS,KIDS SEE GHOSTS,1691925,,,,,<urlopen error [SSL: CERTIFICATE_VERIFY_FAILED] certificate verify failed: unabl
spotify:track:1pKmfhwbZvsyYUP2eOGdw5,Screen,Twenty One Pilots,Vessel,1689698,,,,,<urlopen error [SSL: CERTIFICATE_VERIFY_FAILED] certificate verify failed: unabl
spotify:track:2lytOhWzFFCiSyrZwLqdw9,Orgrimmar,Jason Hayes,World of Warcraft Original Soundtrack,1689144,,,,,<urlopen error [SSL: CERTIFICATE_VERIFY_FAILED] certificate verify failed: unabl
spotify:track:0N36RNj8gTvpJswtStaahM,Legends of Azeroth (Main Title),Jason Hayes,World of Warcraft Original Soundtrack,1688245,,,,,<urlopen error [SSL: CERTIFICATE_VERIFY_FAILED] certificate verify failed: unabl
spotify:track:1PehfITh0TTRx3LkDdV4h3,Fame - 2016 Remaster,David Bowie,Young Americans,1687044,,,,,<urlopen error [SSL: CERTIFICATE_VERIFY_FAILED] certificate verify failed: unabl
spotify:track:4u5xLMRN0dgKBFFN8FiNgv,Niña Bonita,Chino & Nacho,Mi Niña Bonita - Reloaded,1684069,,,,,<urlopen error [SSL: CERTIFICATE_VERIFY_FAILED] certificate verify failed: unabl
spotify:track:7pmLi2drbQTrVAjd8NCeDs,I Didn't Realize How Empty My Bed Was Until You Left,Roderick Porter,I Didn't Realize How Empty My Bed Was Until You Left,1684050,,,,,<urlopen error [SSL: CERTIFICATE_VERIFY_FAILED] certificate verify failed: unabl
spotify:track:6aZE7g9dU524JNF0Ly1AjF,Waycrest's Curse,Glenn Stafford,World of Warcraft - Battle for Azeroth Soundtrack OST,1683280,,,,,<urlopen error [SSL: CERTIFICATE_VERIFY_FAILED] certificate verify failed: unabl
spotify:track:5KTIzLxPRJwIrmiHxQp49t,Thunder King,Russell Brower,World of Warcraft: Mists of Pandaria Soundtrack,1682593,,,,,<urlopen error [SSL: CERTIFICATE_VERIFY_FAILED] certificate verify failed: unabl
spotify:track:0a4MMyCrzT0En247IhqZbD,Hype Boy,NewJeans,NewJeans 1st EP 'New Jeans',1680808,,,,,<urlopen error [SSL: CERTIFICATE_VERIFY_FAILED] certificate verify failed: unabl
spotify:track:5Dqrltr5VBPQCsVnMu5Je1,Wonderful,Rob Thomas,Cradlesong,1679908,,,,,<urlopen error [SSL: CERTIFICATE_VERIFY_FAILED] certificate verify failed: unabl
spotify:track:0lez2D8CxKeRB5ytsFo8N1,Legacy,Jason Hayes,World of Warcraft Original Soundtrack,1679655,,,,,<urlopen error [SSL: CERTIFICATE_VERIFY_FAILED] certificate verify failed: unabl
spotify:track:2LowwiemmGMzzNSH1PJprK,It's Definitely You,V,"HWARANG, Pt. 2 (Music from the Original TV Series)",1679613,,,,,<urlopen error [SSL: CERTIFICATE_VERIFY_FAILED] certificate verify failed: unabl
spotify:track:1dRlhRKfbQ3f4gfxAAlRrx,"Either Or, It's All the Same",Okey Dokey,"Love You, Mean It",1676973,,,,,<urlopen error [SSL: CERTIFICATE_VERIFY_FAILED] certificate verify failed: unabl
spotify:track:5Ihd9HrPvOADyVoonH9ZjB,Un-Break My Heart,Toni Braxton,Secrets,1676848,,,,,<urlopen error [SSL: CERTIFICATE_VERIFY_FAILED] certificate verify failed: unabl
spotify:track:76cy1WJvNGJTj78UqeA5zr,IDGAF,Dua Lipa,Dua Lipa,1675870,,,,,<urlopen error [SSL: CERTIFICATE_VERIFY_FAILED] certificate verify failed: unabl
spotify:track:3UCkrXoXvrf1HMAbSKxLHw,The Chariot Jubilee,Robert Nathaniel Dett,The Aeolians,1673283,,,,,<urlopen error [SSL: CERTIFICATE_VERIFY_FAILED] certificate verify failed: unabl
spotify:track:14GM8TWZTxYMO6Am5OzPSZ,Lost In The Rhythm - PiSk Remix,Jamie Berry,Lost In The Rhythm Remixes,1672050,,,,,<urlopen error [SSL: CERTIFICATE_VERIFY_FAILED] certificate verify failed: unabl
spotify:track:2vVHf43MQ8V3gDbo8HRlnJ,Perhaps Vampires Is A Bit Strong But…,Arctic Monkeys,"Whatever People Say I Am, That's What I'm Not",1670462,,,,,<urlopen error [SSL: CERTIFICATE_VERIFY_FAILED] certificate verify failed: unabl
spotify:track:6B7oU4UtQ5UOIpxElRnlm7,The Source,Dbangz,The Source,1669813,,,,,<urlopen error [SSL: CERTIFICATE_VERIFY_FAILED] certificate verify failed: unabl
spotify:track:5mlMWrEXyLdWlOol7R6RFG,Uncanny long arms (with Jane Remover),underscores,Wallsocket (Director's Cut),1669159,,,,,<urlopen error [SSL: CERTIFICATE_VERIFY_FAILED] certificate verify failed: unabl
spotify:track:4BhwlQ9mTwhFGXpQvP9JTV,Lil Jimmy Skit,Kanye West,The College Dropout,1668473,,,,,<urlopen error [SSL: CERTIFICATE_VERIFY_FAILED] certificate verify failed: unabl
spotify:track:19aUuDd6udp1ACNo9t3IuZ,Death Cup,Mom Jeans.,Best Buds,1667034,,,,,<urlopen error [SSL: CERTIFICATE_VERIFY_FAILED] certificate verify failed: unabl
spotify:track:00CqEmnPLFKDhAb3cuu6Cs,Halo,Cage The Elephant,Melophobia,1664135,,,,,<urlopen error [SSL: CERTIFICATE_VERIFY_FAILED] certificate verify failed: unabl
spotify:track:4KgTrzmfiWNcVneh2Dd1Ou,Sometimes...,"Tyler, The Creator",Flower Boy,1660958,,,,,<urlopen error [SSL: CERTIFICATE_VERIFY_FAILED] certificate verify failed: unabl
spotify:track:1IKr9kUw7rpjfYIw907iFW,Call of the Elements,David Arkenstone,World of Warcraft: Cataclysm Original Soundtrack,1660900,,,,,<urlopen error [SSL: CERTIFICATE_VERIFY_FAILED] certificate verify failed: unabl
spotify:track:4SuLBSHPVKd3PypgU88tWZ,DAM! DAM! DAM! - OFFLINE,JPEGMAFIA,OFFLINE!,1659743,,,,,<urlopen error [SSL: CERTIFICATE_VERIFY_FAILED] certificate verify failed: unabl
spotify:track:21AUdfi6fLFDp9JuNcHsfS,"Hello, World",Louie Zong,"Hello, World",1658106,,,,,<urlopen error [SSL: CERTIFICATE_VERIFY_FAILED] certificate verify failed: unabl
spotify:track:3pVgGNVyHKqVnJTgBVbHSe,Val'Sharah,Russell Brower,World of Warcraft: Legion (Original Game Soundtrack),1657754,,,,,<urlopen error [SSL: CERTIFICATE_VERIFY_FAILED] certificate verify failed: unabl
spotify:track:4lQsB3ERTWSNaAN1IkuNRl,DDU-DU DDU-DU,BLACKPINK,SQUARE UP,1657682,,,,,<urlopen error [SSL: CERTIFICATE_VERIFY_FAILED] certificate verify failed: unabl
spotify:track:0eDQj41kzBhMKQIkTt6OJR,A Certain Romance,Arctic Monkeys,"Whatever People Say I Am, That's What I'm Not",1657651,,,,,<urlopen error [SSL: CERTIFICATE_VERIFY_FAILED] certificate verify failed: unabl
spotify:track:0KXvGydCYbBgHUlqrDbz3N,Somebody,Bridgit Mendler,Lemonade Mouth,1656967,,,,,<urlopen error [SSL: CERTIFICATE_VERIFY_FAILED] certificate verify failed: unabl
spotify:track:3CEm0R0huTRT1IcxYhuTWv,Candy,SEVENTEEN,SEVENTEEN 12th Mini Album 'SPILL THE FEELS',1654361,,,,,<urlopen error [SSL: CERTIFICATE_VERIFY_FAILED] certificate verify failed: unabl
spotify:track:6eHHh92uRcW1V8JNeLzauq,Dreams,Spaze,Limbo,1654095,,,,,<urlopen error [SSL: CERTIFICATE_VERIFY_FAILED] certificate verify failed: unabl
spotify:track:26vuzBc6qn7gcKbIVaN1wN,I vs I,Rare Americans,Rare Americans,1653668,,,,,<urlopen error [SSL: CERTIFICATE_VERIFY_FAILED] certificate verify failed: unabl
spotify:track:7MoHtlRxZ2cN9gfKg15eBg,Not The American Average,Asking Alexandria,Stand Up And Scream,1651903,,,,,<urlopen error [SSL: CERTIFICATE_VERIFY_FAILED] certificate verify failed: unabl
spotify:track:15r85VRFlKo2w8a5ymikr7,Come Home with Me,Reeve Carney,Hadestown (Original Broadway Cast Recording),1650932,,,,,<urlopen error [SSL: CERTIFICATE_VERIFY_FAILED] certificate verify failed: unabl
spotify:track:3NnINnjKVVs03xat0qLQFx,GROUP B,"Tyler, The Creator",GROUP B,1650015,,,,,<urlopen error [SSL: CERTIFICATE_VERIFY_FAILED] certificate verify failed: unabl
spotify:track:4r2sy3aJ3SoiGvPj3eLW1x,"just shut the f*** up for once, please... holy s***",Fukkit,Here Ya Go,1648788,,,,,<urlopen error [SSL: CERTIFICATE_VERIFY_FAILED] certificate verify failed: unabl
spotify:track:4K1Pg0FLno1ltzX3jeqT83,"dodger blue (feat. wallie the sensei, siete7x, roddy ricch)",Kendrick Lamar,GNX,1643732,,,,,<urlopen error [SSL: CERTIFICATE_VERIFY_FAILED] certificate verify failed: unabl
spotify:track:4NvFWcepJaxFYQoshx6niq,Why'd You Leave Me ?,Kg Prince,Palace,1642729,,,,,<urlopen error [SSL: CERTIFICATE_VERIFY_FAILED] certificate verify failed: unabl
spotify:track:5DPlKxiFhXEOZtkPukSiO4,What You Know,Freddie Dredd,Pink Lotus,1642723,,,,,<urlopen error [SSL: CERTIFICATE_VERIFY_FAILED] certificate verify failed: unabl
spotify:track:6wZI4mdT8JwXgkGURnBQiq,Say,John Mayer,Say,1641786,,,,,<urlopen error [SSL: CERTIFICATE_VERIFY_FAILED] certificate verify failed: unabl
spotify:track:21BoUOSvHlXgcEhiA4T1nA,Time of Our Life,DAY6,The Book of Us : Gravity,1641552,,,,,<urlopen error [SSL: CERTIFICATE_VERIFY_FAILED] certificate verify failed: unabl
spotify:track:4MTNimMDRyFZv37Thcktwa,God of Music,SEVENTEEN,SEVENTEEN 11th Mini Album 'SEVENTEENTH HEAVEN',1641064,,,,,<urlopen error [SSL: CERTIFICATE_VERIFY_FAILED] certificate verify failed: unabl
spotify:track:04bEhujOxzNrXeideMtFuR,Never Satisfied,CORPSE,Never Satisfied,1640806,,,,,<urlopen error [SSL: CERTIFICATE_VERIFY_FAILED] certificate verify failed: unabl
spotify:track:32nTiFx3cmXWfGVBlXi1bN,Fury Of The Storm,DragonForce,Killer Elite,1640210,,,,,<urlopen error [SSL: CERTIFICATE_VERIFY_FAILED] certificate verify failed: unabl
spotify:track:4MVk79dmYqi7HQs0bMgboy,Ghost Duet,Louie Zong,Ghost Duet,1639244,,,,,<urlopen error [SSL: CERTIFICATE_VERIFY_FAILED] certificate verify failed: unabl
spotify:track:1gqkRc9WtOpnGIqxf2Hvzr,On Sight,Kanye West,Yeezus,1637175,,,,,<urlopen error [SSL: CERTIFICATE_VERIFY_FAILED] certificate verify failed: unabl
spotify:track:3BQHpFgAp4l80e1XslIjNI,Yesterday - Remastered 2009,The Beatles,Help!,1636630,,,,,<urlopen error [SSL: CERTIFICATE_VERIFY_FAILED] certificate verify failed: unabl
spotify:track:1XvOEvWtfa879Wk1wKHZ1M,Cheers to youth,SEVENTEEN,SEVENTEEN BEST ALBUM '17 IS RIGHT HERE',1636496,,,,,<urlopen error [SSL: CERTIFICATE_VERIFY_FAILED] certificate verify failed: unabl
spotify:track:2fbJ5Msx8KoDKpyufH5YsU,I'll Never Love Again - Extended Version,Lady Gaga,A Star Is Born Soundtrack,1635101,,,,,<urlopen error [SSL: CERTIFICATE_VERIFY_FAILED] certificate verify failed: unabl
spotify:track:7L3eXnQsoCvRZinLJJ4slV,basement,halberd,basement,1633575,,,,,<urlopen error [SSL: CERTIFICATE_VERIFY_FAILED] certificate verify failed: unabl
spotify:track:6ZoxA9YPpGHWq1AUoWwWui,Falling in Love With a Corporate Illustration,Vylet Pony,Love & Ponystep,1633222,,,,,<urlopen error [SSL: CERTIFICATE_VERIFY_FAILED] certificate verify failed: unabl
spotify:track:1hR0fIFK2qRG3f3RF70pb7,Calm Like a Bomb,Rage Against The Machine,The Battle Of Los Angeles,1631954,,,,,<urlopen error [SSL: CERTIFICATE_VERIFY_FAILED] certificate verify failed: unabl
spotify:track:4Oq241mV2LEcQsfXQPOfZe,Crossroads,Avenged Sevenfold,Diamonds in the Rough,1631071,,,,,<urlopen error [SSL: CERTIFICATE_VERIFY_FAILED] certificate verify failed: unabl
spotify:track:2Zp4i8aIXc1dGoP7m1wOpa,Home,SEVENTEEN,SEVENTEEN 6th Mini Album 'YOU MADE MY DAWN',1629848,,,,,<urlopen error [SSL: CERTIFICATE_VERIFY_FAILED] certificate verify failed: unabl
spotify:track:1RGasjWLZ4qMN7wbtkLa3u,my boy,Billie Eilish,dont smile at me,1625308,,,,,<urlopen error [SSL: CERTIFICATE_VERIFY_FAILED] certificate verify failed: unabl
spotify:track:4lFp9RYuggXl9CNyaxBtgh,LIGHTS OUT,KXLLSWXTCH,DISORDER,1623797,,,,,<urlopen error [SSL: CERTIFICATE_VERIFY_FAILED] certificate verify failed: unabl
spotify:track:1Ns8G79cq1Y6PnHe4t3PtE,Boodydew,Okey Dokey,"Love You, Mean It",1623093,,,,,<urlopen error [SSL: CERTIFICATE_VERIFY_FAILED] certificate verify failed: unabl
spotify:track:7BY005dacJkbO6EPiOh2wb,House Of The Rising Sun,The Animals,The Animals,1622895,,,,,<urlopen error [SSL: CERTIFICATE_VERIFY_FAILED] certificate verify failed: unabl
spotify:track:64TjzuxG5PJ7payjphrOC0,South,Hippo Campus,South - Single,1620276,,,,,<urlopen error [SSL: CERTIFICATE_VERIFY_FAILED] certificate verify failed: unabl
spotify:track:04CHEoMbrLOiX8co3EG5dO,Thursday's Child Has Far To Go,TOMORROW X TOGETHER,minisode 2: Thursday's Child,1620000,,,,,<urlopen error [SSL: CERTIFICATE_VERIFY_FAILED] certificate verify failed: unabl
spotify:track:0YUOhNJdqqnDCP9djdJczR,Entr'acte,Alan Menken,The Hunchback of Notre Dame (Studio Cast Recording),1619406,,,,,<urlopen error [SSL: CERTIFICATE_VERIFY_FAILED] certificate verify failed: unabl
spotify:track:65axyQvg2r4AjZHzV5xfhC,"Gone, I'm Gone",Eva Noblezada,Hadestown (Original Broadway Cast Recording),1618838,,,,,<urlopen error [SSL: CERTIFICATE_VERIFY_FAILED] certificate verify failed: unabl
spotify:track:0DBjAILPOWLUsO6NMutClL,Sleep,Eric Whitacre,After Silence,1617893,,,,,<urlopen error [SSL: CERTIFICATE_VERIFY_FAILED] certificate verify failed: unabl
spotify:track:6XyjwF7CAwuEaW77noJr6I,Sleep Apnea,Beach Fossils,Clash the Truth,1617588,,,,,<urlopen error [SSL: CERTIFICATE_VERIFY_FAILED] certificate verify failed: unabl
spotify:track:552BIJ9kKwwqiGf4YojYbL,Man of War,Radiohead,OK Computer OKNOTOK 1997 2017,1614558,,,,,<urlopen error [SSL: CERTIFICATE_VERIFY_FAILED] certificate verify failed: unabl
spotify:track:42FM6tM3n06euZCvpJn3dn,Locals (Girls like us) [with gabby start],underscores,Wallsocket,1614066,,,,,<urlopen error [SSL: CERTIFICATE_VERIFY_FAILED] certificate verify failed: unabl
spotify:track:0rmGAIH9LNJewFw7nKzZnc,You Give Love A Bad Name,Bon Jovi,Slippery When Wet,1613376,,,,,<urlopen error [SSL: CERTIFICATE_VERIFY_FAILED] certificate verify failed: unabl
spotify:track:1YDebgap5OFwXEBG18NJvy,Red Light Green Light,DaBaby,Red Light Green Light,1611357,,,,,<urlopen error [SSL: CERTIFICATE_VERIFY_FAILED] certificate verify failed: unabl
spotify:track:0awZwmlC6pxH65KTZpadmX,Freakin' Out On the Interstate,Briston Maroney,Freakin' Out On The Interstate,1609563,,,,,<urlopen error [SSL: CERTIFICATE_VERIFY_FAILED] certificate verify failed: unabl
spotify:track:15pyFQHCTVp6T7vaWctSgO,Rich - Interlude,Kendrick Lamar,Mr. Morale & The Big Steppers,1609455,,,,,<urlopen error [SSL: CERTIFICATE_VERIFY_FAILED] certificate verify failed: unabl
spotify:track:6Eb3FQ2eSSyENY5wJsY0Ot,Acompáñame a Estar Solo,Ricardo Arjona,Adentro,1608546,,,,,<urlopen error [SSL: CERTIFICATE_VERIFY_FAILED] certificate verify failed: unabl
spotify:track:1LOZMYF5s8qhW7Rv4w2gun,Dreadlock Holiday,10cc,Bloody Tourists,1607676,,,,,<urlopen error [SSL: CERTIFICATE_VERIFY_FAILED] certificate verify failed: unabl
spotify:track:4jgLqsWfvkBrnc98COXMKy,"Money Game, Pt. 2",Ren,"Money Game, Pt. 2",1606823,,,,,<urlopen error [SSL: CERTIFICATE_VERIFY_FAILED] certificate verify failed: unabl
spotify:track:64EAA7P1Md6tgopmRQ27u5,The Hive,Glenn Stafford,StarCraft II: Original Soundtrack,1604861,,,,,<urlopen error [SSL: CERTIFICATE_VERIFY_FAILED] certificate verify failed: unabl
spotify:track:1xKrHVZW1NOH7WknHNvW8j,Don’t Look Back Into The Sun,The Libertines,Time For Heroes - The Best Of The Libertines,1604508,,,,,<urlopen error [SSL: CERTIFICATE_VERIFY_FAILED] certificate verify failed: unabl
spotify:track:7EqpEBPOohgk7NnKvBGFWo,Wait for It,Leslie Odom Jr.,Hamilton,1604063,,,,,<urlopen error [SSL: CERTIFICATE_VERIFY_FAILED] certificate verify failed: unabl
spotify:track:5GU2rPUlPhZOiPIKvWqJL7,Top Of The World,Ciara Renée,The Hunchback of Notre Dame (Studio Cast Recording),1603638,,,,,<urlopen error [SSL: CERTIFICATE_VERIFY_FAILED] certificate verify failed: unabl
spotify:track:5Q0Nhxo0l2bP3pNjpGJwV1,Party In The U.S.A.,Miley Cyrus,The Time Of Our Lives,1599875,,,,,<urlopen error [SSL: CERTIFICATE_VERIFY_FAILED] certificate verify failed: unabl
spotify:track:4S8PxReB1UiDR2F5x1lyIR,meet the grahams,Kendrick Lamar,meet the grahams,1598986,,,,,<urlopen error [SSL: CERTIFICATE_VERIFY_FAILED] certificate verify failed: unabl
spotify:track:3Wl0mzD8XymprXKxe6jhCm,The Dark Portal [Cinematic Intro],Neal Acree,World of Warcraft: The Burning Crusade Original Soundtrack,1597554,,,,,<urlopen error [SSL: CERTIFICATE_VERIFY_FAILED] certificate verify failed: unabl
spotify:track:6wtgR5ZVbOZPHIeMNQwugp,Adore U,SEVENTEEN,SEVENTEEN 1st Mini Album ’17 CARAT’,1596121,,,,,<urlopen error [SSL: CERTIFICATE_VERIFY_FAILED] certificate verify failed: unabl
spotify:track:6sGqITLl5MRHnOdMkflBxL,Dying at the Speed of Light (A Verse Done a Second Time),Rav,B-Sides Vol.3 (2011-2015),1595811,,,,,<urlopen error [SSL: CERTIFICATE_VERIFY_FAILED] certificate verify failed: unabl
spotify:track:03VO2kkG4grUKAKDFsaCn5,Topsy Turvy - Pt. 2,Erik Liberman,The Hunchback of Notre Dame,1594035,,,,,<urlopen error [SSL: CERTIFICATE_VERIFY_FAILED] certificate verify failed: unabl
spotify:track:5LYjGMfcITu0nse2enQFPL,Fuck Your Culture,$uicideboy$,Stop Staring At the Shadows,1586509,,,,,<urlopen error [SSL: CERTIFICATE_VERIFY_FAILED] certificate verify failed: unabl
spotify:track:27kJZKJsfaxQAEMjHSkiMk,Cross the Sun,Freddie Sunshine,Cross the Sun,1586004,,,,,<urlopen error [SSL: CERTIFICATE_VERIFY_FAILED] certificate verify failed: unabl
spotify:track:2VlLbhGLVJgdOW7kKdWWFc,Six Feet Under,Billie Eilish,Six Feet Under,1585826,,,,,<urlopen error [SSL: CERTIFICATE_VERIFY_FAILED] certificate verify failed: unabl
spotify:track:3SVAN3BRByDmHOhKyIDxfC,Karma Police,Radiohead,OK Computer,1584396,,,,,<urlopen error [SSL: CERTIFICATE_VERIFY_FAILED] certificate verify failed: unabl
spotify:track:4BnrGx9tWNF8aiXl1UhDBa,One Beer,MF DOOM,MM...FOOD,1579159,,,,,<urlopen error [SSL: CERTIFICATE_VERIFY_FAILED] certificate verify failed: unabl
spotify:track:61XnPCRt3H1RNQzyYUhK9f,Rest And Recreation,Andrew Samonsky,The Hunchback of Notre Dame,1576829,,,,,<urlopen error [SSL: CERTIFICATE_VERIFY_FAILED] certificate verify failed: unabl
spotify:track:3wUMcPzXcmaeW8QxTdyXQO,Pretty Girls Make Graves - 2011 Remaster,The Smiths,The Smiths,1575578,,,,,<urlopen error [SSL: CERTIFICATE_VERIFY_FAILED] certificate verify failed: unabl
spotify:track:0z5qWscGKJyQ5rjTRjMnOh,Deadzone,Cemetery Drive,Deadzone,1575309,,,,,<urlopen error [SSL: CERTIFICATE_VERIFY_FAILED] certificate verify failed: unabl
spotify:track:1WHNqqRWhJVZIdCScFKtl5,Washington on Your Side,Leslie Odom Jr.,Hamilton,1571959,,,,,<urlopen error [SSL: CERTIFICATE_VERIFY_FAILED] certificate verify failed: unabl
spotify:track:2Q18HgXzNB1jB85EuXFgNn,Vickie,Peach Pit,From 2 to 3,1570008,,,,,<urlopen error [SSL: CERTIFICATE_VERIFY_FAILED] certificate verify failed: unabl
spotify:track:5Av3flFGhQPu960OvjeNhm,March,SEVENTEEN,SEVENTEEN 4th Album 'Face the Sun',1569488,,,,,<urlopen error [SSL: CERTIFICATE_VERIFY_FAILED] certificate verify failed: unabl
spotify:track:4dVbhS6OiYvFikshyaQaCN,My Hero,Foo Fighters,The Colour And The Shape,1569341,,,,,<urlopen error [SSL: CERTIFICATE_VERIFY_FAILED] certificate verify failed: unabl
spotify:track:75HOjGeq8N5q7lFoB4oUoE,J'veux du soleil (feat. Au P'tit Bonheur) [Gramophonedzie Remix],Bart & Baker,Greatest Hits Remixed,1565986,,,,,<urlopen error [SSL: CERTIFICATE_VERIFY_FAILED] certificate verify failed: unabl
spotify:track:0BTaaKT4RMbs5M73tOHX5Y,Alcohol-Free,TWICE,Taste of Love,1565771,,,,,<urlopen error [SSL: CERTIFICATE_VERIFY_FAILED] certificate verify failed: unabl
spotify:track:7AexSIkQE9YmyOoVDv50vh,Crystalsong,Russell Brower,World of Warcraft: Wrath of the Lich King Original Soundtrack,1565703,,,,,<urlopen error [SSL: CERTIFICATE_VERIFY_FAILED] certificate verify failed: unabl
spotify:track:4vNSlJfNtUuYzTV2BnQ9Ei,brittle (wake up),Meltycanon,brittle (wake up),1564598,,,,,<urlopen error [SSL: CERTIFICATE_VERIFY_FAILED] certificate verify failed: unabl
spotify:track:57CRUGDbJlEBUXLDHKegxS,King K Rool,Belak,Internet Jesus,1563339,,,,,<urlopen error [SSL: CERTIFICATE_VERIFY_FAILED] certificate verify failed: unabl
spotify:track:14tNUeer5gUbUYvhYYTclS,REVEAL,THE BOYZ,THE BOYZ 1ST ALBUM [REVEAL],1562984,,,,,<urlopen error [SSL: CERTIFICATE_VERIFY_FAILED] certificate verify failed: unabl
spotify:track:528IK6LCUwBDWzKuXqe1Du,Dragonflight Announce Cinematic,Neal Acree,World of Warcraft: Dragonflight,1562384,,,,,<urlopen error [SSL: CERTIFICATE_VERIFY_FAILED] certificate verify failed: unabl
spotify:track:5d2fEfIzQz67c3YQ2trVnE,2 time zones,bbno$,eat ya veggies,1562127,,,,,<urlopen error [SSL: CERTIFICATE_VERIFY_FAILED] certificate verify failed: unabl
spotify:track:4Bkh5uDlP14vneIoRG0umC,DNA - Japanese ver.,BTS,FACE YOURSELF,1559594,,,,,<urlopen error [SSL: CERTIFICATE_VERIFY_FAILED] certificate verify failed: unabl
spotify:track:5CPXR6lDTvngxtmMZxnWmC,Pull Me Under,Dream Theater,Images and Words,1558106,,,,,<urlopen error [SSL: CERTIFICATE_VERIFY_FAILED] certificate verify failed: unabl
spotify:track:4tzTvhjxfpW8vrcch5hcCo,The Traveler's Path,Russell Brower,World of Warcraft: Mists of Pandaria Soundtrack,1555784,,,,,<urlopen error [SSL: CERTIFICATE_VERIFY_FAILED] certificate verify failed: unabl
spotify:track:7p96JusFU7y1qRt38IbnWo,Top Of The World,Ciara Renée,The Hunchback of Notre Dame,1551819,,,,,<urlopen error [SSL: CERTIFICATE_VERIFY_FAILED] certificate verify failed: unabl
spotify:track:3Fj47GNK2kUF0uaEDgXLaD,wish you were gay,Billie Eilish,"WHEN WE ALL FALL ASLEEP, WHERE DO WE GO?",1550801,,,,,<urlopen error [SSL: CERTIFICATE_VERIFY_FAILED] certificate verify failed: unabl
spotify:track:4qJlFOGMj7RALngPF2bGcc,Blue Eternal,Said The Sky,Sentiment,1549741,,,,,<urlopen error [SSL: CERTIFICATE_VERIFY_FAILED] certificate verify failed: unabl
spotify:track:2xoGJODoaiCGLb8WC6GEH3,Dark Tides,Creo,Dark Tides,1545832,,,,,<urlopen error [SSL: CERTIFICATE_VERIFY_FAILED] certificate verify failed: unabl
spotify:track:44lMco8DozoQuoNEJs6JBn,Jinbei,"Hi, I'm Chris",Jinbei,1545646,,,,,<urlopen error [SSL: CERTIFICATE_VERIFY_FAILED] certificate verify failed: unabl
spotify:track:14k4ALBLN2FjtELYDcQUoi,MOONLIGHT,TWICE,Formula of Love: O+T=<3,1545568,,,,,<urlopen error [SSL: CERTIFICATE_VERIFY_FAILED] certificate verify failed: unabl
spotify:track:165cwz4wGlGz0uDBhxdKLY,Right,Mac Miller,Circles,1544775,,,,,<urlopen error [SSL: CERTIFICATE_VERIFY_FAILED] certificate verify failed: unabl
spotify:track:1YjDfnmurrPj02xkWeDhEt,mother tongue,Liana Flores,recently,1542813,,,,,<urlopen error [SSL: CERTIFICATE_VERIFY_FAILED] certificate verify failed: unabl
spotify:track:5OxRFoaiavvN3lkvE6yeWS,Universal,Mr.Tree,Splitting,1542189,,,,,<urlopen error [SSL: CERTIFICATE_VERIFY_FAILED] certificate verify failed: unabl
spotify:track:2GuDgGY2TmwVo3uMlp1iW3,Whitacre: Leonardo Dreams Of His Flying Machine,Eric Whitacre,Light & Gold,1541985,,,,,<urlopen error [SSL: CERTIFICATE_VERIFY_FAILED] certificate verify failed: unabl
spotify:track:4Aw8n6r2vuU0KUo1a2nftp,Louder than bombs,BTS,MAP OF THE SOUL : 7,1541890,,,,,<urlopen error [SSL: CERTIFICATE_VERIFY_FAILED] certificate verify failed: unabl
spotify:track:3op7HNwLli54MBjFGzIlZO,Louder than bombs,BTS,MAP OF THE SOUL : 7,1540907,,,,,<urlopen error [SSL: CERTIFICATE_VERIFY_FAILED] certificate verify failed: unabl
spotify:track:6S7JYWOfGE5Sk3L9cAlATH,Glock 19,Ameer Vann,EMMANUEL,1540592,,,,,<urlopen error [SSL: CERTIFICATE_VERIFY_FAILED] certificate verify failed: unabl
spotify:track:5ti4mhcnlDhC2J1CYUYhWQ,Keep The Beat,Eric B. & Rakim,Don't Sweat The Technique,1540122,,,,,<urlopen error [SSL: CERTIFICATE_VERIFY_FAILED] certificate verify failed: unabl
spotify:track:3GXSywNvYLAVUCtjMHkKDh,E. Coli (feat. Earl Sweatshirt),The Alchemist,Bread,1539264,,,,,<urlopen error [SSL: CERTIFICATE_VERIFY_FAILED] certificate verify failed: unabl
spotify:track:6oFnvQKIwFMqbgFyw52xEH,Ryan & Dave,Rare Americans,Rare Americans 2,1538750,,,,,<urlopen error [SSL: CERTIFICATE_VERIFY_FAILED] certificate verify failed: unabl
spotify:track:2lfEMPAs5tEMHJITKZydib,Dichotomy (Intro),GG Magree,Dichotomy,1538416,,,,,<urlopen error [SSL: CERTIFICATE_VERIFY_FAILED] certificate verify failed: unabl
spotify:track:3EY1vEkydU2oguC17jzhTZ,Typical Story,Hobo Johnson,The Fall of Hobo Johnson,1537961,,,,,<urlopen error [SSL: CERTIFICATE_VERIFY_FAILED] certificate verify failed: unabl
spotify:track:4pW1ftcpCJt1VxbPwVknz0,Tavern,Jason Hayes,World of Warcraft Original Soundtrack,1534127,,,,,<urlopen error [SSL: CERTIFICATE_VERIFY_FAILED] certificate verify failed: unabl
spotify:track:6tO5bxNnMuh1c3cziSpecA,Paris,$uicideboy$,Now the Moon's Rising,1532646,,,,,<urlopen error [SSL: CERTIFICATE_VERIFY_FAILED] certificate verify failed: unabl
spotify:track:2NSCKPxS53FFgIOgiMAFZy,Ima -Even if the world ends tomorrow- (Korean Ver.),SEVENTEEN,SEVENTEEN BEST ALBUM '17 IS RIGHT HERE',1532048,,,,,<urlopen error [SSL: CERTIFICATE_VERIFY_FAILED] certificate verify failed: unabl
spotify:track:7tmZ21lno9WK3K4Sezt6qj,Bitter Fuck,Joji,In Tongues (Deluxe),1531525,,,,,<urlopen error [SSL: CERTIFICATE_VERIFY_FAILED] certificate verify failed: unabl
spotify:track:5m96sdIjVzGqsVli8HHld4,Single Stop,CatDany,follow catdany on *******,1531186,,,,,<urlopen error [SSL: CERTIFICATE_VERIFY_FAILED] certificate verify failed: unabl
spotify:track:1jJci4qxiYcOHhQR247rEU,Kids,MGMT,Oracular Spectacular,1530919,,,,,<urlopen error [SSL: CERTIFICATE_VERIFY_FAILED] certificate verify failed: unabl
spotify:track:4Poyj3UZHpa09UGug72E2s,Made Of Stone,Michael Arden,The Hunchback of Notre Dame,1530735,,,,,<urlopen error [SSL: CERTIFICATE_VERIFY_FAILED] certificate verify failed: unabl
spotify:track:7tsvCWpEmdOKBUyHiy370Y,City Rain,Nature Sounds,Rain Sounds,1529253,,,,,<urlopen error [SSL: CERTIFICATE_VERIFY_FAILED] certificate verify failed: unabl
spotify:track:0HZk0QsXPhMNAWNDR3rYE8,Hallelujah,Pentatonix,A Pentatonix Christmas Deluxe,1527311,,,,,<urlopen error [SSL: CERTIFICATE_VERIFY_FAILED] certificate verify failed: unabl
spotify:track:5sYrUmIN7mRyf71ZHBY2Px,Dear God,Confetti,Dear God,1526269,,,,,<urlopen error [SSL: CERTIFICATE_VERIFY_FAILED] certificate verify failed: unabl
spotify:track:68kHuoBxtNcWZWxBu1V007,Crush,SEVENTEEN,SEVENTEEN 9th Mini Album 'Attacca',1526040,,,,,<urlopen error [SSL: CERTIFICATE_VERIFY_FAILED] certificate verify failed: unabl
spotify:track:1fNwwml8UcKvhfM6YEVIRh,What if…,j-hope,Jack In The Box,1523208,,,,,<urlopen error [SSL: CERTIFICATE_VERIFY_FAILED] certificate verify failed: unabl
spotify:track:77loZpT5Y5PRP1S451P9Yz,The Reason,Hoobastank,The Reason,1523050,,,,,<urlopen error [SSL: CERTIFICATE_VERIFY_FAILED] certificate verify failed: unabl
spotify:track:6shRGWCtBUOPFLFTTqXZIC,Upside Down,Jack Johnson,Jack Johnson And Friends: Sing-A-Longs And Lullabies For The Film Curious George,1522926,,,,,<urlopen error [SSL: CERTIFICATE_VERIFY_FAILED] certificate verify failed: unabl
spotify:track:437ShA8eBSfBmezIP9MeX1,Right Now,Korn,Take A Look In The Mirror,1520218,,,,,<urlopen error [SSL: CERTIFICATE_VERIFY_FAILED] certificate verify failed: unabl
spotify:track:2JdVd74bljY4rUV7dQHztz,2004 Breakup,The Gentle Men,2004 Breakup,1520196,,,,,<urlopen error [SSL: CERTIFICATE_VERIFY_FAILED] certificate verify failed: unabl
spotify:track:0vbhRDi46TDNHkhKbZa81B,Tire Swing,Kimya Dawson,Remember That I Love You,1514815,,,,,<urlopen error [SSL: CERTIFICATE_VERIFY_FAILED] certificate verify failed: unabl
spotify:track:5Z8bZUcCBjIezSPXKFQuCA,Peter Lumberjack,Phos Toni,Peter Lumberjack,1514517,,,,,<urlopen error [SSL: CERTIFICATE_VERIFY_FAILED] certificate verify failed: unabl
spotify:track:4m3uMuu1gYYjZPtZvTOe6t,Orgasm of Death,The Growlers,Casual Acquaintances,1513342,,,,,<urlopen error [SSL: CERTIFICATE_VERIFY_FAILED] certificate verify failed: unabl
spotify:track:7c6Z6ArJ07SdsHxFjuOJ6I,The Fool,Neutral Milk Hotel,In the Aeroplane Over the Sea,1511933,,,,,<urlopen error [SSL: CERTIFICATE_VERIFY_FAILED] certificate verify failed: unabl
spotify:track:0jNnyEtmYmnfF5MRiR42kw,All of My Love,Okey Dokey,"Love You, Mean It",1511905,,,,,<urlopen error [SSL: CERTIFICATE_VERIFY_FAILED] certificate verify failed: unabl
spotify:track:3aUFrxO1B8EW63QchEl3wX,Feel The Love,KIDS SEE GHOSTS,KIDS SEE GHOSTS,1511189,,,,,<urlopen error [SSL: CERTIFICATE_VERIFY_FAILED] certificate verify failed: unabl
spotify:track:4MITx2mU5AihHNUVDPKEpE,Nothing Changes,Jewelle Blackman,Hadestown (Original Broadway Cast Recording),1510341,,,,,<urlopen error [SSL: CERTIFICATE_VERIFY_FAILED] certificate verify failed: unabl
spotify:track:65fpYBrI8o2cfrwf2US4gq,Rewrite The Stars,Zac Efron,The Greatest Showman (Original Motion Picture Soundtrack),1509209,,,,,<urlopen error [SSL: CERTIFICATE_VERIFY_FAILED] certificate verify failed: unabl
spotify:track:5YeQ7fBFgNT6cjwsOFUs2z,Let's Shake,Yxngxr1,I Don't Suit Hats,1507792,,,,,<urlopen error [SSL: CERTIFICATE_VERIFY_FAILED] certificate verify failed: unabl
spotify:track:4vpaz6338VqJIeJHq6z2mU,Interlude,My Chemical Romance,Three Cheers for Sweet Revenge,1507168,,,,,<urlopen error [SSL: CERTIFICATE_VERIFY_FAILED] certificate verify failed: unabl
spotify:track:1rqb2FCXVn2HNL1afJEnTr,9 and Three Quarters (Run Away),TOMORROW X TOGETHER,The Dream Chapter: MAGIC,1506413,,,,,<urlopen error [SSL: CERTIFICATE_VERIFY_FAILED] certificate verify failed: unabl
spotify:track:62KeM7jbmYvzT5FycdiQeS,Wake Up Mr. West,Kanye West,Late Registration,1506380,,,,,<urlopen error [SSL: CERTIFICATE_VERIFY_FAILED] certificate verify failed: unabl
spotify:track:6PK17adnGYJ5CGOtHLXRyF,Ooby Dooby,Creedence Clearwater Revival,Cosmo's Factory,1505552,,,,,<urlopen error [SSL: CERTIFICATE_VERIFY_FAILED] certificate verify failed: unabl
spotify:track:5CpH0bwau1sW8vtTBQ8Erc,ingydar,Adrianne Lenker,songs,1504816,,,,,<urlopen error [SSL: CERTIFICATE_VERIFY_FAILED] certificate verify failed: unabl
spotify:track:2MLHyLy5z5l5YRp7momlgw,Island In The Sun,Weezer,Weezer,1502771,,,,,<urlopen error [SSL: CERTIFICATE_VERIFY_FAILED] certificate verify failed: unabl
spotify:track:1Wsbr1d2BouNGk2q92mIj7,Pt. 2,Kanye West,The Life Of Pablo,1502027,,,,,<urlopen error [SSL: CERTIFICATE_VERIFY_FAILED] certificate verify failed: unabl
spotify:track:3A4TIpLeMng0Nn0N7yre4g,Evil Fantasy,Freddie Dredd,Evil Fantasy,1501692,,,,,<urlopen error [SSL: CERTIFICATE_VERIFY_FAILED] certificate verify failed: unabl
spotify:track:4uwG6NvMrlt9AWhqelb1MG,Gas Mask,Rare Americans,Gas Mask,1500025,,,,,<urlopen error [SSL: CERTIFICATE_VERIFY_FAILED] certificate verify failed: unabl
spotify:track:2H30WL3exSctlDC9GyRbD4,Live Well,Palace,So Long Forever,1499189,,,,,<urlopen error [SSL: CERTIFICATE_VERIFY_FAILED] certificate verify failed: unabl
spotify:track:0FGxAEMIE5GhyFqFMHRWaO,"Endless Love - From ""The Endless Love"" Soundtrack",Lionel Richie,The Definitive Collection,1497231,,,,,<urlopen error [SSL: CERTIFICATE_VERIFY_FAILED] certificate verify failed: unabl
spotify:track:2gT72HL4Y84K2Mle3miAMJ,DiE4u,Bring Me The Horizon,DiE4u,1493261,,,,,<urlopen error [SSL: CERTIFICATE_VERIFY_FAILED] certificate verify failed: unabl
spotify:track:0p5eZCY0R7uNCZS1YDtIYI,Hey,Pixies,Doolittle,1491580,,,,,<urlopen error [SSL: CERTIFICATE_VERIFY_FAILED] certificate verify failed: unabl
spotify:track:0sObxZUKqdPfgjG9ahSlP5,The Pursuit Of Vikings,Amon Amarth,Fate of Norns,1490045,,,,,<urlopen error [SSL: CERTIFICATE_VERIFY_FAILED] certificate verify failed: unabl
spotify:track:2dvgoGTEjoPWou8KdL9h1g,WHAT KIND OF RAPPIN' IS THIS?,JPEGMAFIA,LP!,1489138,,,,,<urlopen error [SSL: CERTIFICATE_VERIFY_FAILED] certificate verify failed: unabl
spotify:track:13XQBZwx44KJArr8oTRmSf,Bleep Freestyle,Byemilo,After Party,1488044,,,,,<urlopen error [SSL: CERTIFICATE_VERIFY_FAILED] certificate verify failed: unabl
spotify:track:0ilwFWjTwXszzwaG3XlNWj,IF you leave me,SEVENTEEN,SEVENTEEN 4th Album 'Face the Sun',1487791,,,,,<urlopen error [SSL: CERTIFICATE_VERIFY_FAILED] certificate verify failed: unabl
spotify:track:0QZ5yyl6B6utIWkxeBDxQN,The Night We Met,Lord Huron,Strange Trails,1487411,,,,,<urlopen error [SSL: CERTIFICATE_VERIFY_FAILED] certificate verify failed: unabl
spotify:track:7sMZiJ858e9yGIJ1f7iZ4a,I Can't Write Love Songs so Here's a Lofi Hip Hop Track,"Hi, I'm Chris",I Can't Write Love Songs so Here's a Lofi Hip Hop Track,1486991,,,,,<urlopen error [SSL: CERTIFICATE_VERIFY_FAILED] certificate verify failed: unabl
spotify:track:2PA9gbYTBSouo6RnofGdkj,Entr'acte,Alan Menken,The Hunchback of Notre Dame,1486589,,,,,<urlopen error [SSL: CERTIFICATE_VERIFY_FAILED] certificate verify failed: unabl
spotify:track:3sAYxq1986j3ydqLv6jwUJ,"Serenade for Strings in E Major, Op. 22, B. 52: II. Tempo di valse",Antonín Dvořák,"Dvořák: Serenade for Strings, Czech Suite",1485824,,,,,<urlopen error [SSL: CERTIFICATE_VERIFY_FAILED] certificate verify failed: unabl
spotify:track:4Ooq4tmYpe3nZP1BnCtsWM,Dontmakemefallinlove,Cuco,Chiquito,1484519,,,,,<urlopen error [SSL: CERTIFICATE_VERIFY_FAILED] certificate verify failed: unabl
spotify:track:2PFs28cJrIapJx7Seg0j5s,Company,Strawberry Guy,Sun Outside My Window,1484426,,,,,<urlopen error [SSL: CERTIFICATE_VERIFY_FAILED] certificate verify failed: unabl
spotify:track:2NJBz8SKRBTAXzfuSQAfVN,Don't You Lose,Okey Dokey,"Love You, Mean It",1480800,,,,,<urlopen error [SSL: CERTIFICATE_VERIFY_FAILED] certificate verify failed: unabl
spotify:track:7jKHJoOij35nfpq6PYHlFH,In My Room,Insane Clown Posse,Hell's Pit,1479178,,,,,<urlopen error [SSL: CERTIFICATE_VERIFY_FAILED] certificate verify failed: unabl
spotify:track:5YflUS87Dptt9VMhMazKJH,[untitled],Neutral Milk Hotel,In the Aeroplane Over the Sea,1479175,,,,,<urlopen error [SSL: CERTIFICATE_VERIFY_FAILED] certificate verify failed: unabl
spotify:track:7ekHqRv26hlmoMg0K0GeRZ,Monopoly,Matt Watson,Monopoly,1476282,,,,,<urlopen error [SSL: CERTIFICATE_VERIFY_FAILED] certificate verify failed: unabl
spotify:track:5XZDMhpQ9i4kbcGpbPOPB5,Señorita,Kurt Hugo Schneider,Kurt & Company Vol 8,1474742,,,,,<urlopen error [SSL: CERTIFICATE_VERIFY_FAILED] certificate verify failed: unabl
spotify:track:45aBsnKRWUzhwbcqOJLwfe,This Is Me,Keala Settle,The Greatest Showman (Original Motion Picture Soundtrack),1474705,,,,,<urlopen error [SSL: CERTIFICATE_VERIFY_FAILED] certificate verify failed: unabl
spotify:track:0ffweDHrg4bZqdG4IfGYuo,Pied Piper,BTS,Love Yourself 承 'Her',1473720,,,,,<urlopen error [SSL: CERTIFICATE_VERIFY_FAILED] certificate verify failed: unabl
spotify:track:3dcuKoldPfinS6ee4DijP2,Rhythm Of The Tambourine,Erik Liberman,The Hunchback of Notre Dame,1471885,,,,,<urlopen error [SSL: CERTIFICATE_VERIFY_FAILED] certificate verify failed: unabl
spotify:track:1xKGnsdKOh8jx8pzSZAgXE,5 Dollar Pony Rides,Mac Miller,Balloonerism,1470520,,,,,<urlopen error [SSL: CERTIFICATE_VERIFY_FAILED] certificate verify failed: unabl
spotify:track:53eMEHD5vu4kRB458TCuiM,Maud Gone,Car Seat Headrest,Teens of Style,1470473,,,,,<urlopen error [SSL: CERTIFICATE_VERIFY_FAILED] certificate verify failed: unabl
spotify:track:6QlSPjiXHc1XwGKeEls6Gh,Echo,Clairo,Charm,1470073,,,,,<urlopen error [SSL: CERTIFICATE_VERIFY_FAILED] certificate verify failed: unabl
spotify:track:1TQuqiFxqnVeez9OMq3emB,Home,Vacations,Vibes,1470010,,,,,<urlopen error [SSL: CERTIFICATE_VERIFY_FAILED] certificate verify failed: unabl
spotify:track:0nHTB2V4al5WllzzQmcAoe,Acompáñame a Estar Solo - En Vivo,Ricardo Arjona,Arjona Metamorfosis en Vivo,1468264,,,,,<urlopen error [SSL: CERTIFICATE_VERIFY_FAILED] certificate verify failed: unabl
spotify:track:2M94jpYPbiIPi9jcmZmDKr,Omg This Slaps!,TrippyThaKid,Squid Puppies Deluxe,1467961,,,,,<urlopen error [SSL: CERTIFICATE_VERIFY_FAILED] certificate verify failed: unabl
spotify:track:6UX5xTAyi9I8e1nwoB1C5Q,Milk Man,Rare Americans,Milk Man,1467701,,,,,<urlopen error [SSL: CERTIFICATE_VERIFY_FAILED] certificate verify failed: unabl
spotify:track:3JvKfv6T31zO0ini8iNItO,Another Love,Tom Odell,Long Way Down (Deluxe),1466160,,,,,<urlopen error [SSL: CERTIFICATE_VERIFY_FAILED] certificate verify failed: unabl
spotify:track:3Tc57t9l2O8FwQZtQOvPXK,my strange addiction,Billie Eilish,"WHEN WE ALL FALL ASLEEP, WHERE DO WE GO?",1465784,,,,,<urlopen error [SSL: CERTIFICATE_VERIFY_FAILED] certificate verify failed: unabl
spotify:track:2tWioTW2rs0CXf1dTXlRrX,I’m Not That Girl,Cynthia Erivo,Wicked: The Soundtrack,1464127,,,,,<urlopen error [SSL: CERTIFICATE_VERIFY_FAILED] certificate verify failed: unabl
spotify:track:3RAFcUBrCNaboRXoP3S5t1,Psychosocial,Slipknot,All Hope Is Gone,1462350,,,,,<urlopen error [SSL: CERTIFICATE_VERIFY_FAILED] certificate verify failed: unabl
spotify:track:0RUGuh2uSNFJpGMSsD1F5C,It Will Rain,Bruno Mars,The Twilight Saga: Breaking Dawn - Part 1,1460907,,,,,<urlopen error [SSL: CERTIFICATE_VERIFY_FAILED] certificate verify failed: unabl
spotify:track:3Ys2PYl1wyPKQIwyqhP9cQ,Stay Gold,BTS,MAP OF THE SOUL : 7 ~ THE JOURNEY ~,1459596,,,,,<urlopen error [SSL: CERTIFICATE_VERIFY_FAILED] certificate verify failed: unabl
spotify:track:3h8KGJn9UFX2cfjN78iMVF,Y Cómo Es El,Marc Anthony,Iconos,1458338,,,,,<urlopen error [SSL: CERTIFICATE_VERIFY_FAILED] certificate verify failed: unabl
spotify:track:733tju3KUeatsbjcTRQ04i,Yorktown (The World Turned Upside Down),Original Broadway Cast of Hamilton,Hamilton,1455296,,,,,<urlopen error [SSL: CERTIFICATE_VERIFY_FAILED] certificate verify failed: unabl
spotify:track:4EWBhKf1fOFnyMtUzACXEc,Pluto Projector,Rex Orange County,Pony,1453258,,,,,<urlopen error [SSL: CERTIFICATE_VERIFY_FAILED] certificate verify failed: unabl
spotify:track:3Qa944OTMZkg8DHjET8JQv,Woods,Mac Miller,Circles,1452123,,,,,<urlopen error [SSL: CERTIFICATE_VERIFY_FAILED] certificate verify failed: unabl
spotify:track:1wFFFzJ5EsKbBWZriAcubN,Family Matters,Drake,Family Matters,1450861,,,,,<urlopen error [SSL: CERTIFICATE_VERIFY_FAILED] certificate verify failed: unabl
spotify:track:3p1J2lefXYI4mMQqXUez75,Campfire,SEVENTEEN,"SEVENTEEN 2ND ALBUM 'TEEN, AGE' (2)",1450161,,,,,<urlopen error [SSL: CERTIFICATE_VERIFY_FAILED] certificate verify failed: unabl
spotify:track:6Am5c56j51SarbLHvYv2KU,Numb,Dbangz,Numb,1446209,,,,,<urlopen error [SSL: CERTIFICATE_VERIFY_FAILED] certificate verify failed: unabl
spotify:track:5SM5amC17V4itA5jxIICjS,Sweepstakes (feat. Mos Def and Hypnotic Brass Ensemble),Gorillaz,Plastic Beach,1445961,,,,,<urlopen error [SSL: CERTIFICATE_VERIFY_FAILED] certificate verify failed: unabl
spotify:track:0t7ZUtJLGTx6WRJZajohxC,Brown Sugar - Remastered 2009,The Rolling Stones,Honk,1445432,,,,,<urlopen error [SSL: CERTIFICATE_VERIFY_FAILED] certificate verify failed: unabl
spotify:track:1tnZxHryc2wWtjUZC1LQw5,Noid,"Tyler, The Creator",Noid,1444265,,,,,<urlopen error [SSL: CERTIFICATE_VERIFY_FAILED] certificate verify failed: unabl
spotify:track:3DARtRcDPjlvIKHcT59uhW,Dilltastic Vol Won(derful),The Roots,Game Theory,1442772,,,,,<urlopen error [SSL: CERTIFICATE_VERIFY_FAILED] certificate verify failed: unabl
spotify:track:1z4VodQtJDaAGwVXfCDhYg,My Bad Alice,Jenova Collective,My Bad Alice,1438370,,,,,<urlopen error [SSL: CERTIFICATE_VERIFY_FAILED] certificate verify failed: unabl
spotify:track:4kUZvXB3LC3an3HX6h0s17,Cudi Montage,KIDS SEE GHOSTS,KIDS SEE GHOSTS,1437594,,,,,<urlopen error [SSL: CERTIFICATE_VERIFY_FAILED] certificate verify failed: unabl
spotify:track:6iZDg6XanE0AZIp0Tv3GMk,Shed Theory Pinky Ring,Marlon DuBois,"Shed Theory, Vol. 1",1436843,,,,,<urlopen error [SSL: CERTIFICATE_VERIFY_FAILED] certificate verify failed: unabl
spotify:track:2H1yryyX0T1GHtN6JzaoLK,I Think I'm Tired,Vincent Augustus,I Think I'm Tired,1436321,,,,,<urlopen error [SSL: CERTIFICATE_VERIFY_FAILED] certificate verify failed: unabl
spotify:track:3xq2cEbJqjkbHNSpF2ddMi,Forever Howlong,"Black Country, New Road",Forever Howlong,1436041,,,,,<urlopen error [SSL: CERTIFICATE_VERIFY_FAILED] certificate verify failed: unabl
spotify:track:4hm33jVolpa22nzhlY72jD,Intermission,Strawberry Guy,Taking My Time to Be,1435407,,,,,<urlopen error [SSL: CERTIFICATE_VERIFY_FAILED] certificate verify failed: unabl
spotify:track:7mSjzMyIzwP1EowBGHFDcf,El Farolito - Live,Voz Veis,Vas,1434643,,,,,<urlopen error [SSL: CERTIFICATE_VERIFY_FAILED] certificate verify failed: unabl
spotify:track:0u7gdux7Ft6P69Uyj0pa4a,Swag Bag,The Young Punx,Electro Carousel Club Night (Selected by Dr Cat),1432914,,,,,<urlopen error [SSL: CERTIFICATE_VERIFY_FAILED] certificate verify failed: unabl
spotify:track:1RMnVmHGSvxlexnenQEXSb,Monster,SEVENTEEN,SEVENTEEN 11th Mini Album 'SEVENTEENTH HEAVEN',1431360,,,,,<urlopen error [SSL: CERTIFICATE_VERIFY_FAILED] certificate verify failed: unabl
spotify:track:3MA7N8ALJzg4I696jxdk8d,Light it up,Camellia,crystallized,1428681,,,,,<urlopen error [SSL: CERTIFICATE_VERIFY_FAILED] certificate verify failed: unabl
spotify:track:7nF74JcG12aaD8lV9SJVTu,Best Tears,The Happy Fits,Concentrate,1426797,,,,,<urlopen error [SSL: CERTIFICATE_VERIFY_FAILED] certificate verify failed: unabl
spotify:track:26OVhEqFDQH0Ij77QtmGP9,YES or YES,TWICE,YES or YES,1426080,,,,,<urlopen error [SSL: CERTIFICATE_VERIFY_FAILED] certificate verify failed: unabl
spotify:track:74uGhWp4BYpjFj1V2DzgoO,Pink,Aerosmith,Nine Lives,1425633,,,,,<urlopen error [SSL: CERTIFICATE_VERIFY_FAILED] certificate verify failed: unabl
spotify:track:3FAmnX3nUGsue2TcNEnq0t,Miracle,TOMORROW X TOGETHER,minisode 3: TOMORROW,1424671,,,,,<urlopen error [SSL: CERTIFICATE_VERIFY_FAILED] certificate verify failed: unabl
spotify:track:2PpruBYCo4H7WOBJ7Q2EwM,Hey Ya!,Outkast,Speakerboxxx/The Love Below,1424017,,,,,<urlopen error [SSL: CERTIFICATE_VERIFY_FAILED] certificate verify failed: unabl
spotify:track:5YotzD692xl8wcqMi9pj8X,One for the Road,Atom Smith,One for the Road,1423045,,,,,<urlopen error [SSL: CERTIFICATE_VERIFY_FAILED] certificate verify failed: unabl
spotify:track:6ooluO7DiEhI1zmK94nRCM,Take Me Out,Franz Ferdinand,Franz Ferdinand,1422156,,,,,<urlopen error [SSL: CERTIFICATE_VERIFY_FAILED] certificate verify failed: unabl
spotify:track:6J0AjzrYsPZrQtw6IjErhy,Run Through The Jungle,Creedence Clearwater Revival,Cosmo's Factory,1421982,,,,,<urlopen error [SSL: CERTIFICATE_VERIFY_FAILED] certificate verify failed: unabl
spotify:track:47X95Rup7LOEaVIHWlkRUT,She's A Big Boy,Mcbaise,She's A Big Boy,1421979,,,,,<urlopen error [SSL: CERTIFICATE_VERIFY_FAILED] certificate verify failed: unabl
spotify:track:0jBE7Fn78EAvmIs3dCd6GO,Is This It,The Strokes,Is This It,1421546,,,,,<urlopen error [SSL: CERTIFICATE_VERIFY_FAILED] certificate verify failed: unabl
spotify:track:3f6KCfAEKkL43OvGty6NcC,Unholy Warcry,Rhapsody,Symphony of Enchanted Lands II (The Dark Secret),1421390,,,,,<urlopen error [SSL: CERTIFICATE_VERIFY_FAILED] certificate verify failed: unabl
spotify:track:1KC5Y3kIiHvEDdinY0OcRL,Phobia,Stray Kids,GO LIVE,1421051,,,,,<urlopen error [SSL: CERTIFICATE_VERIFY_FAILED] certificate verify failed: unabl
spotify:track:4OhDEeGfcjKxovSxFRpNgT,SObeR,Suzy,Faces of Love,1420849,,,,,<urlopen error [SSL: CERTIFICATE_VERIFY_FAILED] certificate verify failed: unabl
spotify:track:7BuzJmV2h6eBbSDdRaDY7C,Fake Tales Of San Francisco,Arctic Monkeys,"Whatever People Say I Am, That's What I'm Not",1419565,,,,,<urlopen error [SSL: CERTIFICATE_VERIFY_FAILED] certificate verify failed: unabl
spotify:track:6LTCkWRDCwNzBYVFAKsyLJ,catherine never broke again,saoirse dream,saoirse dream,1418440,,,,,<urlopen error [SSL: CERTIFICATE_VERIFY_FAILED] certificate verify failed: unabl
spotify:track:2MAaiV0bbeq4FpSwPe2rR8,Find a Way,A Tribe Called Quest,The Love Movement,1417553,,,,,<urlopen error [SSL: CERTIFICATE_VERIFY_FAILED] certificate verify failed: unabl
spotify:track:7qTr6NXpNeVriU1jCbXqCg,"Jesus, Etc. - 2022 Remaster",Wilco,Yankee Hotel Foxtrot,1417082,,,,,<urlopen error [SSL: CERTIFICATE_VERIFY_FAILED] certificate verify failed: unabl
spotify:track:4Du4tezPQDZyABGvtnBWx7,Rare Form,Sugs,Pepper,1416791,,,,,<urlopen error [SSL: CERTIFICATE_VERIFY_FAILED] certificate verify failed: unabl
spotify:track:37IFFBgI7qnLKqGP15mmIu,venus fly trap,brakence,venus fly trap,1416530,,,,,<urlopen error [SSL: CERTIFICATE_VERIFY_FAILED] certificate verify failed: unabl
spotify:track:2b1giYlyoVYwyIsHQCvhlc,Humility,Sugs,Pepper,1415317,,,,,<urlopen error [SSL: CERTIFICATE_VERIFY_FAILED] certificate verify failed: unabl
spotify:track:49fT6owWuknekShh9utsjv,Feedback,Kanye West,The Life Of Pablo,1414013,,,,,<urlopen error [SSL: CERTIFICATE_VERIFY_FAILED] certificate verify failed: unabl
spotify:track:0XxlWjcNRYhucKG6XugtoG,Robson Girl,Mac DeMarco,2,1413437,,,,,<urlopen error [SSL: CERTIFICATE_VERIFY_FAILED] certificate verify failed: unabl
spotify:track:4z0JCeeUvgi5kp0u84kPSe,La De La Mala Suerte,Jesse & Joy,Soltando Al Perro,1413212,,,,,<urlopen error [SSL: CERTIFICATE_VERIFY_FAILED] certificate verify failed: unabl
spotify:track:5veJDT0MLsLbhYsx42GXUD,Don't Stand So Close To Me,The Police,Zenyatta Mondatta,1413101,,,,,<urlopen error [SSL: CERTIFICATE_VERIFY_FAILED] certificate verify failed: unabl
spotify:track:519nSwwD1B5g1nw4iZkqsh,Stunna,Freddie Dredd,Suffer,1411927,,,,,<urlopen error [SSL: CERTIFICATE_VERIFY_FAILED] certificate verify failed: unabl
spotify:track:19iqr6RpUsQPZLid2EPF3g,High Strung,Atwood,High Strung,1410602,,,,,<urlopen error [SSL: CERTIFICATE_VERIFY_FAILED] certificate verify failed: unabl
spotify:track:7ywU7jGgXhtRT33lnJS2kK,Birds Aren't Real,Ben Beal,Don't Feed the Birds,1410522,,,,,<urlopen error [SSL: CERTIFICATE_VERIFY_FAILED] certificate verify failed: unabl
spotify:track:2kh0u2d2YKQ7BCqeLPdHk6,Breakout,Foo Fighters,There Is Nothing Left To Lose,1410467,,,,,<urlopen error [SSL: CERTIFICATE_VERIFY_FAILED] certificate verify failed: unabl
spotify:track:2zzLRQ78kKfPTx8FJQCdC2,When The Sun Goes Down,Arctic Monkeys,"Whatever People Say I Am, That's What I'm Not",1408559,,,,,<urlopen error [SSL: CERTIFICATE_VERIFY_FAILED] certificate verify failed: unabl
spotify:track:6FI3RJ58Ztl0X1VtA6pVs9,Oh My God (feat. Busta Rhymes),A Tribe Called Quest,Midnight Marauders,1408174,,,,,<urlopen error [SSL: CERTIFICATE_VERIFY_FAILED] certificate verify failed: unabl
spotify:track:439TlnnznSiBbQbgXiBqAd,m.A.A.d city,Kendrick Lamar,"good kid, m.A.A.d city",1407596,,,,,<urlopen error [SSL: CERTIFICATE_VERIFY_FAILED] certificate verify failed: unabl
spotify:track:6w74l0iUI1RysAUrc7Q1i5,Cash Machine,Oliver Tree,Ugly is Beautiful,1407590,,,,,<urlopen error [SSL: CERTIFICATE_VERIFY_FAILED] certificate verify failed: unabl
spotify:track:7qEKqBCD2vE5vIBsrUitpD,ilomilo,Billie Eilish,"WHEN WE ALL FALL ASLEEP, WHERE DO WE GO?",1407330,,,,,<urlopen error [SSL: CERTIFICATE_VERIFY_FAILED] certificate verify failed: unabl
spotify:track:3cicWXdoXEjtzz2fG8DUHa,Not Done Loving You,Sara Kays,A House Too Big,1407157,,,,,<urlopen error [SSL: CERTIFICATE_VERIFY_FAILED] certificate verify failed: unabl
spotify:track:3mLIZNIg2AonIIibJ9XyWL,Rest And Recreation,Andrew Samonsky,The Hunchback of Notre Dame (Studio Cast Recording),1406058,,,,,<urlopen error [SSL: CERTIFICATE_VERIFY_FAILED] certificate verify failed: unabl
spotify:track:2vTznimGgaFXza6a2ArS10,Butterfly - Wolfgang Lohr Remix,Swingrowers,Butterfly,1404014,,,,,<urlopen error [SSL: CERTIFICATE_VERIFY_FAILED] certificate verify failed: unabl
spotify:track:1aVzIwC75d6Raf0aZcccO1,Coexist,Draffish,Coexist,1403492,,,,,<urlopen error [SSL: CERTIFICATE_VERIFY_FAILED] certificate verify failed: unabl
spotify:track:4AsBfgLwdslQqG6Cy60mix,Medium,Jakey,Medium,1403182,,,,,<urlopen error [SSL: CERTIFICATE_VERIFY_FAILED] certificate verify failed: unabl
spotify:track:5vMQIOhLw85H8WYIf1kEWw,Mixtape : Time Out,Stray Kids,5-STAR,1402344,,,,,<urlopen error [SSL: CERTIFICATE_VERIFY_FAILED] certificate verify failed: unabl
spotify:track:67kdxWJtke08r4dCLYC07G,Anonymous Club,Courtney Barnett,The Double EP: A Sea of Split Peas,1400324,,,,,<urlopen error [SSL: CERTIFICATE_VERIFY_FAILED] certificate verify failed: unabl
spotify:track:4k6Uh1HXdhtusDW5y8Gbvy,Bad Habit,Steve Lacy,Gemini Rights,1399782,,,,,<urlopen error [SSL: CERTIFICATE_VERIFY_FAILED] certificate verify failed: unabl
spotify:track:5XUmyG1dSbD4mxWd0iSVXZ,Salt Lake City,Etta Marcus,Salt Lake City,1399457,,,,,<urlopen error [SSL: CERTIFICATE_VERIFY_FAILED] certificate verify failed: unabl
spotify:track:1mlVyUIqGTEkJy8sB5VchH,Hot Mess,Friday Pilots Club,Hot Mess,1399332,,,,,<urlopen error [SSL: CERTIFICATE_VERIFY_FAILED] certificate verify failed: unabl
spotify:track:3s2f6XU5sJ6aqEe7GgDBta,Orchestral Intro (feat. Sinfonia ViVA),Gorillaz,Plastic Beach,1397759,,,,,<urlopen error [SSL: CERTIFICATE_VERIFY_FAILED] certificate verify failed: unabl
spotify:track:24NuEDgyRIljwSyY0lsr7b,Black Swan,BTS,Black Swan,1396290,,,,,<urlopen error [SSL: CERTIFICATE_VERIFY_FAILED] certificate verify failed: unabl
spotify:track:50u2y4zgROMZq2db8Qx94B,cold weather,glass beach,the first glass beach album,1396138,,,,,<urlopen error [SSL: CERTIFICATE_VERIFY_FAILED] certificate verify failed: unabl
spotify:track:4ZPdLEztrlZqbJkgHNw54L,Good Life,Kanye West,Graduation,1395352,,,,,<urlopen error [SSL: CERTIFICATE_VERIFY_FAILED] certificate verify failed: unabl
spotify:track:59hfezbTqi7I68O4OyLfcR,Cuando Nos Volvamos a Encontrar (feat. Marc Anthony),Carlos Vives,Más + Corazón Profundo,1393131,,,,,<urlopen error [SSL: CERTIFICATE_VERIFY_FAILED] certificate verify failed: unabl
spotify:track:4if6PqcqqSZoGKM1odh65w,Tavern Song (Thai Mol Piyas),The Hunchback of Notre Dame Ensemble,The Hunchback of Notre Dame,1392372,,,,,<urlopen error [SSL: CERTIFICATE_VERIFY_FAILED] certificate verify failed: unabl
spotify:track:5gOyjqIifZ9NqVcaIIlqv7,god of the sunsets,SEB,god of the sunsets,1391362,,,,,<urlopen error [SSL: CERTIFICATE_VERIFY_FAILED] certificate verify failed: unabl
spotify:track:6AvslIXIi9iaGvukefyVVK,Bottom Of The Deep Blue Sea,MISSIO,Loner,1389516,,,,,<urlopen error [SSL: CERTIFICATE_VERIFY_FAILED] certificate verify failed: unabl
spotify:track:4RVrjlX3Dc7ZsEpJBJyUzc,Touch Fluffy Tail,Ken Ashcorp,Touch Fluffy Tail,1386833,,,,,<urlopen error [SSL: CERTIFICATE_VERIFY_FAILED] certificate verify failed: unabl
spotify:track:4ilDoVrv6RZjiyTgP1Gb1G,Roses,Manwolves,Roses,1383717,,,,,<urlopen error [SSL: CERTIFICATE_VERIFY_FAILED] certificate verify failed: unabl
spotify:track:7iY8ssYukdF9vNWzrvb4yz,Nuevo día,Jesse & Joy,Electricidad,1383677,,,,,<urlopen error [SSL: CERTIFICATE_VERIFY_FAILED] certificate verify failed: unabl
spotify:track:1I37Zz2g3hk9eWxaNkj031,Your Idol,Saja Boys,KPop Demon Hunters,1383314,,,,,<urlopen error [SSL: CERTIFICATE_VERIFY_FAILED] certificate verify failed: unabl
spotify:track:1J0qupz0gVGSB5jcRY35tL,Maknae On Top (I.N),Stray Kids,SKZ-REPLAY,1382287,,,,,<urlopen error [SSL: CERTIFICATE_VERIFY_FAILED] certificate verify failed: unabl
spotify:track:0pxzf3Zh5d36NieeAmkqiQ,Moss Park,Rare Americans,Moss Park,1381155,,,,,<urlopen error [SSL: CERTIFICATE_VERIFY_FAILED] certificate verify failed: unabl
spotify:track:4ARcfREq6OpIVfVImAPFpc,真夜中のオーケストラ,Aqua Timez,10th Anniversary Best Blue,1380512,,,,,<urlopen error [SSL: CERTIFICATE_VERIFY_FAILED] certificate verify failed: unabl
spotify:track:6bqB7idfAnJVisSMQA1mZQ,I'd Like To Walk Around In Your Mind,Vashti Bunyan,Just Another Diamond Day,1380430,,,,,<urlopen error [SSL: CERTIFICATE_VERIFY_FAILED] certificate verify failed: unabl
spotify:track:1CPZ5BxNNd0n0nF4Orb9JS,Golden,HUNTR/X,KPop Demon Hunters,1380004,,,,,<urlopen error [SSL: CERTIFICATE_VERIFY_FAILED] certificate verify failed: unabl
spotify:track:65AJTgtczHH8LjbCfauT4n,GO LIVE,Stray Kids,GO LIVE,1377992,,,,,<urlopen error [SSL: CERTIFICATE_VERIFY_FAILED] certificate verify failed: unabl
spotify:track:5v4OkFH0TJ6W1hCFxyn0px,parents,YUNGBLUD,weird!,1375040,,,,,<urlopen error [SSL: CERTIFICATE_VERIFY_FAILED] certificate verify failed: unabl
spotify:track:2Fxmhks0bxGSBdJ92vM42m,bad guy,Billie Eilish,"WHEN WE ALL FALL ASLEEP, WHERE DO WE GO?",1373544,,,,,<urlopen error [SSL: CERTIFICATE_VERIFY_FAILED] certificate verify failed: unabl
spotify:track:5y0xxVHY7u8Bgyj7ACwaHa,Ball Cap,DBangz,Winter Booty Icicles,1372770,,,,,<urlopen error [SSL: CERTIFICATE_VERIFY_FAILED] certificate verify failed: unabl
spotify:track:1nwkSqzTyXBk6XF796EOav,Yonkers,"Tyler, The Creator",Goblin,1372108,,,,,<urlopen error [SSL: CERTIFICATE_VERIFY_FAILED] certificate verify failed: unabl
spotify:track:53dkS3h9uTNsWYZTPacnpx,Oldie,Odd Future,The OF Tape Vol. 2,1371432,,,,,<urlopen error [SSL: CERTIFICATE_VERIFY_FAILED] certificate verify failed: unabl
spotify:track:5e3UWcbvTaF5CJWu81MqlQ,"Cruisin' for a Bruisin' - From ""Teen Beach Movie""/Soundtrack Version",Ross Lynch,Teen Beach Movie,1369821,,,,,<urlopen error [SSL: CERTIFICATE_VERIFY_FAILED] certificate verify failed: unabl
spotify:track:6ZKghFOztRhcVy2ai7B9iA,From Reds to Blues,Mr.Tree,Splitting,1369030,,,,,<urlopen error [SSL: CERTIFICATE_VERIFY_FAILED] certificate verify failed: unabl
spotify:track:6ZvghXQAXw2W9blIQbBVZW,MOMMA TALK,"Tyler, The Creator",CALL ME IF YOU GET LOST: The Estate Sale,1367438,,,,,<urlopen error [SSL: CERTIFICATE_VERIFY_FAILED] certificate verify failed: unabl
spotify:track:0YJFlxeHMUr9MxSDQVuQJA,My Time,BTS,MAP OF THE SOUL : 7,1367070,,,,,<urlopen error [SSL: CERTIFICATE_VERIFY_FAILED] certificate verify failed: unabl
spotify:track:274tSPavv09i163nBnYrCU,Kicks,Barns Courtney,The Attractions Of Youth,1366211,,,,,<urlopen error [SSL: CERTIFICATE_VERIFY_FAILED] certificate verify failed: unabl
spotify:track:1DQGGkXu9SIwWiK5uuBvcO,Water,SEVENTEEN,SEVENTEEN 12th Mini Album 'SPILL THE FEELS',1364760,,,,,<urlopen error [SSL: CERTIFICATE_VERIFY_FAILED] certificate verify failed: unabl
spotify:track:2SytGgja3g2R2N9lzV6n3E,Dionysus,BTS,MAP OF THE SOUL : 7,1361993,,,,,<urlopen error [SSL: CERTIFICATE_VERIFY_FAILED] certificate verify failed: unabl
spotify:track:7KOZqkcLlzldiaGjb5uARk,An Endless Desert,Todd Baker,Alto's Odyssey (Original Game Soundtrack),1361652,,,,,<urlopen error [SSL: CERTIFICATE_VERIFY_FAILED] certificate verify failed: unabl
spotify:track:2ZCwz8omYluRWa9QyznFAy,What?,A Tribe Called Quest,The Low End Theory,1360705,,,,,<urlopen error [SSL: CERTIFICATE_VERIFY_FAILED] certificate verify failed: unabl
spotify:track:7phMc88qiwpKzOAIiR3xIU,Suggestions,System Of A Down,System Of A Down,1359864,,,,,<urlopen error [SSL: CERTIFICATE_VERIFY_FAILED] certificate verify failed: unabl
spotify:track:5JcJxOo5joRgWAjvTU8Xdm,Tahoe,Stoop Kids,Queue: The Mixtape,1359646,,,,,<urlopen error [SSL: CERTIFICATE_VERIFY_FAILED] certificate verify failed: unabl
spotify:track:5isB3ODa6S4cDRzPTOtNqf,NSYNC,KXLLSWXTCH,KILL!,1358981,,,,,<urlopen error [SSL: CERTIFICATE_VERIFY_FAILED] certificate verify failed: unabl
spotify:track:2C7tcNiOORFD53sS7tuYY7,Rhythm Of The Tambourine,Erik Liberman,The Hunchback of Notre Dame (Studio Cast Recording),1358308,,,,,<urlopen error [SSL: CERTIFICATE_VERIFY_FAILED] certificate verify failed: unabl
spotify:track:6GfTYfb5eBLN1p1ByOsPmi,"Wondering - From ""High School Musical: The Musical: The Series""",Olivia Rodrigo,Wondering,1357854,,,,,<urlopen error [SSL: CERTIFICATE_VERIFY_FAILED] certificate verify failed: unabl
spotify:track:4M88Wd7Aps5LGRWMOC7gSH,Some Kind of Nature (feat. Lou Reed),Gorillaz,Plastic Beach,1356824,,,,,<urlopen error [SSL: CERTIFICATE_VERIFY_FAILED] certificate verify failed: unabl
spotify:track:2xj6TlT9EwrMUJtIAT2iiO,Ain't No Grave Can Hold My Body Down,Paul Caldwell,2012 Florida Music Educators Association (FMEA): All-State Men's Chorus & All-State Women's Chorus,1356524,,,,,<urlopen error [SSL: CERTIFICATE_VERIFY_FAILED] certificate verify failed: unabl
spotify:track:1z9kQ14XBSN0r2v6fx4IdG,Diamonds,Rihanna,Unapologetic,1355921,,,,,<urlopen error [SSL: CERTIFICATE_VERIFY_FAILED] certificate verify failed: unabl
spotify:track:6VoIBz0VhCyz7OdEoRYDiA,Say It Ain't So - Original Mix,Weezer,Weezer,1354776,,,,,<urlopen error [SSL: CERTIFICATE_VERIFY_FAILED] certificate verify failed: unabl
spotify:track:31yUc6doXPpzIw1svv1dBg,The Garden,Stafford Bawler,Monument Valley (Original Soundtrack),1352967,,,,,<urlopen error [SSL: CERTIFICATE_VERIFY_FAILED] certificate verify failed: unabl
spotify:track:40LYL1Z6xgCn5cBybo5K0D,It's Quiet Uptown,Renée Elise Goldsberry,Hamilton,1352553,,,,,<urlopen error [SSL: CERTIFICATE_VERIFY_FAILED] certificate verify failed: unabl
spotify:track:3ljr9ATeLs2BY9gNp7vm62,Corazón En La Maleta,Luis Fonsi,8,1351820,,,,,<urlopen error [SSL: CERTIFICATE_VERIFY_FAILED] certificate verify failed: unabl
spotify:track:4dpEYOPcmHNfvERbiajp3G,Sweetie Little Jean,Cage The Elephant,Tell Me I'm Pretty,1350465,,,,,<urlopen error [SSL: CERTIFICATE_VERIFY_FAILED] certificate verify failed: unabl
spotify:track:1MQTmpYOZ6fcMQc56Hdo7T,Sleep Now In the Fire,Rage Against The Machine,The Battle Of Los Angeles,1349795,,,,,<urlopen error [SSL: CERTIFICATE_VERIFY_FAILED] certificate verify failed: unabl
spotify:track:749U9NsGpSEhopWkg2hOPZ,Distant Light Rain,Nature Sounds,Rain Sounds,1349535,,,,,<urlopen error [SSL: CERTIFICATE_VERIFY_FAILED] certificate verify failed: unabl
spotify:track:3lLCAFzZqA7B3OQl6yfYCM,Sunflower (P.E.L),CHOI YOOJUNG,Sunflower,1348020,,,,,<urlopen error [SSL: CERTIFICATE_VERIFY_FAILED] certificate verify failed: unabl
spotify:track:74f0dpqHhTeTJzs4pmZ1yq,Pool House,The Backseat Lovers,When We Were Friends,1347055,,,,,<urlopen error [SSL: CERTIFICATE_VERIFY_FAILED] certificate verify failed: unabl
spotify:track:5MAY7XyW322jMwLDtBQgsZ,School Spirit Skit 2,Kanye West,The College Dropout,1345470,,,,,<urlopen error [SSL: CERTIFICATE_VERIFY_FAILED] certificate verify failed: unabl
spotify:track:2RzDFcyw7ipIuu29EUBgsS,Get Enough - Instrumental,CatDany,follow catdany on *******,1343968,,,,,<urlopen error [SSL: CERTIFICATE_VERIFY_FAILED] certificate verify failed: unabl
spotify:track:1v4Jh705vsTcn74IMDNa4s,Take My Breath,NCT DREAM,Candy - Winter Special Mini Album,1343572,,,,,<urlopen error [SSL: CERTIFICATE_VERIFY_FAILED] certificate verify failed: unabl
spotify:track:2ca02YWV2FmnePqYqBIduw,Fever,Dutty Moonshine Big Band,City of Sin,1342605,,,,,<urlopen error [SSL: CERTIFICATE_VERIFY_FAILED] certificate verify failed: unabl
spotify:track:7zthczBbgCsnumcXWfNtXq,No Plan,David Bowie,No Plan - EP,1342255,,,,,<urlopen error [SSL: CERTIFICATE_VERIFY_FAILED] certificate verify failed: unabl
spotify:track:37ZtpRBkHcaq6hHy0X98zn,I CAN'T STOP ME,TWICE,Eyes Wide Open,1339033,,,,,<urlopen error [SSL: CERTIFICATE_VERIFY_FAILED] certificate verify failed: unabl
spotify:track:434tTiazYAD8yuehI1qe1P,lifesanangel,User-177606669,"Despite Everything, It's Still User",1338806,,,,,<urlopen error [SSL: CERTIFICATE_VERIFY_FAILED] certificate verify failed: unabl
spotify:track:55KhvVzqoaNEgaRTDmu6Zg,Hold the Night,Lyre Le Temps,Lady Swing,1338280,,,,,<urlopen error [SSL: CERTIFICATE_VERIFY_FAILED] certificate verify failed: unabl
spotify:track:2AEpZqVzhE9w5soqgqDteN,I Dreamed a Dream,Ruthie Henshall,Les Misérables (10th Anniversary Concert Live at Royal Albert Hall),1337967,,,,,<urlopen error [SSL: CERTIFICATE_VERIFY_FAILED] certificate verify failed: unabl
spotify:track:6uVpG6300TODQGjOAtXJjh,BLIND SPOT,Stray Kids,ROCK-STAR,1332764,,,,,<urlopen error [SSL: CERTIFICATE_VERIFY_FAILED] certificate verify failed: unabl
spotify:track:7CAdycFxxvZqfSKNsdcVQB,Girl I Know,Avenged Sevenfold,Diamonds in the Rough,1332169,,,,,<urlopen error [SSL: CERTIFICATE_VERIFY_FAILED] certificate verify failed: unabl
spotify:track:1bIbXKrXRxfNh1l9a9lN2Q,ALL IN,Stray Kids,ALL IN,1332166,,,,,<urlopen error [SSL: CERTIFICATE_VERIFY_FAILED] certificate verify failed: unabl
spotify:track:6mYn2tAQD0LmwqplaMbXhg,Ven A Mi Casa Esta Navidad,Voz Veis,Todos A Belen,1331760,,,,,<urlopen error [SSL: CERTIFICATE_VERIFY_FAILED] certificate verify failed: unabl
spotify:track:69xohKu8C1fsflYAiSNbwM,Run BTS,BTS,Proof,1330624,,,,,<urlopen error [SSL: CERTIFICATE_VERIFY_FAILED] certificate verify failed: unabl
spotify:track:5BqwRHnzde2pXBrhQgDXke,Illidan,Jason Hayes,World of Warcraft: The Burning Crusade Original Soundtrack,1330280,,,,,<urlopen error [SSL: CERTIFICATE_VERIFY_FAILED] certificate verify failed: unabl
spotify:track:5h005TfhVvDrqoLWbj7TP9,Son Tan Buenos Los Recuerdos,Voz Veis,Todos A Belen,1329111,,,,,<urlopen error [SSL: CERTIFICATE_VERIFY_FAILED] certificate verify failed: unabl
spotify:track:6yZMhEmlZDbsH5ayXo0zaO,The View From The Afternoon - Live,Arctic Monkeys,Live at the Royal Albert Hall,1327754,,,,,<urlopen error [SSL: CERTIFICATE_VERIFY_FAILED] certificate verify failed: unabl
spotify:track:1c8gk2PeTE04A1pIDH9YMk,Rolling in the Deep,Adele,21,1327512,,,,,<urlopen error [SSL: CERTIFICATE_VERIFY_FAILED] certificate verify failed: unabl
spotify:track:5zbddtdgVv6fIVuAFjAhob,Ryan and Dave - Acoustic,Rare Americans,Ryan and Dave,1325680,,,,,<urlopen error [SSL: CERTIFICATE_VERIFY_FAILED] certificate verify failed: unabl
spotify:track:2PieESXphabz5AkALFS08X,The Art of Peer Pressure,Kendrick Lamar,"good kid, m.A.A.d city",1325126,,,,,<urlopen error [SSL: CERTIFICATE_VERIFY_FAILED] certificate verify failed: unabl
spotify:track:1Ip8nYQoBYrJipIvxVR0aK,American Blood,Dead Poet Society,American Blood,1325004,,,,,<urlopen error [SSL: CERTIFICATE_VERIFY_FAILED] certificate verify failed: unabl
spotify:track:0YveezON7jpiaHA8fnUHxN,Roundabout - 2003 Remaster,Yes,Fragile,1324994,,,,,<urlopen error [SSL: CERTIFICATE_VERIFY_FAILED] certificate verify failed: unabl
spotify:track:0UNYe8hW45WCqrTOXylPY6,Silhouettes,American Football,American Football (LP3),1324515,,,,,<urlopen error [SSL: CERTIFICATE_VERIFY_FAILED] certificate verify failed: unabl
spotify:track:0bKASfm1xAid2WQ8H06xcp,Day of Fire and Sun - Live,Dominick DiOrio,First Light,1324101,,,,,<urlopen error [SSL: CERTIFICATE_VERIFY_FAILED] certificate verify failed: unabl
spotify:track:0NJWhm3hUwIZSy5s0TGJ8q,The Story of Tonight,Lin-Manuel Miranda,Hamilton,1323469,,,,,<urlopen error [SSL: CERTIFICATE_VERIFY_FAILED] certificate verify failed: unabl
spotify:track:3wYnfIWrBYOHx9MR3EcJzu,Bizarro,$uicideboy$,Stop Staring At the Shadows,1323315,,,,,<urlopen error [SSL: CERTIFICATE_VERIFY_FAILED] certificate verify failed: unabl
spotify:track:7m1JSCGnmorA3tjtWJpDj4,The Great Pretender,Freddie Mercury,"The Very Best of Freddie Mercury Solo: Lover of Life, Singer of Songs",1323208,,,,,<urlopen error [SSL: CERTIFICATE_VERIFY_FAILED] certificate verify failed: unabl
spotify:track:1I5RmSqq96UQnjT9EKGMso,Tonight the World Dies,Avenged Sevenfold,Nightmare,1322884,,,,,<urlopen error [SSL: CERTIFICATE_VERIFY_FAILED] certificate verify failed: unabl
spotify:track:4eM6aBvGMQQ8ublAiz9DK3,Geez louise (with henhouse!),underscores,Wallsocket (Director's Cut),1320818,,,,,<urlopen error [SSL: CERTIFICATE_VERIFY_FAILED] certificate verify failed: unabl
spotify:track:0xN2Xc4oEhaHwHZQAWLCV3,Burning Steppes,Jason Hayes,World of Warcraft Original Soundtrack,1320076,,,,,<urlopen error [SSL: CERTIFICATE_VERIFY_FAILED] certificate verify failed: unabl
spotify:track:3QaPy1KgI7nu9FJEQUgn6h,WILDFLOWER,Billie Eilish,HIT ME HARD AND SOFT,1319017,,,,,<urlopen error [SSL: CERTIFICATE_VERIFY_FAILED] certificate verify failed: unabl
spotify:track:0yAMsNP1m5Z1R0DDDpeEhp,Eat My Soul,Cloud Mac,Make Way For Goodbyes,1318384,,,,,<urlopen error [SSL: CERTIFICATE_VERIFY_FAILED] certificate verify failed: unabl
spotify:track:6bWpjpAuKVQKt1RpKF8f5w,Superhero,Kormac,Doorsteps,1317994,,,,,<urlopen error [SSL: CERTIFICATE_VERIFY_FAILED] certificate verify failed: unabl
spotify:track:0paaT4dEMGnESm7Xz9ziyk,Ruins,Jason Hayes,World of Warcraft Original Soundtrack,1316891,,,,,<urlopen error [SSL: CERTIFICATE_VERIFY_FAILED] certificate verify failed: unabl
spotify:track:5hNW46qZA7BcZ2qf6lbhNm,Modern Girls & Old Fashion Men - Reptilia B-Side,The Strokes,The Singles - Volume 01,1316474,,,,,<urlopen error [SSL: CERTIFICATE_VERIFY_FAILED] certificate verify failed: unabl
spotify:track:7FbrGaHYVDmfr7KoLIZnQ7,Cupid - Twin Ver.,FIFTY FIFTY,The Beginning: Cupid,1315375,,,,,<urlopen error [SSL: CERTIFICATE_VERIFY_FAILED] certificate verify failed: unabl
spotify:track:1yMnwAhqbQPRHwpyiFia5G,In A Place Of Miracles,Andrew Samonsky,The Hunchback of Notre Dame,1313990,,,,,<urlopen error [SSL: CERTIFICATE_VERIFY_FAILED] certificate verify failed: unabl
spotify:track:3sslYZcFKtUvIEWN9lADgr,First Love/Late Spring,Mitski,Bury Me At Makeout Creek,1313477,,,,,<urlopen error [SSL: CERTIFICATE_VERIFY_FAILED] certificate verify failed: unabl
spotify:track:6dOtVTDdiauQNBQEDOtlAB,BIRDS OF A FEATHER,Billie Eilish,HIT ME HARD AND SOFT,1313089,,,,,<urlopen error [SSL: CERTIFICATE_VERIFY_FAILED] certificate verify failed: unabl
spotify:track:7m2NbIGPODbLcbzZSRLngh,Cops and robbers,underscores,Wallsocket (Director's Cut),1312046,,,,,<urlopen error [SSL: CERTIFICATE_VERIFY_FAILED] certificate verify failed: unabl
spotify:track:1CEom4VKsNpBep713DWNDJ,"All the Smoke, Pt. 2",Elijah Ghost,"All the Smoke, Pt. 2",1311560,,,,,<urlopen error [SSL: CERTIFICATE_VERIFY_FAILED] certificate verify failed: unabl
spotify:track:1ZreCbCSHpRcvqYpXlxnYC,The Wolf,SIAMES,BOUNCE INTO THE MUSIC,1311426,,,,,<urlopen error [SSL: CERTIFICATE_VERIFY_FAILED] certificate verify failed: unabl
spotify:track:7G2jAmiYUDZKyk7npVrgX8,Sh-Boom,The Crew Cuts,The Best Of The Crew Cuts,1310785,,,,,<urlopen error [SSL: CERTIFICATE_VERIFY_FAILED] certificate verify failed: unabl
spotify:track:6xDpjffkQ4daA6AiR7F15m,Identity,grandson,Identity,1309008,,,,,<urlopen error [SSL: CERTIFICATE_VERIFY_FAILED] certificate verify failed: unabl
spotify:track:2NeJBfbWgs19WiBXAUPpBq,WHY?,Stray Kids,WHY?,1305892,,,,,<urlopen error [SSL: CERTIFICATE_VERIFY_FAILED] certificate verify failed: unabl
spotify:track:0mEdbdeRFQwBhN4xfyIeUM,Can't Tell Me Nothing,Kanye West,Graduation,1305676,,,,,<urlopen error [SSL: CERTIFICATE_VERIFY_FAILED] certificate verify failed: unabl
spotify:track:1Slwb6dOYkBlWal1PGtnNg,Thinking out Loud,Ed Sheeran,x - Wembley Edition,1302853,,,,,<urlopen error [SSL: CERTIFICATE_VERIFY_FAILED] certificate verify failed: unabl
spotify:track:1wMmGDK6ajRBKCRYSi6hMl,Lately It Feels Alright,Kid Bloom,Lately It Feels Alright,1302030,,,,,<urlopen error [SSL: CERTIFICATE_VERIFY_FAILED] certificate verify failed: unabl
spotify:track:0SBariQWfKjoslW2XSIFOm,Seventeen,Peach Pit,Sweet FA,1301054,,,,,<urlopen error [SSL: CERTIFICATE_VERIFY_FAILED] certificate verify failed: unabl
spotify:track:5tJ0q8DF97x8E7H5iYpQN8,IPAs,30,IPAs,1300414,,,,,<urlopen error [SSL: CERTIFICATE_VERIFY_FAILED] certificate verify failed: unabl
spotify:track:0jx2hPIzs7bNveWHU2Ohzu,Eleven Weeks,Vansire,"The Rolling, Driftless North",1299828,,,,,<urlopen error [SSL: CERTIFICATE_VERIFY_FAILED] certificate verify failed: unabl
spotify:track:4D6TpthzUVNTjWQqfBW5Kb,All Of The Lights (Interlude),Kanye West,My Beautiful Dark Twisted Fantasy,1299615,,,,,<urlopen error [SSL: CERTIFICATE_VERIFY_FAILED] certificate verify failed: unabl
spotify:track:3HGmQ57hY6GNDnxt4tVZno,Canoe,Rare Americans,Canoe,1298539,,,,,<urlopen error [SSL: CERTIFICATE_VERIFY_FAILED] certificate verify failed: unabl
spotify:track:1bPxPkG8Y3Q69P1EbPKjZI,SHA (Spirits of Hatred),Russell Brower,World of Warcraft: Mists of Pandaria Soundtrack,1296063,,,,,<urlopen error [SSL: CERTIFICATE_VERIFY_FAILED] certificate verify failed: unabl
spotify:track:7angRTnu7Xopk5DV3dXivC,ATM (JIHYO),TWICE,TEN: The Story Goes On,1296000,,,,,<urlopen error [SSL: CERTIFICATE_VERIFY_FAILED] certificate verify failed: unabl
spotify:track:6dBUzqjtbnIa1TwYbyw5CM,Lovers Rock,TV Girl,French Exit,1295681,,,,,<urlopen error [SSL: CERTIFICATE_VERIFY_FAILED] certificate verify failed: unabl
spotify:track:2FwDApgXk91kXvqy2oB7dz,Simulation Swarm,Big Thief,Dragon New Warm Mountain I Believe In You,1295516,,,,,<urlopen error [SSL: CERTIFICATE_VERIFY_FAILED] certificate verify failed: unabl
spotify:track:4ECNtOnqzxutZkXP4TE3n3,Separate Ways (Worlds Apart),Journey,Frontiers,1294824,,,,,<urlopen error [SSL: CERTIFICATE_VERIFY_FAILED] certificate verify failed: unabl
spotify:track:3oOSnfi19BXvMUSvOxTy9t,Lonely Without You,Bread Club,Lonely Without You,1294156,,,,,<urlopen error [SSL: CERTIFICATE_VERIFY_FAILED] certificate verify failed: unabl
spotify:track:6wnxlD80jEQqME6swk5hSQ,Been a Long Time,Dbangz,Been a Long Time,1293866,,,,,<urlopen error [SSL: CERTIFICATE_VERIFY_FAILED] certificate verify failed: unabl
spotify:track:0Xxjyrl6Z8BtyY7EBBwozI,Out of Reach,Dream Theater,Distance Over Time,1292401,,,,,<urlopen error [SSL: CERTIFICATE_VERIFY_FAILED] certificate verify failed: unabl
spotify:track:2gQPv5jvVPqU2a9HhMNO1v,Toxic,BoyWithUke,Toxic,1291670,,,,,<urlopen error [SSL: CERTIFICATE_VERIFY_FAILED] certificate verify failed: unabl
spotify:track:4hs2FbesB8qo6H5Berbikd,Absinthe,I DONT KNOW HOW BUT THEY FOUND ME,1981 Extended Play,1291658,,,,,<urlopen error [SSL: CERTIFICATE_VERIFY_FAILED] certificate verify failed: unabl
spotify:track:1HLdk3NtbqeTMFcVWbv2G0,Goodbye (Don’t Tell Me),"Black Country, New Road",Forever Howlong,1291422,,,,,<urlopen error [SSL: CERTIFICATE_VERIFY_FAILED] certificate verify failed: unabl
spotify:track:2LseJmMOHqADjjTBNaVIUc,Don't Apply Compression Gently,Courtney Barnett,The Double EP: A Sea of Split Peas,1290921,,,,,<urlopen error [SSL: CERTIFICATE_VERIFY_FAILED] certificate verify failed: unabl
spotify:track:1XsN9Flu0VvZpXmrkBtZGt,Let’s Go,Stuck in the Sound,Pursuit,1290544,,,,,<urlopen error [SSL: CERTIFICATE_VERIFY_FAILED] certificate verify failed: unabl
spotify:track:1hPy7aSeFnrq98J8LCp8Ec,It Ain’t No Fun,Pretty Vicious,DiRT® 4™,1290228,,,,,<urlopen error [SSL: CERTIFICATE_VERIFY_FAILED] certificate verify failed: unabl
spotify:track:1PPbPeWfeKwiBZUzugIehD,Flirting in Space,Brad stank,Eternal Slowdown,1289590,,,,,<urlopen error [SSL: CERTIFICATE_VERIFY_FAILED] certificate verify failed: unabl
spotify:track:4C39bKbkcAOAKzdaszqUVP,Eternal Night,Russell Brower,World of Warcraft: Warlords of Draenor Original Game Soundtrack,1288855,,,,,<urlopen error [SSL: CERTIFICATE_VERIFY_FAILED] certificate verify failed: unabl
spotify:track:1HNkqx9Ahdgi1Ixy2xkKkL,Photograph,Ed Sheeran,x,1288556,,,,,<urlopen error [SSL: CERTIFICATE_VERIFY_FAILED] certificate verify failed: unabl
spotify:track:2EEinN4Zk8MUv4OQuLsTBj,Age of Consent - 2015 Remaster,New Order,Power Corruption and Lies,1288304,,,,,<urlopen error [SSL: CERTIFICATE_VERIFY_FAILED] certificate verify failed: unabl
spotify:track:4psuLiRTuxnuWJvuZimOqo,Motorbreath,Sugs,Pepper,1288041,,,,,<urlopen error [SSL: CERTIFICATE_VERIFY_FAILED] certificate verify failed: unabl
spotify:track:2fuYa3Lx06QQJAm0MjztKr,Let Down,Radiohead,OK Computer,1287417,,,,,<urlopen error [SSL: CERTIFICATE_VERIFY_FAILED] certificate verify failed: unabl
spotify:track:2FML7gk7ac6quGFIjvkDb3,Dear God,Avenged Sevenfold,Avenged Sevenfold,1287358,,,,,<urlopen error [SSL: CERTIFICATE_VERIFY_FAILED] certificate verify failed: unabl
spotify:track:1K3RS0myXACvxB8xhxJYjC,Cloud Studio,PIÑA PINK,Cloud Studio,1285572,,,,,<urlopen error [SSL: CERTIFICATE_VERIFY_FAILED] certificate verify failed: unabl
spotify:track:7miSmdNRfmYoyYyspsBBPT,How Lonesome Can I Get,Durwood Daily Haddock,The Early Years (1959 - 1962),1285531,,,,,<urlopen error [SSL: CERTIFICATE_VERIFY_FAILED] certificate verify failed: unabl
spotify:track:3bhG8TYIHgElq7wWf8VVOn,Red Haze,Creo,Red Haze,1283904,,,,,<urlopen error [SSL: CERTIFICATE_VERIFY_FAILED] certificate verify failed: unabl
spotify:track:5UGAXwbA17bUC0K9uquGY2,Antarctica,$uicideboy$,Antarctica,1283179,,,,,<urlopen error [SSL: CERTIFICATE_VERIFY_FAILED] certificate verify failed: unabl
spotify:track:0G339jbSZ2xPBAZAieEZ4I,Communist Daughter,Neutral Milk Hotel,In the Aeroplane Over the Sea,1281813,,,,,<urlopen error [SSL: CERTIFICATE_VERIFY_FAILED] certificate verify failed: unabl
spotify:track:66GX0x1JUZYO85hm4RJveC,Bury Me,The Luka State,Room's On Fire,1281519,,,,,<urlopen error [SSL: CERTIFICATE_VERIFY_FAILED] certificate verify failed: unabl
spotify:track:6oF8ueLn5hIl4PRp17sxW6,That Would Be Enough,Phillipa Soo,Hamilton,1278566,,,,,<urlopen error [SSL: CERTIFICATE_VERIFY_FAILED] certificate verify failed: unabl
spotify:track:7LK0IWXe2Yd0JGgSjJThex,Silk Sonic Intro,Bruno Mars,An Evening With Silk Sonic,1276614,,,,,<urlopen error [SSL: CERTIFICATE_VERIFY_FAILED] certificate verify failed: unabl
spotify:track:6Ly7bORyX2n7baY1RcEWsK,Nightclub Love,Matt Maltese,Bad Contestant,1274693,,,,,<urlopen error [SSL: CERTIFICATE_VERIFY_FAILED] certificate verify failed: unabl
spotify:track:3aZptNYC6Z1YoumeqZcDcQ,"gnx (feat. hitta j3, youngthreat, peysoh)",Kendrick Lamar,GNX,1273425,,,,,<urlopen error [SSL: CERTIFICATE_VERIFY_FAILED] certificate verify failed: unabl
spotify:track:3sNVsP50132BTNlImLx70i,Bound 2,Kanye West,Yeezus,1269641,,,,,<urlopen error [SSL: CERTIFICATE_VERIFY_FAILED] certificate verify failed: unabl
spotify:track:2KmMp0UwTWHoePckawT9Ve,niki (feat. 1nonly & 8percent),lilbubblegum,niki (feat. 1nonly & 8percent),1269570,,,,,<urlopen error [SSL: CERTIFICATE_VERIFY_FAILED] certificate verify failed: unabl
spotify:track:3CElL3fvKRy99tXLtodIiN,5150,Love Fame Tragedy,"Wherever I Go, I Want To Leave",1268968,,,,,<urlopen error [SSL: CERTIFICATE_VERIFY_FAILED] certificate verify failed: unabl
spotify:track:7oHkit3F3vimtsBbnZkU0G,Fire,KIDS SEE GHOSTS,KIDS SEE GHOSTS,1268378,,,,,<urlopen error [SSL: CERTIFICATE_VERIFY_FAILED] certificate verify failed: unabl
spotify:track:27MB0qHaYAZiTlwg25js1Y,Stay Alive,Original Broadway Cast of Hamilton,Hamilton,1267963,,,,,<urlopen error [SSL: CERTIFICATE_VERIFY_FAILED] certificate verify failed: unabl
spotify:track:6ZYT1FBZMvvigBf3XSZREG,such sad songs,atlas,such sad songs,1267858,,,,,<urlopen error [SSL: CERTIFICATE_VERIFY_FAILED] certificate verify failed: unabl
spotify:track:161DnLWsx1i3u1JT05lzqU,Talking to the Moon,Bruno Mars,Doo-Wops & Hooligans,1266813,,,,,<urlopen error [SSL: CERTIFICATE_VERIFY_FAILED] certificate verify failed: unabl
spotify:track:7v3F745zJJV68iBbEQDFs0,Yellow Love,Freddie Dredd,Dredd,1265510,,,,,<urlopen error [SSL: CERTIFICATE_VERIFY_FAILED] certificate verify failed: unabl
spotify:track:4P5d7lMNGqMPcVBn994Lbp,Water Glass,Cannon,Water Glass,1264718,,,,,<urlopen error [SSL: CERTIFICATE_VERIFY_FAILED] certificate verify failed: unabl
spotify:track:6ORqU0bHbVCRjXm9AjyHyZ,Good Riddance (Time of Your Life),Green Day,Nimrod,1264486,,,,,<urlopen error [SSL: CERTIFICATE_VERIFY_FAILED] certificate verify failed: unabl
spotify:track:6m8vPz16wTojmAnVgdWtls,Phobia,Stray Kids,GO LIVE,1263687,,,,,<urlopen error [SSL: CERTIFICATE_VERIFY_FAILED] certificate verify failed: unabl
spotify:track:0JmiBCpWc1IAc0et7Xm7FL,Let Her Go,Passenger,All the Little Lights,1263665,,,,,<urlopen error [SSL: CERTIFICATE_VERIFY_FAILED] certificate verify failed: unabl
spotify:track:4EJFCpthcrP6oOUUXQZ22Z,Glitter Freeze (feat. Mark E Smith),Gorillaz,Plastic Beach,1263294,,,,,<urlopen error [SSL: CERTIFICATE_VERIFY_FAILED] certificate verify failed: unabl
spotify:track:5j1RbIusbzWyzpGmUOjzOW,Sour Patch Kids,Bryce Vine,Lazy Fair,1262800,,,,,<urlopen error [SSL: CERTIFICATE_VERIFY_FAILED] certificate verify failed: unabl
spotify:track:5PYL5ozcnxcPwIjNVYC70o,"Cats, Dogs & Rats",Rare Americans,"Cats, Dogs & Rats",1262030,,,,,<urlopen error [SSL: CERTIFICATE_VERIFY_FAILED] certificate verify failed: unabl
spotify:track:0ono6UCNVZ1XqOm6j78Blu,Filter,BTS,MAP OF THE SOUL : 7,1261540,,,,,<urlopen error [SSL: CERTIFICATE_VERIFY_FAILED] certificate verify failed: unabl
spotify:track:33FFHIT4tXcK17HfU34Cl5,Take Me (As You Found Me),Anberlin,"Dark Is The Way, Light Is A Place",1260800,,,,,<urlopen error [SSL: CERTIFICATE_VERIFY_FAILED] certificate verify failed: unabl
spotify:track:4qJrDTPDsQqaYGKMj0Thjk,Good L_ck (Yo_'re F_cked),Celldweller,End of an Empire,1260730,,,,,<urlopen error [SSL: CERTIFICATE_VERIFY_FAILED] certificate verify failed: unabl
spotify:track:2bgTY4UwhfBYhGT4HUYStN,Butter,BTS,"Butter (Hotter, Sweeter, Cooler)",1260598,,,,,<urlopen error [SSL: CERTIFICATE_VERIFY_FAILED] certificate verify failed: unabl
spotify:track:7tQUDCVqD9hslnT6vugKXh,Loki - Main Theme - Epic Version,L'Orchestra Cinematique,Loki - Main Theme,1259864,,,,,<urlopen error [SSL: CERTIFICATE_VERIFY_FAILED] certificate verify failed: unabl
spotify:track:2GquhrcHbl2zOnF5javAFp,Swan Song,LE SSERAFIM,EASY,1257432,,,,,<urlopen error [SSL: CERTIFICATE_VERIFY_FAILED] certificate verify failed: unabl
spotify:track:47EqCQZG5v4o0WFMufGf5S,Cigaro,System Of A Down,Mezmerize,1256180,,,,,<urlopen error [SSL: CERTIFICATE_VERIFY_FAILED] certificate verify failed: unabl
spotify:track:0lxnARqvcXiv7Cd4IJiiST,Dear God,Confetti,Dear God,1255904,,,,,<urlopen error [SSL: CERTIFICATE_VERIFY_FAILED] certificate verify failed: unabl
spotify:track:3KCreWc88InXH3XuL54C5a,HELL IN HEAVEN,TWICE,Eyes Wide Open,1255240,,,,,<urlopen error [SSL: CERTIFICATE_VERIFY_FAILED] certificate verify failed: unabl
spotify:track:48XkVAagIoQHCsOlJtXUd5,still feel.,half•alive,"Now, Not Yet",1254110,,,,,<urlopen error [SSL: CERTIFICATE_VERIFY_FAILED] certificate verify failed: unabl
spotify:track:6O9sHPq54kaJvinnnkmr1k,Viva Nao Mais,Freddie Dredd,Viva Nao Mais,1253605,,,,,<urlopen error [SSL: CERTIFICATE_VERIFY_FAILED] certificate verify failed: unabl
spotify:track:1H0utYmwbHj2qwWMMbOuzm,Escargot,Jarv,"Jarvage, Vol. 1",1253045,,,,,<urlopen error [SSL: CERTIFICATE_VERIFY_FAILED] certificate verify failed: unabl
spotify:track:1r9xUipOqoNwggBpENDsvJ,Enemy (with JID) - from the series Arcane League of Legends,Imagine Dragons,Enemy (with JID),1252395,,,,,<urlopen error [SSL: CERTIFICATE_VERIFY_FAILED] certificate verify failed: unabl
spotify:track:1Jp3YFf5Oy0LouN1R38iVP,I vs I,Rare Americans,Rare Americans,1251807,,,,,<urlopen error [SSL: CERTIFICATE_VERIFY_FAILED] certificate verify failed: unabl
spotify:track:1o0kWPueYo94LIjPYOE5Nf,Saint Pablo,Kanye West,The Life Of Pablo,1249319,,,,,<urlopen error [SSL: CERTIFICATE_VERIFY_FAILED] certificate verify failed: unabl
spotify:track:22gXA7HlEd0z13zdc3hju7,Tammy's Song (Her Evils),Kendrick Lamar,Section.80,1248620,,,,,<urlopen error [SSL: CERTIFICATE_VERIFY_FAILED] certificate verify failed: unabl
spotify:track:2AXd4r3Y00PjjNxceN3mZm,Only She Knows,Loving,If I Am Only My Thoughts,1248606,,,,,<urlopen error [SSL: CERTIFICATE_VERIFY_FAILED] certificate verify failed: unabl
spotify:track:1WKLxJpDqkQ9x1qEDNutoX,2 Baddies,NCT 127,2 Baddies - The 4th Album,1247166,,,,,<urlopen error [SSL: CERTIFICATE_VERIFY_FAILED] certificate verify failed: unabl
spotify:track:4Yxc55NX3tAXC2mHRAhtcW,"All I Want - From ""High School Musical: The Musical: The Series""",Olivia Rodrigo,All I Want,1246159,,,,,<urlopen error [SSL: CERTIFICATE_VERIFY_FAILED] certificate verify failed: unabl
spotify:track:249gnXrbfmV8NG6jTEMSwD,Life Goes On,BTS,BE,1244886,,,,,<urlopen error [SSL: CERTIFICATE_VERIFY_FAILED] certificate verify failed: unabl
spotify:track:7GHVRoX3tLecqgujNQYpKW,Por Ahí,Coti,Por Ahí,1241189,,,,,<urlopen error [SSL: CERTIFICATE_VERIFY_FAILED] certificate verify failed: unabl
spotify:track:0JIMT9gzLIIz0esKLyjbKf,Telephones,Vacations,Changes,1240572,,,,,<urlopen error [SSL: CERTIFICATE_VERIFY_FAILED] certificate verify failed: unabl
spotify:track:0CIaLaTC0aGhQcdPX4qusm,Como Sera,Ilan Chester,Tesoros De La Musica Venezolana. Zulia,1239685,,,,,<urlopen error [SSL: CERTIFICATE_VERIFY_FAILED] certificate verify failed: unabl
spotify:track:7EZC6E7UjZe63f1jRmkWxt,Zombie,The Cranberries,No Need To Argue (The Complete Sessions 1994-1995),1238831,,,,,<urlopen error [SSL: CERTIFICATE_VERIFY_FAILED] certificate verify failed: unabl
spotify:track:2LzRBroL4J9pXLf1Nsen4s,"Waiting For Us (Bang Chan, Lee Know, Seungmin, I.N)",Stray Kids,ODDINARY,1237049,,,,,<urlopen error [SSL: CERTIFICATE_VERIFY_FAILED] certificate verify failed: unabl
spotify:track:39TniRr67zsLesnyrwrkLK,Endless,Rence,Endless,1236792,,,,,<urlopen error [SSL: CERTIFICATE_VERIFY_FAILED] certificate verify failed: unabl
spotify:track:26wLOs3ZuHJa2Ihhx6QIE6,Teeth,5 Seconds of Summer,13 Reasons Why,1236413,,,,,<urlopen error [SSL: CERTIFICATE_VERIFY_FAILED] certificate verify failed: unabl
spotify:track:3RTUfvRgq3pYTf7XY0FIcS,Lookin' Out My Back Door,Creedence Clearwater Revival,Cosmo's Factory,1234350,,,,,<urlopen error [SSL: CERTIFICATE_VERIFY_FAILED] certificate verify failed: unabl
spotify:track:6dhnmkbc9Z7pGsUyUgZKGX,Tan Sólo Tú (feat. Alejandra Guzmán) - Franco De Vita en Primera Fila,Franco De Vita,Franco De Vita En Primera Fila,1234008,,,,,<urlopen error [SSL: CERTIFICATE_VERIFY_FAILED] certificate verify failed: unabl
spotify:track:3j1E6fnqHMwrnvOoUN9baC,Angel,Trudy and the Romance,Smashed Up My Fender,1232989,,,,,<urlopen error [SSL: CERTIFICATE_VERIFY_FAILED] certificate verify failed: unabl
spotify:track:1IF3hx6HU46Pitm0dOdVJO,Stop Playing With Me,"Tyler, The Creator",DON'T TAP THE GLASS,1232509,,,,,<urlopen error [SSL: CERTIFICATE_VERIFY_FAILED] certificate verify failed: unabl
spotify:track:58LDcPNIH4derFLg6wH4M6,Tavern Song (Thai Mol Piyas),The Hunchback of Notre Dame Ensemble,The Hunchback of Notre Dame (Studio Cast Recording),1230844,,,,,<urlopen error [SSL: CERTIFICATE_VERIFY_FAILED] certificate verify failed: unabl
spotify:track:2bnJ8IxZnVc2YmUaX0sZap,JIKJIN,TREASURE,THE SECOND STEP : CHAPTER ONE,1230429,,,,,<urlopen error [SSL: CERTIFICATE_VERIFY_FAILED] certificate verify failed: unabl
spotify:track:5xTtaWoae3wi06K5WfVUUH,Shake It Off,Taylor Swift,1989,1230227,,,,,<urlopen error [SSL: CERTIFICATE_VERIFY_FAILED] certificate verify failed: unabl
spotify:track:5l1deuLMR3ZqRAdq5SpVeE,What Lana Says,Proleter,What Lana Says,1230110,,,,,<urlopen error [SSL: CERTIFICATE_VERIFY_FAILED] certificate verify failed: unabl
spotify:track:0AiTNRBiZg9sW8KRcAXiVl,Elders' Hearth,David Arkenstone,World of Warcraft: Taverns of Azeroth Original Soundtrack,1229942,,,,,<urlopen error [SSL: CERTIFICATE_VERIFY_FAILED] certificate verify failed: unabl
spotify:track:2u17aVY4FDeIMRwKWsST8p,Hullabaloo,Rare Americans,Hullabaloo,1229223,,,,,<urlopen error [SSL: CERTIFICATE_VERIFY_FAILED] certificate verify failed: unabl
spotify:track:200FdkP11rfuBPBnOzDsrO,Brittle Bones Nicky,Rare Americans,Brittle Bones Nicky,1228283,,,,,<urlopen error [SSL: CERTIFICATE_VERIFY_FAILED] certificate verify failed: unabl
spotify:track:5Yc2A0YtK6PaXT8J1MQ0Rd,"Just for a Moment - From ""High School Musical: The Musical: The Series""",Olivia Rodrigo,Just for a Moment,1227235,,,,,<urlopen error [SSL: CERTIFICATE_VERIFY_FAILED] certificate verify failed: unabl
spotify:track:5OHbgQbHzTjolHzWffSrvn,Glass in the park,Alex Turner,Submarine - Original Songs From The Film By Alex Turner,1227036,,,,,<urlopen error [SSL: CERTIFICATE_VERIFY_FAILED] certificate verify failed: unabl
spotify:track:3TZ7NHkMT82AhwuYsd00Hz,Your eyes tell,BTS,MAP OF THE SOUL : 7 ~ THE JOURNEY ~,1225730,,,,,<urlopen error [SSL: CERTIFICATE_VERIFY_FAILED] certificate verify failed: unabl
spotify:track:16kJ8NqNdHbwJe9kf1TJLe,Mi Princesa,David Bisbal,Sin Mirar Atrás,1224392,,,,,<urlopen error [SSL: CERTIFICATE_VERIFY_FAILED] certificate verify failed: unabl
spotify:track:4JvSPgNg3rsqBeJixAF0M6,Tú Eres de Esas,Caramelos De Cianuro,8,1224139,,,,,<urlopen error [SSL: CERTIFICATE_VERIFY_FAILED] certificate verify failed: unabl
spotify:track:36TnOCQWDpimrPhXanRnOk,Moksha,SADGASM,Moksha,1223712,,,,,<urlopen error [SSL: CERTIFICATE_VERIFY_FAILED] certificate verify failed: unabl
spotify:track:1qRFj1w6Qhdbo5z8kss6xM,Hello,ANTH,Hello,1223443,,,,,<urlopen error [SSL: CERTIFICATE_VERIFY_FAILED] certificate verify failed: unabl
spotify:track:48UPSzbZjgc449aqz8bxox,Californication,Red Hot Chili Peppers,Californication,1222829,,,,,<urlopen error [SSL: CERTIFICATE_VERIFY_FAILED] certificate verify failed: unabl
spotify:track:4E2SrUpRFBtDWMKlWvceta,Wtf U Mean (feat. Freddie Dredd),HAARPER,Wtf U Mean (feat. Freddie Dredd),1222641,,,,,<urlopen error [SSL: CERTIFICATE_VERIFY_FAILED] certificate verify failed: unabl
spotify:track:71D4LseR0RADPbyvMeTIHR,Can't Stand Me Now,The Libertines,The Libertines,1222398,,,,,<urlopen error [SSL: CERTIFICATE_VERIFY_FAILED] certificate verify failed: unabl
spotify:track:7anar50LfTXvhMMuZfvZG2,Creating God,Avenged Sevenfold,The Stage,1222294,,,,,<urlopen error [SSL: CERTIFICATE_VERIFY_FAILED] certificate verify failed: unabl
spotify:track:1DIXPcTDzTj8ZMHt3PDt8p,Gangsta's Paradise,Coolio,Gangsta's Paradise,1222099,,,,,<urlopen error [SSL: CERTIFICATE_VERIFY_FAILED] certificate verify failed: unabl
spotify:track:0y4eECj53tUhMbKLTb8QOy,BMT - OFFLINE,JPEGMAFIA,OFFLINE!,1221988,,,,,<urlopen error [SSL: CERTIFICATE_VERIFY_FAILED] certificate verify failed: unabl
spotify:track:1znv6adVcI7CkIut7dC9k2,Imperfect,Cxrpse,Exile,1220629,,,,,<urlopen error [SSL: CERTIFICATE_VERIFY_FAILED] certificate verify failed: unabl
spotify:track:3ndL1OYwSKe8OSk38rVIw5,Seashore Overture,Trudy and the Romance,Junkyard Jazz,1220552,,,,,<urlopen error [SSL: CERTIFICATE_VERIFY_FAILED] certificate verify failed: unabl
spotify:track:4DEbsCe0w8CrwdMm8WpdzO,Truman (HAN & Felix),Stray Kids,Mixtape : dominATE,1219021,,,,,<urlopen error [SSL: CERTIFICATE_VERIFY_FAILED] certificate verify failed: unabl
spotify:track:3aWEzWRjMqRHfKxGhRLrPb,White Noise Waves,The BD Noise Maker,White Noise Waves,1217965,,,,,<urlopen error [SSL: CERTIFICATE_VERIFY_FAILED] certificate verify failed: unabl
spotify:track:3A6bq2l0IWzYalDy2zfSp7,Chick-Fil-a (But It's Sunday),Shama Mrema,Chick-Fil-a (But It's Sunday),1216210,,,,,<urlopen error [SSL: CERTIFICATE_VERIFY_FAILED] certificate verify failed: unabl
spotify:track:5Ext9ObPEi7wIcv5AiQWJy,Superstar,Sonic Youth,If I Were A Carpenter,1215366,,,,,<urlopen error [SSL: CERTIFICATE_VERIFY_FAILED] certificate verify failed: unabl
spotify:track:4n46CB6tXwlB9X1PLd23fJ,Money Game,Ren,Money Game,1214566,,,,,<urlopen error [SSL: CERTIFICATE_VERIFY_FAILED] certificate verify failed: unabl
spotify:track:30YeoWowzWypZNSl6WNXAR,Another Day,Stray Kids,GO LIVE,1213834,,,,,<urlopen error [SSL: CERTIFICATE_VERIFY_FAILED] certificate verify failed: unabl
spotify:track:732E6ibFkQR5lNIPEeiEnx,Choker,Twenty One Pilots,Scaled And Icy,1211767,,,,,<urlopen error [SSL: CERTIFICATE_VERIFY_FAILED] certificate verify failed: unabl
spotify:track:2AjyreHCD6PKAtRGV2qsK5,Adagio in G Minor,Tomaso Albinoni,Adagio in G Minor,1211147,,,,,<urlopen error [SSL: CERTIFICATE_VERIFY_FAILED] certificate verify failed: unabl
spotify:track:5gfINY23blgS03ev7UCD1Z,Wake Up Romeo - PiSk Remix,Caro Emerald,Wake Up Romeo,1210986,,,,,<urlopen error [SSL: CERTIFICATE_VERIFY_FAILED] certificate verify failed: unabl
spotify:track:40Zg8uSA7naxX62sBh8jvU,can ü hear me maü5,User-177606669,"Despite Everything, It's Still User",1210637,,,,,<urlopen error [SSL: CERTIFICATE_VERIFY_FAILED] certificate verify failed: unabl
spotify:track:4zvHZWOGyL7WcmqHOgtGCW,Everytime,boy pablo,Roy Pablo,1210611,,,,,<urlopen error [SSL: CERTIFICATE_VERIFY_FAILED] certificate verify failed: unabl
spotify:track:64a5XZCVDWwvC7gwPPCsH6,Still Take You Home,Arctic Monkeys,"Whatever People Say I Am, That's What I'm Not",1210410,,,,,<urlopen error [SSL: CERTIFICATE_VERIFY_FAILED] certificate verify failed: unabl
spotify:track:3hu5tjW1ueU8PxSlsWcqSl,Hay Amores,Ricardo Arjona,Independiente,1210384,,,,,<urlopen error [SSL: CERTIFICATE_VERIFY_FAILED] certificate verify failed: unabl
spotify:track:4RPMpB5Svov4uRk0bsqkYZ,FRAGILE,Cemetery Drive,the sun will rise,1209250,,,,,<urlopen error [SSL: CERTIFICATE_VERIFY_FAILED] certificate verify failed: unabl
spotify:track:1qxZswAdBvM0JMUoV83J1b,BS,Still Woozy,BS,1207243,,,,,<urlopen error [SSL: CERTIFICATE_VERIFY_FAILED] certificate verify failed: unabl
spotify:track:72XAy5nWhNtyjxPqHl3Txb,Silver Fox White Noise,Madame Blanc's White Noise,Silver Fox White Noise,1207182,,,,,<urlopen error [SSL: CERTIFICATE_VERIFY_FAILED] certificate verify failed: unabl
spotify:track:35p6mssMRYhqo1hFO0o6T9,Awake,Lena Raine,Celeste (Original Soundtrack),1206350,,,,,<urlopen error [SSL: CERTIFICATE_VERIFY_FAILED] certificate verify failed: unabl
spotify:track:78lgmZwycJ3nzsdgmPPGNx,Immigrant Song - Remaster,Led Zeppelin,Led Zeppelin III,1204551,,,,,<urlopen error [SSL: CERTIFICATE_VERIFY_FAILED] certificate verify failed: unabl
spotify:track:48svUiwMMYQRPyesVEnof1,Tabaco y Chanel,Bacilos,Bacilos,1204112,,,,,<urlopen error [SSL: CERTIFICATE_VERIFY_FAILED] certificate verify failed: unabl
spotify:track:4nRKMlLUK5sLa8lmuEA9iv,Suspicions,Larry Lovestein & The Velvet Revival,You,1204071,,,,,<urlopen error [SSL: CERTIFICATE_VERIFY_FAILED] certificate verify failed: unabl
spotify:track:63OYaVrz3LIarx3l2DxCKD,Chapter Ten,Kendrick Lamar,Section.80,1203889,,,,,<urlopen error [SSL: CERTIFICATE_VERIFY_FAILED] certificate verify failed: unabl
spotify:track:4gM814NneKElxn37F5Ht7G,Last Dance,Eve,Otogi,1202480,,,,,<urlopen error [SSL: CERTIFICATE_VERIFY_FAILED] certificate verify failed: unabl
spotify:track:2NNxBKINnW6YDvjOuiS97h,is this love?,User-177606669,user loves you <3,1201577,,,,,<urlopen error [SSL: CERTIFICATE_VERIFY_FAILED] certificate verify failed: unabl
spotify:track:1AZjCZSGEjlxUufFQwSszF,Wild Flower (with youjeen),RM,Indigo,1201528,,,,,<urlopen error [SSL: CERTIFICATE_VERIFY_FAILED] certificate verify failed: unabl
spotify:track:5Jl2i6LR3Socm4TYqRzZw3,Pirate King,ATEEZ,TREASURE EP.1 : All to Zero,1200638,,,,,<urlopen error [SSL: CERTIFICATE_VERIFY_FAILED] certificate verify failed: unabl
spotify:track:0z9xZhi7E8M6JDTL5AvqKh,Run - Japanese Ver.,BTS,Youth,1200317,,,,,<urlopen error [SSL: CERTIFICATE_VERIFY_FAILED] certificate verify failed: unabl
spotify:track:7jPCPDYoiaKeK7cgNGpIzq,Dope,BTS,The Most Beautiful Moment in Life Pt.1,1200100,,,,,<urlopen error [SSL: CERTIFICATE_VERIFY_FAILED] certificate verify failed: unabl
spotify:track:1IDMdoPWEjwdC7Bsv9FDVE,Sign,Liana Flores,Sign,1199921,,,,,<urlopen error [SSL: CERTIFICATE_VERIFY_FAILED] certificate verify failed: unabl
spotify:track:54YY9VsZn8sbwXht0VAKZB,Black Memories,The Growlers,Chinese Fountain,1199800,,,,,<urlopen error [SSL: CERTIFICATE_VERIFY_FAILED] certificate verify failed: unabl
spotify:track:6lEuFGrUqR9Yc6hSsHPnYP,"I Don't Want to Miss a Thing - From ""Armageddon"" Soundtrack",Aerosmith,I Don't Want To Miss A Thing EP,1199040,,,,,<urlopen error [SSL: CERTIFICATE_VERIFY_FAILED] certificate verify failed: unabl
spotify:track:0FXkPDHSVIIExwsj59Fh2g,Moss Park,Rare Americans,Rare Americans,1198891,,,,,<urlopen error [SSL: CERTIFICATE_VERIFY_FAILED] certificate verify failed: unabl
spotify:track:1VZUXXUGqIxePaMUXkabRn,Potholderz,MF DOOM,MM..FOOD,1198633,,,,,<urlopen error [SSL: CERTIFICATE_VERIFY_FAILED] certificate verify failed: unabl
spotify:track:18c1dI02Aip3nUh7xh9aSn,Hollywood!,XANAKIN SKYWOK,Hollywood!,1198343,,,,,<urlopen error [SSL: CERTIFICATE_VERIFY_FAILED] certificate verify failed: unabl
spotify:track:0XsbPGgj5bW41nhofkCMVx,Our World,CatDany,2084 EP,1197168,,,,,<urlopen error [SSL: CERTIFICATE_VERIFY_FAILED] certificate verify failed: unabl
spotify:track:2tjqgiScVM3VoZBYGPC2Dm,OBLIVIUS,The Strokes,Future Present Past,1196628,,,,,<urlopen error [SSL: CERTIFICATE_VERIFY_FAILED] certificate verify failed: unabl
spotify:track:430IfeGHWJxnZOkhBYACt9,District 9,Stray Kids,SKZ2020,1196173,,,,,<urlopen error [SSL: CERTIFICATE_VERIFY_FAILED] certificate verify failed: unabl
spotify:track:5CZ40GBx1sQ9agT82CLQCT,traitor,Olivia Rodrigo,SOUR,1195443,,,,,<urlopen error [SSL: CERTIFICATE_VERIFY_FAILED] certificate verify failed: unabl
spotify:track:0sTlGEld0h8kIPZaKDYUf4,Notion,The Rare Occasions,Notion,1195018,,,,,<urlopen error [SSL: CERTIFICATE_VERIFY_FAILED] certificate verify failed: unabl
spotify:track:0hPRWztAIbNkt6GcFcLiqF,Matte Black,$uicideboy$,"Sing Me a Lullaby, My Sweet Temptation",1193128,,,,,<urlopen error [SSL: CERTIFICATE_VERIFY_FAILED] certificate verify failed: unabl
spotify:track:6kpVRK3UG8C4dQ7r1sZfJi,perfect style !,User-177606669,"Despite Everything, It's Still User",1192299,,,,,<urlopen error [SSL: CERTIFICATE_VERIFY_FAILED] certificate verify failed: unabl
spotify:track:0fC23QgwF2sIM7hRTJhfov,DUSTCUTTER,Quadeca,SCRAPYARD,1191472,,,,,<urlopen error [SSL: CERTIFICATE_VERIFY_FAILED] certificate verify failed: unabl
spotify:track:6sqQU6gsVZd19w5vsix2QA,papercut,Liana Flores,recently,1189563,,,,,<urlopen error [SSL: CERTIFICATE_VERIFY_FAILED] certificate verify failed: unabl
spotify:track:5Q3jOxKmYk17hiSUlJTlCJ,In A Place Of Miracles,Andrew Samonsky,The Hunchback of Notre Dame (Studio Cast Recording),1188876,,,,,<urlopen error [SSL: CERTIFICATE_VERIFY_FAILED] certificate verify failed: unabl
spotify:track:5Pjg9XU50SLeDrMUpDjTk0,Topswing,DJ Mibor,Topswing,1187783,,,,,<urlopen error [SSL: CERTIFICATE_VERIFY_FAILED] certificate verify failed: unabl
spotify:track:1VZS61kwta2pHVTAXU9uU1,RUN (feat. Chaz Bundick & ScHoolboy Q),"Tyler, The Creator",Cherry Bomb + Instrumentals,1186369,,,,,<urlopen error [SSL: CERTIFICATE_VERIFY_FAILED] certificate verify failed: unabl
spotify:track:5E5I4rpBQeJehV2EtNqzrQ,A Thousand Days,Aerosmith,One More Time,1186155,,,,,<urlopen error [SSL: CERTIFICATE_VERIFY_FAILED] certificate verify failed: unabl
spotify:track:3PfE0RGeID7Vqs9DygY9RM,Ojalá Pudiera Borrarte,Maná,Amar es Combatir,1185972,,,,,<urlopen error [SSL: CERTIFICATE_VERIFY_FAILED] certificate verify failed: unabl
spotify:track:5BHe1qAd55dULvC5NGL4uT,Is There Anything Else?,Sara Kays,Is There Anything Else?,1184997,,,,,<urlopen error [SSL: CERTIFICATE_VERIFY_FAILED] certificate verify failed: unabl
spotify:track:4rD9WSFNt2LbhVcqZqa5rp,DEATHCAMP - Instrumental,"Tyler, The Creator",Cherry Bomb + Instrumentals,1184955,,,,,<urlopen error [SSL: CERTIFICATE_VERIFY_FAILED] certificate verify failed: unabl
spotify:track:04sN26COy28wTXYj3dMoiZ,Bored,Billie Eilish,Bored,1184216,,,,,<urlopen error [SSL: CERTIFICATE_VERIFY_FAILED] certificate verify failed: unabl
spotify:track:0Ss5WWxG0B6aWrEel2jrGH,Hotaruno Hikari,Anime Project,Anison Box Vol.7,1183363,,,,,<urlopen error [SSL: CERTIFICATE_VERIFY_FAILED] certificate verify failed: unabl
spotify:track:7lIr3vVhpDkU5mQEDcnA0S,Intro,Kanye West,The College Dropout,1182092,,,,,<urlopen error [SSL: CERTIFICATE_VERIFY_FAILED] certificate verify failed: unabl
spotify:track:6ZLt6fyonW1xOGMBC9vJPJ,How To Never Stop Being Sad,dandelion hands,It's All In Your Head,1181479,,,,,<urlopen error [SSL: CERTIFICATE_VERIFY_FAILED] certificate verify failed: unabl
spotify:track:425mJO91gIMWMwEIDCCs1H,BLESSED,"Tyler, The Creator",CALL ME IF YOU GET LOST: The Estate Sale,1180401,,,,,<urlopen error [SSL: CERTIFICATE_VERIFY_FAILED] certificate verify failed: unabl
spotify:track:0mV9YYqyxupulmgdWUT1bV,Burfi,Samsa,Burfi,1180305,,,,,<urlopen error [SSL: CERTIFICATE_VERIFY_FAILED] certificate verify failed: unabl
spotify:track:6nqSjMGbZ3ceUO146Xh1Q8,Black Diamond (Remastered 2016) [Visions of Destiny] [Live],Stratovarius,Destiny (Reissue 2016),1177276,,,,,<urlopen error [SSL: CERTIFICATE_VERIFY_FAILED] certificate verify failed: unabl
spotify:track:2dR5WkrpwylTuT3jRWNufa,Fly Me To The Moon,Frank Sinatra,Ultimate Sinatra,1175980,,,,,<urlopen error [SSL: CERTIFICATE_VERIFY_FAILED] certificate verify failed: unabl
spotify:track:6FNYKnVrG1u0IaMvVcUcMU,"Wait for Me (""Hey, the big artiste..."") [Intro]",André De Shields,Hadestown (Original Broadway Cast Recording),1175106,,,,,<urlopen error [SSL: CERTIFICATE_VERIFY_FAILED] certificate verify failed: unabl
spotify:track:4HJc004qYXE9zsG6PfTFFj,bedroom community,glass beach,the first glass beach album,1173672,,,,,<urlopen error [SSL: CERTIFICATE_VERIFY_FAILED] certificate verify failed: unabl
spotify:track:5DZwnLxHjWTZaz9jOpRhxb,Weak,AJR,The Click,1173503,,,,,<urlopen error [SSL: CERTIFICATE_VERIFY_FAILED] certificate verify failed: unabl
spotify:track:58QhYiVhXuCcxDZax1ZtWJ,No Nut November,Matt Watson,No Nut November,1173195,,,,,<urlopen error [SSL: CERTIFICATE_VERIFY_FAILED] certificate verify failed: unabl
spotify:track:4UQMOPSUVJVicIQzjAcRRZ,Champion,Kanye West,Graduation,1173001,,,,,<urlopen error [SSL: CERTIFICATE_VERIFY_FAILED] certificate verify failed: unabl
spotify:track:3sKKyt8RryZTi8HZD0Qqu4,Fare Thee Well O Noble Timepiece,Domo 759,Fare Thee Well O Noble Timepiece,1172514,,,,,<urlopen error [SSL: CERTIFICATE_VERIFY_FAILED] certificate verify failed: unabl
spotify:track:4A4EI3YNaHhDiAgpQlCZkk,Kiss U Right Now,Duckwrth,SuperGood,1171766,,,,,<urlopen error [SSL: CERTIFICATE_VERIFY_FAILED] certificate verify failed: unabl
spotify:track:6zvZfv1uoIAoJOQj521RNM,Whispering White Calm,Historic Site,Whispering White Calm,1170772,,,,,<urlopen error [SSL: CERTIFICATE_VERIFY_FAILED] certificate verify failed: unabl
spotify:track:0tTotZHPsxyjW3jqNJ1td2,Gone,TWICE,BETWEEN 1&2,1170000,,,,,<urlopen error [SSL: CERTIFICATE_VERIFY_FAILED] certificate verify failed: unabl
spotify:track:4mlqHOqOXja92BT4M51lkj,I Like You,dandelion hands,It's All In Your Head,1169882,,,,,<urlopen error [SSL: CERTIFICATE_VERIFY_FAILED] certificate verify failed: unabl
spotify:track:5iF33sXejXwfTuidVHMll0,Canción Bonita,Carlos Vives,Canción Bonita,1169107,,,,,<urlopen error [SSL: CERTIFICATE_VERIFY_FAILED] certificate verify failed: unabl
